# Concept only; Malakhovka, Chaikovskogo 1; 2026-09-16
# Units: metres. Y up. Not surveyed or approved.
mtllib malakhovka_concept.mtl
g level_0_landscape_conditional_plot_3390m2
usemtl soil
v -30.0000 -0.5000 -25.0000
v -30.0000 -0.5000 31.5000
v 30.0000 -0.5000 31.5000
v 30.0000 -0.5000 -25.0000
f 1 2 3 4
v -30.0000 -0.1500 -25.0000
v 30.0000 -0.1500 -25.0000
v 30.0000 -0.1500 31.5000
v -30.0000 -0.1500 31.5000
f 5 6 7 8
v -30.0000 -0.5000 -25.0000
v 30.0000 -0.5000 -25.0000
v 30.0000 -0.1500 -25.0000
v -30.0000 -0.1500 -25.0000
f 9 10 11 12
v 30.0000 -0.5000 -25.0000
v 30.0000 -0.5000 31.5000
v 30.0000 -0.1500 31.5000
v 30.0000 -0.1500 -25.0000
f 13 14 15 16
v 30.0000 -0.5000 31.5000
v -30.0000 -0.5000 31.5000
v -30.0000 -0.1500 31.5000
v 30.0000 -0.1500 31.5000
f 17 18 19 20
v -30.0000 -0.5000 31.5000
v -30.0000 -0.5000 -25.0000
v -30.0000 -0.1500 -25.0000
v -30.0000 -0.1500 31.5000
f 21 22 23 24
g level_0_landscape_lawn
usemtl grass
v -30.0000 -0.1500 -25.0000
v -30.0000 -0.1500 31.5000
v 30.0000 -0.1500 31.5000
v 30.0000 -0.1500 -25.0000
f 25 26 27 28
v -30.0000 -0.0500 -25.0000
v 30.0000 -0.0500 -25.0000
v 30.0000 -0.0500 31.5000
v -30.0000 -0.0500 31.5000
f 29 30 31 32
v -30.0000 -0.1500 -25.0000
v 30.0000 -0.1500 -25.0000
v 30.0000 -0.0500 -25.0000
v -30.0000 -0.0500 -25.0000
f 33 34 35 36
v 30.0000 -0.1500 -25.0000
v 30.0000 -0.1500 31.5000
v 30.0000 -0.0500 31.5000
v 30.0000 -0.0500 -25.0000
f 37 38 39 40
v 30.0000 -0.1500 31.5000
v -30.0000 -0.1500 31.5000
v -30.0000 -0.0500 31.5000
v 30.0000 -0.0500 31.5000
f 41 42 43 44
v -30.0000 -0.1500 31.5000
v -30.0000 -0.1500 -25.0000
v -30.0000 -0.0500 -25.0000
v -30.0000 -0.0500 31.5000
f 45 46 47 48
g level_0_landscape_perimeter_paving
usemtl path
v -21.0000 -0.0200 -17.0000
v -21.0000 -0.0200 18.0000
v 21.0000 -0.0200 18.0000
v 21.0000 -0.0200 -17.0000
f 49 50 51 52
v -21.0000 0.0400 -17.0000
v 21.0000 0.0400 -17.0000
v 21.0000 0.0400 18.0000
v -21.0000 0.0400 18.0000
f 53 54 55 56
v -21.0000 -0.0200 -17.0000
v 21.0000 -0.0200 -17.0000
v 21.0000 0.0400 -17.0000
v -21.0000 0.0400 -17.0000
f 57 58 59 60
v 21.0000 -0.0200 -17.0000
v 21.0000 -0.0200 18.0000
v 21.0000 0.0400 18.0000
v 21.0000 0.0400 -17.0000
f 61 62 63 64
v 21.0000 -0.0200 18.0000
v -21.0000 -0.0200 18.0000
v -21.0000 0.0400 18.0000
v 21.0000 0.0400 18.0000
f 65 66 67 68
v -21.0000 -0.0200 18.0000
v -21.0000 -0.0200 -17.0000
v -21.0000 0.0400 -17.0000
v -21.0000 0.0400 18.0000
f 69 70 71 72
g level_0_landscape_courtyard_lawn
usemtl grass
v -8.1000 0.0450 -12.4000
v -8.1000 0.0450 1.4000
v 8.1000 0.0450 1.4000
v 8.1000 0.0450 -12.4000
f 73 74 75 76
v -8.1000 0.0700 -12.4000
v 8.1000 0.0700 -12.4000
v 8.1000 0.0700 1.4000
v -8.1000 0.0700 1.4000
f 77 78 79 80
v -8.1000 0.0450 -12.4000
v 8.1000 0.0450 -12.4000
v 8.1000 0.0700 -12.4000
v -8.1000 0.0700 -12.4000
f 81 82 83 84
v 8.1000 0.0450 -12.4000
v 8.1000 0.0450 1.4000
v 8.1000 0.0700 1.4000
v 8.1000 0.0700 -12.4000
f 85 86 87 88
v 8.1000 0.0450 1.4000
v -8.1000 0.0450 1.4000
v -8.1000 0.0700 1.4000
v 8.1000 0.0700 1.4000
f 89 90 91 92
v -8.1000 0.0450 1.4000
v -8.1000 0.0450 -12.4000
v -8.1000 0.0700 -12.4000
v -8.1000 0.0700 1.4000
f 93 94 95 96
g level_0_landscape_courtyard_path
usemtl path
v -2.0000 0.0800 -12.5000
v -2.0000 0.0800 2.5000
v 2.0000 0.0800 2.5000
v 2.0000 0.0800 -12.5000
f 97 98 99 100
v -2.0000 0.1200 -12.5000
v 2.0000 0.1200 -12.5000
v 2.0000 0.1200 2.5000
v -2.0000 0.1200 2.5000
f 101 102 103 104
v -2.0000 0.0800 -12.5000
v 2.0000 0.0800 -12.5000
v 2.0000 0.1200 -12.5000
v -2.0000 0.1200 -12.5000
f 105 106 107 108
v 2.0000 0.0800 -12.5000
v 2.0000 0.0800 2.5000
v 2.0000 0.1200 2.5000
v 2.0000 0.1200 -12.5000
f 109 110 111 112
v 2.0000 0.0800 2.5000
v -2.0000 0.0800 2.5000
v -2.0000 0.1200 2.5000
v 2.0000 0.1200 2.5000
f 113 114 115 116
v -2.0000 0.0800 2.5000
v -2.0000 0.0800 -12.5000
v -2.0000 0.1200 -12.5000
v -2.0000 0.1200 2.5000
f 117 118 119 120
g level_0_landscape_walk
v -21.2000 0.0800 -15.5000
v -21.2000 0.0800 19.5000
v -19.1000 0.0800 19.5000
v -19.1000 0.0800 -15.5000
f 121 122 123 124
v -21.2000 0.1300 -15.5000
v -19.1000 0.1300 -15.5000
v -19.1000 0.1300 19.5000
v -21.2000 0.1300 19.5000
f 125 126 127 128
v -21.2000 0.0800 -15.5000
v -19.1000 0.0800 -15.5000
v -19.1000 0.1300 -15.5000
v -21.2000 0.1300 -15.5000
f 129 130 131 132
v -19.1000 0.0800 -15.5000
v -19.1000 0.0800 19.5000
v -19.1000 0.1300 19.5000
v -19.1000 0.1300 -15.5000
f 133 134 135 136
v -19.1000 0.0800 19.5000
v -21.2000 0.0800 19.5000
v -21.2000 0.1300 19.5000
v -19.1000 0.1300 19.5000
f 137 138 139 140
v -21.2000 0.0800 19.5000
v -21.2000 0.0800 -15.5000
v -21.2000 0.1300 -15.5000
v -21.2000 0.1300 19.5000
f 141 142 143 144
v 19.1000 0.0800 -15.5000
v 19.1000 0.0800 19.5000
v 21.2000 0.0800 19.5000
v 21.2000 0.0800 -15.5000
f 145 146 147 148
v 19.1000 0.1300 -15.5000
v 21.2000 0.1300 -15.5000
v 21.2000 0.1300 19.5000
v 19.1000 0.1300 19.5000
f 149 150 151 152
v 19.1000 0.0800 -15.5000
v 21.2000 0.0800 -15.5000
v 21.2000 0.1300 -15.5000
v 19.1000 0.1300 -15.5000
f 153 154 155 156
v 21.2000 0.0800 -15.5000
v 21.2000 0.0800 19.5000
v 21.2000 0.1300 19.5000
v 21.2000 0.1300 -15.5000
f 157 158 159 160
v 21.2000 0.0800 19.5000
v 19.1000 0.0800 19.5000
v 19.1000 0.1300 19.5000
v 21.2000 0.1300 19.5000
f 161 162 163 164
v 19.1000 0.0800 19.5000
v 19.1000 0.0800 -15.5000
v 19.1000 0.1300 -15.5000
v 19.1000 0.1300 19.5000
f 165 166 167 168
v -21.0000 0.0800 18.4000
v -21.0000 0.0800 20.5000
v 21.0000 0.0800 20.5000
v 21.0000 0.0800 18.4000
f 169 170 171 172
v -21.0000 0.1300 18.4000
v 21.0000 0.1300 18.4000
v 21.0000 0.1300 20.5000
v -21.0000 0.1300 20.5000
f 173 174 175 176
v -21.0000 0.0800 18.4000
v 21.0000 0.0800 18.4000
v 21.0000 0.1300 18.4000
v -21.0000 0.1300 18.4000
f 177 178 179 180
v 21.0000 0.0800 18.4000
v 21.0000 0.0800 20.5000
v 21.0000 0.1300 20.5000
v 21.0000 0.1300 18.4000
f 181 182 183 184
v 21.0000 0.0800 20.5000
v -21.0000 0.0800 20.5000
v -21.0000 0.1300 20.5000
v 21.0000 0.1300 20.5000
f 185 186 187 188
v -21.0000 0.0800 20.5000
v -21.0000 0.0800 18.4000
v -21.0000 0.1300 18.4000
v -21.0000 0.1300 20.5000
f 189 190 191 192
g level_0_landscape_arrival
v -6.0000 0.0800 20.0000
v -6.0000 0.0800 27.0000
v 6.0000 0.0800 27.0000
v 6.0000 0.0800 20.0000
f 193 194 195 196
v -6.0000 0.1200 20.0000
v 6.0000 0.1200 20.0000
v 6.0000 0.1200 27.0000
v -6.0000 0.1200 27.0000
f 197 198 199 200
v -6.0000 0.0800 20.0000
v 6.0000 0.0800 20.0000
v 6.0000 0.1200 20.0000
v -6.0000 0.1200 20.0000
f 201 202 203 204
v 6.0000 0.0800 20.0000
v 6.0000 0.0800 27.0000
v 6.0000 0.1200 27.0000
v 6.0000 0.1200 20.0000
f 205 206 207 208
v 6.0000 0.0800 27.0000
v -6.0000 0.0800 27.0000
v -6.0000 0.1200 27.0000
v 6.0000 0.1200 27.0000
f 209 210 211 212
v -6.0000 0.0800 27.0000
v -6.0000 0.0800 20.0000
v -6.0000 0.1200 20.0000
v -6.0000 0.1200 27.0000
f 213 214 215 216
g level_1_slab_floor_1_slab
usemtl base
v -16.7950 0.3200 2.5500
v -16.7950 0.3200 12.7450
v 16.7950 0.3200 12.7450
v 16.7950 0.3200 2.5500
f 217 218 219 220
v -16.7950 0.5000 2.5500
v 16.7950 0.5000 2.5500
v 16.7950 0.5000 12.7450
v -16.7950 0.5000 12.7450
f 221 222 223 224
v -16.7950 0.3200 2.5500
v 16.7950 0.3200 2.5500
v 16.7950 0.5000 2.5500
v -16.7950 0.5000 2.5500
f 225 226 227 228
v 16.7950 0.3200 2.5500
v 16.7950 0.3200 12.7450
v 16.7950 0.5000 12.7450
v 16.7950 0.5000 2.5500
f 229 230 231 232
v 16.7950 0.3200 12.7450
v -16.7950 0.3200 12.7450
v -16.7950 0.5000 12.7450
v 16.7950 0.5000 12.7450
f 233 234 235 236
v -16.7950 0.3200 12.7450
v -16.7950 0.3200 2.5500
v -16.7950 0.5000 2.5500
v -16.7950 0.5000 12.7450
f 237 238 239 240
g level_1_shell_floor_1_mass
usemtl facade
v -16.7950 0.5000 2.5500
v -16.7950 0.5000 12.7450
v 16.7950 0.5000 12.7450
v 16.7950 0.5000 2.5500
f 241 242 243 244
v -16.7950 4.1000 2.5500
v 16.7950 4.1000 2.5500
v 16.7950 4.1000 12.7450
v -16.7950 4.1000 12.7450
f 245 246 247 248
v -16.7950 0.5000 2.5500
v 16.7950 0.5000 2.5500
v 16.7950 4.1000 2.5500
v -16.7950 4.1000 2.5500
f 249 250 251 252
v 16.7950 0.5000 2.5500
v 16.7950 0.5000 12.7450
v 16.7950 4.1000 12.7450
v 16.7950 4.1000 2.5500
f 253 254 255 256
v 16.7950 0.5000 12.7450
v -16.7950 0.5000 12.7450
v -16.7950 4.1000 12.7450
v 16.7950 4.1000 12.7450
f 257 258 259 260
v -16.7950 0.5000 12.7450
v -16.7950 0.5000 2.5500
v -16.7950 4.1000 2.5500
v -16.7950 4.1000 12.7450
f 261 262 263 264
g level_1_slab_floor_1_slab
usemtl base
v -16.7950 0.3200 -12.7450
v -16.7950 0.3200 2.5500
v -8.6450 0.3200 2.5500
v -8.6450 0.3200 -12.7450
f 265 266 267 268
v -16.7950 0.5000 -12.7450
v -8.6450 0.5000 -12.7450
v -8.6450 0.5000 2.5500
v -16.7950 0.5000 2.5500
f 269 270 271 272
v -16.7950 0.3200 -12.7450
v -8.6450 0.3200 -12.7450
v -8.6450 0.5000 -12.7450
v -16.7950 0.5000 -12.7450
f 273 274 275 276
v -8.6450 0.3200 -12.7450
v -8.6450 0.3200 2.5500
v -8.6450 0.5000 2.5500
v -8.6450 0.5000 -12.7450
f 277 278 279 280
v -8.6450 0.3200 2.5500
v -16.7950 0.3200 2.5500
v -16.7950 0.5000 2.5500
v -8.6450 0.5000 2.5500
f 281 282 283 284
v -16.7950 0.3200 2.5500
v -16.7950 0.3200 -12.7450
v -16.7950 0.5000 -12.7450
v -16.7950 0.5000 2.5500
f 285 286 287 288
g level_1_shell_floor_1_mass
usemtl facade
v -16.7950 0.5000 -12.7450
v -16.7950 0.5000 2.5500
v -8.6450 0.5000 2.5500
v -8.6450 0.5000 -12.7450
f 289 290 291 292
v -16.7950 4.1000 -12.7450
v -8.6450 4.1000 -12.7450
v -8.6450 4.1000 2.5500
v -16.7950 4.1000 2.5500
f 293 294 295 296
v -16.7950 0.5000 -12.7450
v -8.6450 0.5000 -12.7450
v -8.6450 4.1000 -12.7450
v -16.7950 4.1000 -12.7450
f 297 298 299 300
v -8.6450 0.5000 -12.7450
v -8.6450 0.5000 2.5500
v -8.6450 4.1000 2.5500
v -8.6450 4.1000 -12.7450
f 301 302 303 304
v -8.6450 0.5000 2.5500
v -16.7950 0.5000 2.5500
v -16.7950 4.1000 2.5500
v -8.6450 4.1000 2.5500
f 305 306 307 308
v -16.7950 0.5000 2.5500
v -16.7950 0.5000 -12.7450
v -16.7950 4.1000 -12.7450
v -16.7950 4.1000 2.5500
f 309 310 311 312
g level_1_slab_floor_1_slab
usemtl base
v 8.6450 0.3200 -12.7450
v 8.6450 0.3200 2.5500
v 16.7950 0.3200 2.5500
v 16.7950 0.3200 -12.7450
f 313 314 315 316
v 8.6450 0.5000 -12.7450
v 16.7950 0.5000 -12.7450
v 16.7950 0.5000 2.5500
v 8.6450 0.5000 2.5500
f 317 318 319 320
v 8.6450 0.3200 -12.7450
v 16.7950 0.3200 -12.7450
v 16.7950 0.5000 -12.7450
v 8.6450 0.5000 -12.7450
f 321 322 323 324
v 16.7950 0.3200 -12.7450
v 16.7950 0.3200 2.5500
v 16.7950 0.5000 2.5500
v 16.7950 0.5000 -12.7450
f 325 326 327 328
v 16.7950 0.3200 2.5500
v 8.6450 0.3200 2.5500
v 8.6450 0.5000 2.5500
v 16.7950 0.5000 2.5500
f 329 330 331 332
v 8.6450 0.3200 2.5500
v 8.6450 0.3200 -12.7450
v 8.6450 0.5000 -12.7450
v 8.6450 0.5000 2.5500
f 333 334 335 336
g level_1_shell_floor_1_mass
usemtl facade
v 8.6450 0.5000 -12.7450
v 8.6450 0.5000 2.5500
v 16.7950 0.5000 2.5500
v 16.7950 0.5000 -12.7450
f 337 338 339 340
v 8.6450 4.1000 -12.7450
v 16.7950 4.1000 -12.7450
v 16.7950 4.1000 2.5500
v 8.6450 4.1000 2.5500
f 341 342 343 344
v 8.6450 0.5000 -12.7450
v 16.7950 0.5000 -12.7450
v 16.7950 4.1000 -12.7450
v 8.6450 4.1000 -12.7450
f 345 346 347 348
v 16.7950 0.5000 -12.7450
v 16.7950 0.5000 2.5500
v 16.7950 4.1000 2.5500
v 16.7950 4.1000 -12.7450
f 349 350 351 352
v 16.7950 0.5000 2.5500
v 8.6450 0.5000 2.5500
v 8.6450 4.1000 2.5500
v 16.7950 4.1000 2.5500
f 353 354 355 356
v 8.6450 0.5000 2.5500
v 8.6450 0.5000 -12.7450
v 8.6450 4.1000 -12.7450
v 8.6450 4.1000 2.5500
f 357 358 359 360
g level_2_slab_floor_2_slab
usemtl base
v -16.7950 3.9200 2.5500
v -16.7950 3.9200 12.7450
v 16.7950 3.9200 12.7450
v 16.7950 3.9200 2.5500
f 361 362 363 364
v -16.7950 4.1000 2.5500
v 16.7950 4.1000 2.5500
v 16.7950 4.1000 12.7450
v -16.7950 4.1000 12.7450
f 365 366 367 368
v -16.7950 3.9200 2.5500
v 16.7950 3.9200 2.5500
v 16.7950 4.1000 2.5500
v -16.7950 4.1000 2.5500
f 369 370 371 372
v 16.7950 3.9200 2.5500
v 16.7950 3.9200 12.7450
v 16.7950 4.1000 12.7450
v 16.7950 4.1000 2.5500
f 373 374 375 376
v 16.7950 3.9200 12.7450
v -16.7950 3.9200 12.7450
v -16.7950 4.1000 12.7450
v 16.7950 4.1000 12.7450
f 377 378 379 380
v -16.7950 3.9200 12.7450
v -16.7950 3.9200 2.5500
v -16.7950 4.1000 2.5500
v -16.7950 4.1000 12.7450
f 381 382 383 384
g level_2_shell_floor_2_mass
usemtl facade
v -16.7950 4.1000 2.5500
v -16.7950 4.1000 12.7450
v 16.7950 4.1000 12.7450
v 16.7950 4.1000 2.5500
f 385 386 387 388
v -16.7950 7.7000 2.5500
v 16.7950 7.7000 2.5500
v 16.7950 7.7000 12.7450
v -16.7950 7.7000 12.7450
f 389 390 391 392
v -16.7950 4.1000 2.5500
v 16.7950 4.1000 2.5500
v 16.7950 7.7000 2.5500
v -16.7950 7.7000 2.5500
f 393 394 395 396
v 16.7950 4.1000 2.5500
v 16.7950 4.1000 12.7450
v 16.7950 7.7000 12.7450
v 16.7950 7.7000 2.5500
f 397 398 399 400
v 16.7950 4.1000 12.7450
v -16.7950 4.1000 12.7450
v -16.7950 7.7000 12.7450
v 16.7950 7.7000 12.7450
f 401 402 403 404
v -16.7950 4.1000 12.7450
v -16.7950 4.1000 2.5500
v -16.7950 7.7000 2.5500
v -16.7950 7.7000 12.7450
f 405 406 407 408
g level_2_slab_floor_2_slab
usemtl base
v -16.7950 3.9200 -12.7450
v -16.7950 3.9200 2.5500
v -8.6450 3.9200 2.5500
v -8.6450 3.9200 -12.7450
f 409 410 411 412
v -16.7950 4.1000 -12.7450
v -8.6450 4.1000 -12.7450
v -8.6450 4.1000 2.5500
v -16.7950 4.1000 2.5500
f 413 414 415 416
v -16.7950 3.9200 -12.7450
v -8.6450 3.9200 -12.7450
v -8.6450 4.1000 -12.7450
v -16.7950 4.1000 -12.7450
f 417 418 419 420
v -8.6450 3.9200 -12.7450
v -8.6450 3.9200 2.5500
v -8.6450 4.1000 2.5500
v -8.6450 4.1000 -12.7450
f 421 422 423 424
v -8.6450 3.9200 2.5500
v -16.7950 3.9200 2.5500
v -16.7950 4.1000 2.5500
v -8.6450 4.1000 2.5500
f 425 426 427 428
v -16.7950 3.9200 2.5500
v -16.7950 3.9200 -12.7450
v -16.7950 4.1000 -12.7450
v -16.7950 4.1000 2.5500
f 429 430 431 432
g level_2_shell_floor_2_mass
usemtl facade
v -16.7950 4.1000 -12.7450
v -16.7950 4.1000 2.5500
v -8.6450 4.1000 2.5500
v -8.6450 4.1000 -12.7450
f 433 434 435 436
v -16.7950 7.7000 -12.7450
v -8.6450 7.7000 -12.7450
v -8.6450 7.7000 2.5500
v -16.7950 7.7000 2.5500
f 437 438 439 440
v -16.7950 4.1000 -12.7450
v -8.6450 4.1000 -12.7450
v -8.6450 7.7000 -12.7450
v -16.7950 7.7000 -12.7450
f 441 442 443 444
v -8.6450 4.1000 -12.7450
v -8.6450 4.1000 2.5500
v -8.6450 7.7000 2.5500
v -8.6450 7.7000 -12.7450
f 445 446 447 448
v -8.6450 4.1000 2.5500
v -16.7950 4.1000 2.5500
v -16.7950 7.7000 2.5500
v -8.6450 7.7000 2.5500
f 449 450 451 452
v -16.7950 4.1000 2.5500
v -16.7950 4.1000 -12.7450
v -16.7950 7.7000 -12.7450
v -16.7950 7.7000 2.5500
f 453 454 455 456
g level_2_slab_floor_2_slab
usemtl base
v 8.6450 3.9200 -12.7450
v 8.6450 3.9200 2.5500
v 16.7950 3.9200 2.5500
v 16.7950 3.9200 -12.7450
f 457 458 459 460
v 8.6450 4.1000 -12.7450
v 16.7950 4.1000 -12.7450
v 16.7950 4.1000 2.5500
v 8.6450 4.1000 2.5500
f 461 462 463 464
v 8.6450 3.9200 -12.7450
v 16.7950 3.9200 -12.7450
v 16.7950 4.1000 -12.7450
v 8.6450 4.1000 -12.7450
f 465 466 467 468
v 16.7950 3.9200 -12.7450
v 16.7950 3.9200 2.5500
v 16.7950 4.1000 2.5500
v 16.7950 4.1000 -12.7450
f 469 470 471 472
v 16.7950 3.9200 2.5500
v 8.6450 3.9200 2.5500
v 8.6450 4.1000 2.5500
v 16.7950 4.1000 2.5500
f 473 474 475 476
v 8.6450 3.9200 2.5500
v 8.6450 3.9200 -12.7450
v 8.6450 4.1000 -12.7450
v 8.6450 4.1000 2.5500
f 477 478 479 480
g level_2_shell_floor_2_mass
usemtl facade
v 8.6450 4.1000 -12.7450
v 8.6450 4.1000 2.5500
v 16.7950 4.1000 2.5500
v 16.7950 4.1000 -12.7450
f 481 482 483 484
v 8.6450 7.7000 -12.7450
v 16.7950 7.7000 -12.7450
v 16.7950 7.7000 2.5500
v 8.6450 7.7000 2.5500
f 485 486 487 488
v 8.6450 4.1000 -12.7450
v 16.7950 4.1000 -12.7450
v 16.7950 7.7000 -12.7450
v 8.6450 7.7000 -12.7450
f 489 490 491 492
v 16.7950 4.1000 -12.7450
v 16.7950 4.1000 2.5500
v 16.7950 7.7000 2.5500
v 16.7950 7.7000 -12.7450
f 493 494 495 496
v 16.7950 4.1000 2.5500
v 8.6450 4.1000 2.5500
v 8.6450 7.7000 2.5500
v 16.7950 7.7000 2.5500
f 497 498 499 500
v 8.6450 4.1000 2.5500
v 8.6450 4.1000 -12.7450
v 8.6450 7.7000 -12.7450
v 8.6450 7.7000 2.5500
f 501 502 503 504
g level_3_slab_floor_3_slab
usemtl base
v -16.7950 7.5200 2.5500
v -16.7950 7.5200 12.7450
v 16.7950 7.5200 12.7450
v 16.7950 7.5200 2.5500
f 505 506 507 508
v -16.7950 7.7000 2.5500
v 16.7950 7.7000 2.5500
v 16.7950 7.7000 12.7450
v -16.7950 7.7000 12.7450
f 509 510 511 512
v -16.7950 7.5200 2.5500
v 16.7950 7.5200 2.5500
v 16.7950 7.7000 2.5500
v -16.7950 7.7000 2.5500
f 513 514 515 516
v 16.7950 7.5200 2.5500
v 16.7950 7.5200 12.7450
v 16.7950 7.7000 12.7450
v 16.7950 7.7000 2.5500
f 517 518 519 520
v 16.7950 7.5200 12.7450
v -16.7950 7.5200 12.7450
v -16.7950 7.7000 12.7450
v 16.7950 7.7000 12.7450
f 521 522 523 524
v -16.7950 7.5200 12.7450
v -16.7950 7.5200 2.5500
v -16.7950 7.7000 2.5500
v -16.7950 7.7000 12.7450
f 525 526 527 528
g level_3_shell_floor_3_mass
usemtl facade
v -16.7950 7.7000 2.5500
v -16.7950 7.7000 12.7450
v 16.7950 7.7000 12.7450
v 16.7950 7.7000 2.5500
f 529 530 531 532
v -16.7950 8.3500 2.5500
v 16.7950 8.3500 2.5500
v 16.7950 8.3500 12.7450
v -16.7950 8.3500 12.7450
f 533 534 535 536
v -16.7950 7.7000 2.5500
v 16.7950 7.7000 2.5500
v 16.7950 8.3500 2.5500
v -16.7950 8.3500 2.5500
f 537 538 539 540
v 16.7950 7.7000 2.5500
v 16.7950 7.7000 12.7450
v 16.7950 8.3500 12.7450
v 16.7950 8.3500 2.5500
f 541 542 543 544
v 16.7950 7.7000 12.7450
v -16.7950 7.7000 12.7450
v -16.7950 8.3500 12.7450
v 16.7950 8.3500 12.7450
f 545 546 547 548
v -16.7950 7.7000 12.7450
v -16.7950 7.7000 2.5500
v -16.7950 8.3500 2.5500
v -16.7950 8.3500 12.7450
f 549 550 551 552
g level_3_slab_floor_3_slab
usemtl base
v -16.7950 7.5200 -12.7450
v -16.7950 7.5200 2.5500
v -8.6450 7.5200 2.5500
v -8.6450 7.5200 -12.7450
f 553 554 555 556
v -16.7950 7.7000 -12.7450
v -8.6450 7.7000 -12.7450
v -8.6450 7.7000 2.5500
v -16.7950 7.7000 2.5500
f 557 558 559 560
v -16.7950 7.5200 -12.7450
v -8.6450 7.5200 -12.7450
v -8.6450 7.7000 -12.7450
v -16.7950 7.7000 -12.7450
f 561 562 563 564
v -8.6450 7.5200 -12.7450
v -8.6450 7.5200 2.5500
v -8.6450 7.7000 2.5500
v -8.6450 7.7000 -12.7450
f 565 566 567 568
v -8.6450 7.5200 2.5500
v -16.7950 7.5200 2.5500
v -16.7950 7.7000 2.5500
v -8.6450 7.7000 2.5500
f 569 570 571 572
v -16.7950 7.5200 2.5500
v -16.7950 7.5200 -12.7450
v -16.7950 7.7000 -12.7450
v -16.7950 7.7000 2.5500
f 573 574 575 576
g level_3_shell_floor_3_mass
usemtl facade
v -16.7950 7.7000 -12.7450
v -16.7950 7.7000 2.5500
v -8.6450 7.7000 2.5500
v -8.6450 7.7000 -12.7450
f 577 578 579 580
v -16.7950 8.3500 -12.7450
v -8.6450 8.3500 -12.7450
v -8.6450 8.3500 2.5500
v -16.7950 8.3500 2.5500
f 581 582 583 584
v -16.7950 7.7000 -12.7450
v -8.6450 7.7000 -12.7450
v -8.6450 8.3500 -12.7450
v -16.7950 8.3500 -12.7450
f 585 586 587 588
v -8.6450 7.7000 -12.7450
v -8.6450 7.7000 2.5500
v -8.6450 8.3500 2.5500
v -8.6450 8.3500 -12.7450
f 589 590 591 592
v -8.6450 7.7000 2.5500
v -16.7950 7.7000 2.5500
v -16.7950 8.3500 2.5500
v -8.6450 8.3500 2.5500
f 593 594 595 596
v -16.7950 7.7000 2.5500
v -16.7950 7.7000 -12.7450
v -16.7950 8.3500 -12.7450
v -16.7950 8.3500 2.5500
f 597 598 599 600
g level_3_slab_floor_3_slab
usemtl base
v 8.6450 7.5200 -12.7450
v 8.6450 7.5200 2.5500
v 16.7950 7.5200 2.5500
v 16.7950 7.5200 -12.7450
f 601 602 603 604
v 8.6450 7.7000 -12.7450
v 16.7950 7.7000 -12.7450
v 16.7950 7.7000 2.5500
v 8.6450 7.7000 2.5500
f 605 606 607 608
v 8.6450 7.5200 -12.7450
v 16.7950 7.5200 -12.7450
v 16.7950 7.7000 -12.7450
v 8.6450 7.7000 -12.7450
f 609 610 611 612
v 16.7950 7.5200 -12.7450
v 16.7950 7.5200 2.5500
v 16.7950 7.7000 2.5500
v 16.7950 7.7000 -12.7450
f 613 614 615 616
v 16.7950 7.5200 2.5500
v 8.6450 7.5200 2.5500
v 8.6450 7.7000 2.5500
v 16.7950 7.7000 2.5500
f 617 618 619 620
v 8.6450 7.5200 2.5500
v 8.6450 7.5200 -12.7450
v 8.6450 7.7000 -12.7450
v 8.6450 7.7000 2.5500
f 621 622 623 624
g level_3_shell_floor_3_mass
usemtl facade
v 8.6450 7.7000 -12.7450
v 8.6450 7.7000 2.5500
v 16.7950 7.7000 2.5500
v 16.7950 7.7000 -12.7450
f 625 626 627 628
v 8.6450 8.3500 -12.7450
v 16.7950 8.3500 -12.7450
v 16.7950 8.3500 2.5500
v 8.6450 8.3500 2.5500
f 629 630 631 632
v 8.6450 7.7000 -12.7450
v 16.7950 7.7000 -12.7450
v 16.7950 8.3500 -12.7450
v 8.6450 8.3500 -12.7450
f 633 634 635 636
v 16.7950 7.7000 -12.7450
v 16.7950 7.7000 2.5500
v 16.7950 8.3500 2.5500
v 16.7950 8.3500 -12.7450
f 637 638 639 640
v 16.7950 7.7000 2.5500
v 8.6450 7.7000 2.5500
v 8.6450 8.3500 2.5500
v 16.7950 8.3500 2.5500
f 641 642 643 644
v 8.6450 7.7000 2.5500
v 8.6450 7.7000 -12.7450
v 8.6450 8.3500 -12.7450
v 8.6450 8.3500 2.5500
f 645 646 647 648
g level_0_outside_plinth
usemtl base
v -16.8750 0.1000 2.4700
v -16.8750 0.1000 12.8250
v 16.8750 0.1000 12.8250
v 16.8750 0.1000 2.4700
f 649 650 651 652
v -16.8750 0.5000 2.4700
v 16.8750 0.5000 2.4700
v 16.8750 0.5000 12.8250
v -16.8750 0.5000 12.8250
f 653 654 655 656
v -16.8750 0.1000 2.4700
v 16.8750 0.1000 2.4700
v 16.8750 0.5000 2.4700
v -16.8750 0.5000 2.4700
f 657 658 659 660
v 16.8750 0.1000 2.4700
v 16.8750 0.1000 12.8250
v 16.8750 0.5000 12.8250
v 16.8750 0.5000 2.4700
f 661 662 663 664
v 16.8750 0.1000 12.8250
v -16.8750 0.1000 12.8250
v -16.8750 0.5000 12.8250
v 16.8750 0.5000 12.8250
f 665 666 667 668
v -16.8750 0.1000 12.8250
v -16.8750 0.1000 2.4700
v -16.8750 0.5000 2.4700
v -16.8750 0.5000 12.8250
f 669 670 671 672
v -16.8750 0.1000 -12.8250
v -16.8750 0.1000 2.6300
v -8.5650 0.1000 2.6300
v -8.5650 0.1000 -12.8250
f 673 674 675 676
v -16.8750 0.5000 -12.8250
v -8.5650 0.5000 -12.8250
v -8.5650 0.5000 2.6300
v -16.8750 0.5000 2.6300
f 677 678 679 680
v -16.8750 0.1000 -12.8250
v -8.5650 0.1000 -12.8250
v -8.5650 0.5000 -12.8250
v -16.8750 0.5000 -12.8250
f 681 682 683 684
v -8.5650 0.1000 -12.8250
v -8.5650 0.1000 2.6300
v -8.5650 0.5000 2.6300
v -8.5650 0.5000 -12.8250
f 685 686 687 688
v -8.5650 0.1000 2.6300
v -16.8750 0.1000 2.6300
v -16.8750 0.5000 2.6300
v -8.5650 0.5000 2.6300
f 689 690 691 692
v -16.8750 0.1000 2.6300
v -16.8750 0.1000 -12.8250
v -16.8750 0.5000 -12.8250
v -16.8750 0.5000 2.6300
f 693 694 695 696
v 8.5650 0.1000 -12.8250
v 8.5650 0.1000 2.6300
v 16.8750 0.1000 2.6300
v 16.8750 0.1000 -12.8250
f 697 698 699 700
v 8.5650 0.5000 -12.8250
v 16.8750 0.5000 -12.8250
v 16.8750 0.5000 2.6300
v 8.5650 0.5000 2.6300
f 701 702 703 704
v 8.5650 0.1000 -12.8250
v 16.8750 0.1000 -12.8250
v 16.8750 0.5000 -12.8250
v 8.5650 0.5000 -12.8250
f 705 706 707 708
v 16.8750 0.1000 -12.8250
v 16.8750 0.1000 2.6300
v 16.8750 0.5000 2.6300
v 16.8750 0.5000 -12.8250
f 709 710 711 712
v 16.8750 0.1000 2.6300
v 8.5650 0.1000 2.6300
v 8.5650 0.5000 2.6300
v 16.8750 0.5000 2.6300
f 713 714 715 716
v 8.5650 0.1000 2.6300
v 8.5650 0.1000 -12.8250
v 8.5650 0.5000 -12.8250
v 8.5650 0.5000 2.6300
f 717 718 719 720
g level_1_detail_window_frame
usemtl trim
v -15.1200 1.1000 12.8000
v -15.1200 1.1000 12.9000
v -13.6800 1.1000 12.9000
v -13.6800 1.1000 12.8000
f 721 722 723 724
v -15.1200 3.2000 12.8000
v -13.6800 3.2000 12.8000
v -13.6800 3.2000 12.9000
v -15.1200 3.2000 12.9000
f 725 726 727 728
v -15.1200 1.1000 12.8000
v -13.6800 1.1000 12.8000
v -13.6800 3.2000 12.8000
v -15.1200 3.2000 12.8000
f 729 730 731 732
v -13.6800 1.1000 12.8000
v -13.6800 1.1000 12.9000
v -13.6800 3.2000 12.9000
v -13.6800 3.2000 12.8000
f 733 734 735 736
v -13.6800 1.1000 12.9000
v -15.1200 1.1000 12.9000
v -15.1200 3.2000 12.9000
v -13.6800 3.2000 12.9000
f 737 738 739 740
v -15.1200 1.1000 12.9000
v -15.1200 1.1000 12.8000
v -15.1200 3.2000 12.8000
v -15.1200 3.2000 12.9000
f 741 742 743 744
g level_1_detail_window_glass
usemtl glass
v -14.9900 1.2400 12.8700
v -14.9900 1.2400 12.9300
v -13.8100 1.2400 12.9300
v -13.8100 1.2400 12.8700
f 745 746 747 748
v -14.9900 3.0400 12.8700
v -13.8100 3.0400 12.8700
v -13.8100 3.0400 12.9300
v -14.9900 3.0400 12.9300
f 749 750 751 752
v -14.9900 1.2400 12.8700
v -13.8100 1.2400 12.8700
v -13.8100 3.0400 12.8700
v -14.9900 3.0400 12.8700
f 753 754 755 756
v -13.8100 1.2400 12.8700
v -13.8100 1.2400 12.9300
v -13.8100 3.0400 12.9300
v -13.8100 3.0400 12.8700
f 757 758 759 760
v -13.8100 1.2400 12.9300
v -14.9900 1.2400 12.9300
v -14.9900 3.0400 12.9300
v -13.8100 3.0400 12.9300
f 761 762 763 764
v -14.9900 1.2400 12.9300
v -14.9900 1.2400 12.8700
v -14.9900 3.0400 12.8700
v -14.9900 3.0400 12.9300
f 765 766 767 768
g level_1_detail_window_mullion
usemtl frame
v -14.4270 1.2300 12.9300
v -14.4270 1.2300 12.9750
v -14.3730 1.2300 12.9750
v -14.3730 1.2300 12.9300
f 769 770 771 772
v -14.4270 3.0700 12.9300
v -14.3730 3.0700 12.9300
v -14.3730 3.0700 12.9750
v -14.4270 3.0700 12.9750
f 773 774 775 776
v -14.4270 1.2300 12.9300
v -14.3730 1.2300 12.9300
v -14.3730 3.0700 12.9300
v -14.4270 3.0700 12.9300
f 777 778 779 780
v -14.3730 1.2300 12.9300
v -14.3730 1.2300 12.9750
v -14.3730 3.0700 12.9750
v -14.3730 3.0700 12.9300
f 781 782 783 784
v -14.3730 1.2300 12.9750
v -14.4270 1.2300 12.9750
v -14.4270 3.0700 12.9750
v -14.3730 3.0700 12.9750
f 785 786 787 788
v -14.4270 1.2300 12.9750
v -14.4270 1.2300 12.9300
v -14.4270 3.0700 12.9300
v -14.4270 3.0700 12.9750
f 789 790 791 792
g level_1_detail_window_transom
v -15.0100 2.2800 12.9300
v -15.0100 2.2800 12.9750
v -13.7900 2.2800 12.9750
v -13.7900 2.2800 12.9300
f 793 794 795 796
v -15.0100 2.3300 12.9300
v -13.7900 2.3300 12.9300
v -13.7900 2.3300 12.9750
v -15.0100 2.3300 12.9750
f 797 798 799 800
v -15.0100 2.2800 12.9300
v -13.7900 2.2800 12.9300
v -13.7900 2.3300 12.9300
v -15.0100 2.3300 12.9300
f 801 802 803 804
v -13.7900 2.2800 12.9300
v -13.7900 2.2800 12.9750
v -13.7900 2.3300 12.9750
v -13.7900 2.3300 12.9300
f 805 806 807 808
v -13.7900 2.2800 12.9750
v -15.0100 2.2800 12.9750
v -15.0100 2.3300 12.9750
v -13.7900 2.3300 12.9750
f 809 810 811 812
v -15.0100 2.2800 12.9750
v -15.0100 2.2800 12.9300
v -15.0100 2.3300 12.9300
v -15.0100 2.3300 12.9750
f 813 814 815 816
g level_1_detail_sill
usemtl trim
v -15.2300 0.9800 12.7300
v -15.2300 0.9800 12.9900
v -13.5700 0.9800 12.9900
v -13.5700 0.9800 12.7300
f 817 818 819 820
v -15.2300 1.1100 12.7300
v -13.5700 1.1100 12.7300
v -13.5700 1.1100 12.9900
v -15.2300 1.1100 12.9900
f 821 822 823 824
v -15.2300 0.9800 12.7300
v -13.5700 0.9800 12.7300
v -13.5700 1.1100 12.7300
v -15.2300 1.1100 12.7300
f 825 826 827 828
v -13.5700 0.9800 12.7300
v -13.5700 0.9800 12.9900
v -13.5700 1.1100 12.9900
v -13.5700 1.1100 12.7300
f 829 830 831 832
v -13.5700 0.9800 12.9900
v -15.2300 0.9800 12.9900
v -15.2300 1.1100 12.9900
v -13.5700 1.1100 12.9900
f 833 834 835 836
v -15.2300 0.9800 12.9900
v -15.2300 0.9800 12.7300
v -15.2300 1.1100 12.7300
v -15.2300 1.1100 12.9900
f 837 838 839 840
g level_1_detail_window_frame
v -11.5200 1.1000 12.8000
v -11.5200 1.1000 12.9000
v -10.0800 1.1000 12.9000
v -10.0800 1.1000 12.8000
f 841 842 843 844
v -11.5200 3.2000 12.8000
v -10.0800 3.2000 12.8000
v -10.0800 3.2000 12.9000
v -11.5200 3.2000 12.9000
f 845 846 847 848
v -11.5200 1.1000 12.8000
v -10.0800 1.1000 12.8000
v -10.0800 3.2000 12.8000
v -11.5200 3.2000 12.8000
f 849 850 851 852
v -10.0800 1.1000 12.8000
v -10.0800 1.1000 12.9000
v -10.0800 3.2000 12.9000
v -10.0800 3.2000 12.8000
f 853 854 855 856
v -10.0800 1.1000 12.9000
v -11.5200 1.1000 12.9000
v -11.5200 3.2000 12.9000
v -10.0800 3.2000 12.9000
f 857 858 859 860
v -11.5200 1.1000 12.9000
v -11.5200 1.1000 12.8000
v -11.5200 3.2000 12.8000
v -11.5200 3.2000 12.9000
f 861 862 863 864
g level_1_detail_window_glass
usemtl glass
v -11.3900 1.2400 12.8700
v -11.3900 1.2400 12.9300
v -10.2100 1.2400 12.9300
v -10.2100 1.2400 12.8700
f 865 866 867 868
v -11.3900 3.0400 12.8700
v -10.2100 3.0400 12.8700
v -10.2100 3.0400 12.9300
v -11.3900 3.0400 12.9300
f 869 870 871 872
v -11.3900 1.2400 12.8700
v -10.2100 1.2400 12.8700
v -10.2100 3.0400 12.8700
v -11.3900 3.0400 12.8700
f 873 874 875 876
v -10.2100 1.2400 12.8700
v -10.2100 1.2400 12.9300
v -10.2100 3.0400 12.9300
v -10.2100 3.0400 12.8700
f 877 878 879 880
v -10.2100 1.2400 12.9300
v -11.3900 1.2400 12.9300
v -11.3900 3.0400 12.9300
v -10.2100 3.0400 12.9300
f 881 882 883 884
v -11.3900 1.2400 12.9300
v -11.3900 1.2400 12.8700
v -11.3900 3.0400 12.8700
v -11.3900 3.0400 12.9300
f 885 886 887 888
g level_1_detail_window_mullion
usemtl frame
v -10.8270 1.2300 12.9300
v -10.8270 1.2300 12.9750
v -10.7730 1.2300 12.9750
v -10.7730 1.2300 12.9300
f 889 890 891 892
v -10.8270 3.0700 12.9300
v -10.7730 3.0700 12.9300
v -10.7730 3.0700 12.9750
v -10.8270 3.0700 12.9750
f 893 894 895 896
v -10.8270 1.2300 12.9300
v -10.7730 1.2300 12.9300
v -10.7730 3.0700 12.9300
v -10.8270 3.0700 12.9300
f 897 898 899 900
v -10.7730 1.2300 12.9300
v -10.7730 1.2300 12.9750
v -10.7730 3.0700 12.9750
v -10.7730 3.0700 12.9300
f 901 902 903 904
v -10.7730 1.2300 12.9750
v -10.8270 1.2300 12.9750
v -10.8270 3.0700 12.9750
v -10.7730 3.0700 12.9750
f 905 906 907 908
v -10.8270 1.2300 12.9750
v -10.8270 1.2300 12.9300
v -10.8270 3.0700 12.9300
v -10.8270 3.0700 12.9750
f 909 910 911 912
g level_1_detail_window_transom
v -11.4100 2.2800 12.9300
v -11.4100 2.2800 12.9750
v -10.1900 2.2800 12.9750
v -10.1900 2.2800 12.9300
f 913 914 915 916
v -11.4100 2.3300 12.9300
v -10.1900 2.3300 12.9300
v -10.1900 2.3300 12.9750
v -11.4100 2.3300 12.9750
f 917 918 919 920
v -11.4100 2.2800 12.9300
v -10.1900 2.2800 12.9300
v -10.1900 2.3300 12.9300
v -11.4100 2.3300 12.9300
f 921 922 923 924
v -10.1900 2.2800 12.9300
v -10.1900 2.2800 12.9750
v -10.1900 2.3300 12.9750
v -10.1900 2.3300 12.9300
f 925 926 927 928
v -10.1900 2.2800 12.9750
v -11.4100 2.2800 12.9750
v -11.4100 2.3300 12.9750
v -10.1900 2.3300 12.9750
f 929 930 931 932
v -11.4100 2.2800 12.9750
v -11.4100 2.2800 12.9300
v -11.4100 2.3300 12.9300
v -11.4100 2.3300 12.9750
f 933 934 935 936
g level_1_detail_sill
usemtl trim
v -11.6300 0.9800 12.7300
v -11.6300 0.9800 12.9900
v -9.9700 0.9800 12.9900
v -9.9700 0.9800 12.7300
f 937 938 939 940
v -11.6300 1.1100 12.7300
v -9.9700 1.1100 12.7300
v -9.9700 1.1100 12.9900
v -11.6300 1.1100 12.9900
f 941 942 943 944
v -11.6300 0.9800 12.7300
v -9.9700 0.9800 12.7300
v -9.9700 1.1100 12.7300
v -11.6300 1.1100 12.7300
f 945 946 947 948
v -9.9700 0.9800 12.7300
v -9.9700 0.9800 12.9900
v -9.9700 1.1100 12.9900
v -9.9700 1.1100 12.7300
f 949 950 951 952
v -9.9700 0.9800 12.9900
v -11.6300 0.9800 12.9900
v -11.6300 1.1100 12.9900
v -9.9700 1.1100 12.9900
f 953 954 955 956
v -11.6300 0.9800 12.9900
v -11.6300 0.9800 12.7300
v -11.6300 1.1100 12.7300
v -11.6300 1.1100 12.9900
f 957 958 959 960
g level_1_detail_window_frame
v -7.9200 1.1000 12.8000
v -7.9200 1.1000 12.9000
v -6.4800 1.1000 12.9000
v -6.4800 1.1000 12.8000
f 961 962 963 964
v -7.9200 3.2000 12.8000
v -6.4800 3.2000 12.8000
v -6.4800 3.2000 12.9000
v -7.9200 3.2000 12.9000
f 965 966 967 968
v -7.9200 1.1000 12.8000
v -6.4800 1.1000 12.8000
v -6.4800 3.2000 12.8000
v -7.9200 3.2000 12.8000
f 969 970 971 972
v -6.4800 1.1000 12.8000
v -6.4800 1.1000 12.9000
v -6.4800 3.2000 12.9000
v -6.4800 3.2000 12.8000
f 973 974 975 976
v -6.4800 1.1000 12.9000
v -7.9200 1.1000 12.9000
v -7.9200 3.2000 12.9000
v -6.4800 3.2000 12.9000
f 977 978 979 980
v -7.9200 1.1000 12.9000
v -7.9200 1.1000 12.8000
v -7.9200 3.2000 12.8000
v -7.9200 3.2000 12.9000
f 981 982 983 984
g level_1_detail_window_glass
usemtl glass
v -7.7900 1.2400 12.8700
v -7.7900 1.2400 12.9300
v -6.6100 1.2400 12.9300
v -6.6100 1.2400 12.8700
f 985 986 987 988
v -7.7900 3.0400 12.8700
v -6.6100 3.0400 12.8700
v -6.6100 3.0400 12.9300
v -7.7900 3.0400 12.9300
f 989 990 991 992
v -7.7900 1.2400 12.8700
v -6.6100 1.2400 12.8700
v -6.6100 3.0400 12.8700
v -7.7900 3.0400 12.8700
f 993 994 995 996
v -6.6100 1.2400 12.8700
v -6.6100 1.2400 12.9300
v -6.6100 3.0400 12.9300
v -6.6100 3.0400 12.8700
f 997 998 999 1000
v -6.6100 1.2400 12.9300
v -7.7900 1.2400 12.9300
v -7.7900 3.0400 12.9300
v -6.6100 3.0400 12.9300
f 1001 1002 1003 1004
v -7.7900 1.2400 12.9300
v -7.7900 1.2400 12.8700
v -7.7900 3.0400 12.8700
v -7.7900 3.0400 12.9300
f 1005 1006 1007 1008
g level_1_detail_window_mullion
usemtl frame
v -7.2270 1.2300 12.9300
v -7.2270 1.2300 12.9750
v -7.1730 1.2300 12.9750
v -7.1730 1.2300 12.9300
f 1009 1010 1011 1012
v -7.2270 3.0700 12.9300
v -7.1730 3.0700 12.9300
v -7.1730 3.0700 12.9750
v -7.2270 3.0700 12.9750
f 1013 1014 1015 1016
v -7.2270 1.2300 12.9300
v -7.1730 1.2300 12.9300
v -7.1730 3.0700 12.9300
v -7.2270 3.0700 12.9300
f 1017 1018 1019 1020
v -7.1730 1.2300 12.9300
v -7.1730 1.2300 12.9750
v -7.1730 3.0700 12.9750
v -7.1730 3.0700 12.9300
f 1021 1022 1023 1024
v -7.1730 1.2300 12.9750
v -7.2270 1.2300 12.9750
v -7.2270 3.0700 12.9750
v -7.1730 3.0700 12.9750
f 1025 1026 1027 1028
v -7.2270 1.2300 12.9750
v -7.2270 1.2300 12.9300
v -7.2270 3.0700 12.9300
v -7.2270 3.0700 12.9750
f 1029 1030 1031 1032
g level_1_detail_window_transom
v -7.8100 2.2800 12.9300
v -7.8100 2.2800 12.9750
v -6.5900 2.2800 12.9750
v -6.5900 2.2800 12.9300
f 1033 1034 1035 1036
v -7.8100 2.3300 12.9300
v -6.5900 2.3300 12.9300
v -6.5900 2.3300 12.9750
v -7.8100 2.3300 12.9750
f 1037 1038 1039 1040
v -7.8100 2.2800 12.9300
v -6.5900 2.2800 12.9300
v -6.5900 2.3300 12.9300
v -7.8100 2.3300 12.9300
f 1041 1042 1043 1044
v -6.5900 2.2800 12.9300
v -6.5900 2.2800 12.9750
v -6.5900 2.3300 12.9750
v -6.5900 2.3300 12.9300
f 1045 1046 1047 1048
v -6.5900 2.2800 12.9750
v -7.8100 2.2800 12.9750
v -7.8100 2.3300 12.9750
v -6.5900 2.3300 12.9750
f 1049 1050 1051 1052
v -7.8100 2.2800 12.9750
v -7.8100 2.2800 12.9300
v -7.8100 2.3300 12.9300
v -7.8100 2.3300 12.9750
f 1053 1054 1055 1056
g level_1_detail_sill
usemtl trim
v -8.0300 0.9800 12.7300
v -8.0300 0.9800 12.9900
v -6.3700 0.9800 12.9900
v -6.3700 0.9800 12.7300
f 1057 1058 1059 1060
v -8.0300 1.1100 12.7300
v -6.3700 1.1100 12.7300
v -6.3700 1.1100 12.9900
v -8.0300 1.1100 12.9900
f 1061 1062 1063 1064
v -8.0300 0.9800 12.7300
v -6.3700 0.9800 12.7300
v -6.3700 1.1100 12.7300
v -8.0300 1.1100 12.7300
f 1065 1066 1067 1068
v -6.3700 0.9800 12.7300
v -6.3700 0.9800 12.9900
v -6.3700 1.1100 12.9900
v -6.3700 1.1100 12.7300
f 1069 1070 1071 1072
v -6.3700 0.9800 12.9900
v -8.0300 0.9800 12.9900
v -8.0300 1.1100 12.9900
v -6.3700 1.1100 12.9900
f 1073 1074 1075 1076
v -8.0300 0.9800 12.9900
v -8.0300 0.9800 12.7300
v -8.0300 1.1100 12.7300
v -8.0300 1.1100 12.9900
f 1077 1078 1079 1080
g level_1_detail_window_frame
v -4.3200 1.1000 12.8000
v -4.3200 1.1000 12.9000
v -2.8800 1.1000 12.9000
v -2.8800 1.1000 12.8000
f 1081 1082 1083 1084
v -4.3200 3.2000 12.8000
v -2.8800 3.2000 12.8000
v -2.8800 3.2000 12.9000
v -4.3200 3.2000 12.9000
f 1085 1086 1087 1088
v -4.3200 1.1000 12.8000
v -2.8800 1.1000 12.8000
v -2.8800 3.2000 12.8000
v -4.3200 3.2000 12.8000
f 1089 1090 1091 1092
v -2.8800 1.1000 12.8000
v -2.8800 1.1000 12.9000
v -2.8800 3.2000 12.9000
v -2.8800 3.2000 12.8000
f 1093 1094 1095 1096
v -2.8800 1.1000 12.9000
v -4.3200 1.1000 12.9000
v -4.3200 3.2000 12.9000
v -2.8800 3.2000 12.9000
f 1097 1098 1099 1100
v -4.3200 1.1000 12.9000
v -4.3200 1.1000 12.8000
v -4.3200 3.2000 12.8000
v -4.3200 3.2000 12.9000
f 1101 1102 1103 1104
g level_1_detail_window_glass
usemtl glass
v -4.1900 1.2400 12.8700
v -4.1900 1.2400 12.9300
v -3.0100 1.2400 12.9300
v -3.0100 1.2400 12.8700
f 1105 1106 1107 1108
v -4.1900 3.0400 12.8700
v -3.0100 3.0400 12.8700
v -3.0100 3.0400 12.9300
v -4.1900 3.0400 12.9300
f 1109 1110 1111 1112
v -4.1900 1.2400 12.8700
v -3.0100 1.2400 12.8700
v -3.0100 3.0400 12.8700
v -4.1900 3.0400 12.8700
f 1113 1114 1115 1116
v -3.0100 1.2400 12.8700
v -3.0100 1.2400 12.9300
v -3.0100 3.0400 12.9300
v -3.0100 3.0400 12.8700
f 1117 1118 1119 1120
v -3.0100 1.2400 12.9300
v -4.1900 1.2400 12.9300
v -4.1900 3.0400 12.9300
v -3.0100 3.0400 12.9300
f 1121 1122 1123 1124
v -4.1900 1.2400 12.9300
v -4.1900 1.2400 12.8700
v -4.1900 3.0400 12.8700
v -4.1900 3.0400 12.9300
f 1125 1126 1127 1128
g level_1_detail_window_mullion
usemtl frame
v -3.6270 1.2300 12.9300
v -3.6270 1.2300 12.9750
v -3.5730 1.2300 12.9750
v -3.5730 1.2300 12.9300
f 1129 1130 1131 1132
v -3.6270 3.0700 12.9300
v -3.5730 3.0700 12.9300
v -3.5730 3.0700 12.9750
v -3.6270 3.0700 12.9750
f 1133 1134 1135 1136
v -3.6270 1.2300 12.9300
v -3.5730 1.2300 12.9300
v -3.5730 3.0700 12.9300
v -3.6270 3.0700 12.9300
f 1137 1138 1139 1140
v -3.5730 1.2300 12.9300
v -3.5730 1.2300 12.9750
v -3.5730 3.0700 12.9750
v -3.5730 3.0700 12.9300
f 1141 1142 1143 1144
v -3.5730 1.2300 12.9750
v -3.6270 1.2300 12.9750
v -3.6270 3.0700 12.9750
v -3.5730 3.0700 12.9750
f 1145 1146 1147 1148
v -3.6270 1.2300 12.9750
v -3.6270 1.2300 12.9300
v -3.6270 3.0700 12.9300
v -3.6270 3.0700 12.9750
f 1149 1150 1151 1152
g level_1_detail_window_transom
v -4.2100 2.2800 12.9300
v -4.2100 2.2800 12.9750
v -2.9900 2.2800 12.9750
v -2.9900 2.2800 12.9300
f 1153 1154 1155 1156
v -4.2100 2.3300 12.9300
v -2.9900 2.3300 12.9300
v -2.9900 2.3300 12.9750
v -4.2100 2.3300 12.9750
f 1157 1158 1159 1160
v -4.2100 2.2800 12.9300
v -2.9900 2.2800 12.9300
v -2.9900 2.3300 12.9300
v -4.2100 2.3300 12.9300
f 1161 1162 1163 1164
v -2.9900 2.2800 12.9300
v -2.9900 2.2800 12.9750
v -2.9900 2.3300 12.9750
v -2.9900 2.3300 12.9300
f 1165 1166 1167 1168
v -2.9900 2.2800 12.9750
v -4.2100 2.2800 12.9750
v -4.2100 2.3300 12.9750
v -2.9900 2.3300 12.9750
f 1169 1170 1171 1172
v -4.2100 2.2800 12.9750
v -4.2100 2.2800 12.9300
v -4.2100 2.3300 12.9300
v -4.2100 2.3300 12.9750
f 1173 1174 1175 1176
g level_1_detail_sill
usemtl trim
v -4.4300 0.9800 12.7300
v -4.4300 0.9800 12.9900
v -2.7700 0.9800 12.9900
v -2.7700 0.9800 12.7300
f 1177 1178 1179 1180
v -4.4300 1.1100 12.7300
v -2.7700 1.1100 12.7300
v -2.7700 1.1100 12.9900
v -4.4300 1.1100 12.9900
f 1181 1182 1183 1184
v -4.4300 0.9800 12.7300
v -2.7700 0.9800 12.7300
v -2.7700 1.1100 12.7300
v -4.4300 1.1100 12.7300
f 1185 1186 1187 1188
v -2.7700 0.9800 12.7300
v -2.7700 0.9800 12.9900
v -2.7700 1.1100 12.9900
v -2.7700 1.1100 12.7300
f 1189 1190 1191 1192
v -2.7700 0.9800 12.9900
v -4.4300 0.9800 12.9900
v -4.4300 1.1100 12.9900
v -2.7700 1.1100 12.9900
f 1193 1194 1195 1196
v -4.4300 0.9800 12.9900
v -4.4300 0.9800 12.7300
v -4.4300 1.1100 12.7300
v -4.4300 1.1100 12.9900
f 1197 1198 1199 1200
g level_1_detail_window_frame
v 2.8800 1.1000 12.8000
v 2.8800 1.1000 12.9000
v 4.3200 1.1000 12.9000
v 4.3200 1.1000 12.8000
f 1201 1202 1203 1204
v 2.8800 3.2000 12.8000
v 4.3200 3.2000 12.8000
v 4.3200 3.2000 12.9000
v 2.8800 3.2000 12.9000
f 1205 1206 1207 1208
v 2.8800 1.1000 12.8000
v 4.3200 1.1000 12.8000
v 4.3200 3.2000 12.8000
v 2.8800 3.2000 12.8000
f 1209 1210 1211 1212
v 4.3200 1.1000 12.8000
v 4.3200 1.1000 12.9000
v 4.3200 3.2000 12.9000
v 4.3200 3.2000 12.8000
f 1213 1214 1215 1216
v 4.3200 1.1000 12.9000
v 2.8800 1.1000 12.9000
v 2.8800 3.2000 12.9000
v 4.3200 3.2000 12.9000
f 1217 1218 1219 1220
v 2.8800 1.1000 12.9000
v 2.8800 1.1000 12.8000
v 2.8800 3.2000 12.8000
v 2.8800 3.2000 12.9000
f 1221 1222 1223 1224
g level_1_detail_window_glass
usemtl glass
v 3.0100 1.2400 12.8700
v 3.0100 1.2400 12.9300
v 4.1900 1.2400 12.9300
v 4.1900 1.2400 12.8700
f 1225 1226 1227 1228
v 3.0100 3.0400 12.8700
v 4.1900 3.0400 12.8700
v 4.1900 3.0400 12.9300
v 3.0100 3.0400 12.9300
f 1229 1230 1231 1232
v 3.0100 1.2400 12.8700
v 4.1900 1.2400 12.8700
v 4.1900 3.0400 12.8700
v 3.0100 3.0400 12.8700
f 1233 1234 1235 1236
v 4.1900 1.2400 12.8700
v 4.1900 1.2400 12.9300
v 4.1900 3.0400 12.9300
v 4.1900 3.0400 12.8700
f 1237 1238 1239 1240
v 4.1900 1.2400 12.9300
v 3.0100 1.2400 12.9300
v 3.0100 3.0400 12.9300
v 4.1900 3.0400 12.9300
f 1241 1242 1243 1244
v 3.0100 1.2400 12.9300
v 3.0100 1.2400 12.8700
v 3.0100 3.0400 12.8700
v 3.0100 3.0400 12.9300
f 1245 1246 1247 1248
g level_1_detail_window_mullion
usemtl frame
v 3.5730 1.2300 12.9300
v 3.5730 1.2300 12.9750
v 3.6270 1.2300 12.9750
v 3.6270 1.2300 12.9300
f 1249 1250 1251 1252
v 3.5730 3.0700 12.9300
v 3.6270 3.0700 12.9300
v 3.6270 3.0700 12.9750
v 3.5730 3.0700 12.9750
f 1253 1254 1255 1256
v 3.5730 1.2300 12.9300
v 3.6270 1.2300 12.9300
v 3.6270 3.0700 12.9300
v 3.5730 3.0700 12.9300
f 1257 1258 1259 1260
v 3.6270 1.2300 12.9300
v 3.6270 1.2300 12.9750
v 3.6270 3.0700 12.9750
v 3.6270 3.0700 12.9300
f 1261 1262 1263 1264
v 3.6270 1.2300 12.9750
v 3.5730 1.2300 12.9750
v 3.5730 3.0700 12.9750
v 3.6270 3.0700 12.9750
f 1265 1266 1267 1268
v 3.5730 1.2300 12.9750
v 3.5730 1.2300 12.9300
v 3.5730 3.0700 12.9300
v 3.5730 3.0700 12.9750
f 1269 1270 1271 1272
g level_1_detail_window_transom
v 2.9900 2.2800 12.9300
v 2.9900 2.2800 12.9750
v 4.2100 2.2800 12.9750
v 4.2100 2.2800 12.9300
f 1273 1274 1275 1276
v 2.9900 2.3300 12.9300
v 4.2100 2.3300 12.9300
v 4.2100 2.3300 12.9750
v 2.9900 2.3300 12.9750
f 1277 1278 1279 1280
v 2.9900 2.2800 12.9300
v 4.2100 2.2800 12.9300
v 4.2100 2.3300 12.9300
v 2.9900 2.3300 12.9300
f 1281 1282 1283 1284
v 4.2100 2.2800 12.9300
v 4.2100 2.2800 12.9750
v 4.2100 2.3300 12.9750
v 4.2100 2.3300 12.9300
f 1285 1286 1287 1288
v 4.2100 2.2800 12.9750
v 2.9900 2.2800 12.9750
v 2.9900 2.3300 12.9750
v 4.2100 2.3300 12.9750
f 1289 1290 1291 1292
v 2.9900 2.2800 12.9750
v 2.9900 2.2800 12.9300
v 2.9900 2.3300 12.9300
v 2.9900 2.3300 12.9750
f 1293 1294 1295 1296
g level_1_detail_sill
usemtl trim
v 2.7700 0.9800 12.7300
v 2.7700 0.9800 12.9900
v 4.4300 0.9800 12.9900
v 4.4300 0.9800 12.7300
f 1297 1298 1299 1300
v 2.7700 1.1100 12.7300
v 4.4300 1.1100 12.7300
v 4.4300 1.1100 12.9900
v 2.7700 1.1100 12.9900
f 1301 1302 1303 1304
v 2.7700 0.9800 12.7300
v 4.4300 0.9800 12.7300
v 4.4300 1.1100 12.7300
v 2.7700 1.1100 12.7300
f 1305 1306 1307 1308
v 4.4300 0.9800 12.7300
v 4.4300 0.9800 12.9900
v 4.4300 1.1100 12.9900
v 4.4300 1.1100 12.7300
f 1309 1310 1311 1312
v 4.4300 0.9800 12.9900
v 2.7700 0.9800 12.9900
v 2.7700 1.1100 12.9900
v 4.4300 1.1100 12.9900
f 1313 1314 1315 1316
v 2.7700 0.9800 12.9900
v 2.7700 0.9800 12.7300
v 2.7700 1.1100 12.7300
v 2.7700 1.1100 12.9900
f 1317 1318 1319 1320
g level_1_detail_window_frame
v 6.4800 1.1000 12.8000
v 6.4800 1.1000 12.9000
v 7.9200 1.1000 12.9000
v 7.9200 1.1000 12.8000
f 1321 1322 1323 1324
v 6.4800 3.2000 12.8000
v 7.9200 3.2000 12.8000
v 7.9200 3.2000 12.9000
v 6.4800 3.2000 12.9000
f 1325 1326 1327 1328
v 6.4800 1.1000 12.8000
v 7.9200 1.1000 12.8000
v 7.9200 3.2000 12.8000
v 6.4800 3.2000 12.8000
f 1329 1330 1331 1332
v 7.9200 1.1000 12.8000
v 7.9200 1.1000 12.9000
v 7.9200 3.2000 12.9000
v 7.9200 3.2000 12.8000
f 1333 1334 1335 1336
v 7.9200 1.1000 12.9000
v 6.4800 1.1000 12.9000
v 6.4800 3.2000 12.9000
v 7.9200 3.2000 12.9000
f 1337 1338 1339 1340
v 6.4800 1.1000 12.9000
v 6.4800 1.1000 12.8000
v 6.4800 3.2000 12.8000
v 6.4800 3.2000 12.9000
f 1341 1342 1343 1344
g level_1_detail_window_glass
usemtl glass
v 6.6100 1.2400 12.8700
v 6.6100 1.2400 12.9300
v 7.7900 1.2400 12.9300
v 7.7900 1.2400 12.8700
f 1345 1346 1347 1348
v 6.6100 3.0400 12.8700
v 7.7900 3.0400 12.8700
v 7.7900 3.0400 12.9300
v 6.6100 3.0400 12.9300
f 1349 1350 1351 1352
v 6.6100 1.2400 12.8700
v 7.7900 1.2400 12.8700
v 7.7900 3.0400 12.8700
v 6.6100 3.0400 12.8700
f 1353 1354 1355 1356
v 7.7900 1.2400 12.8700
v 7.7900 1.2400 12.9300
v 7.7900 3.0400 12.9300
v 7.7900 3.0400 12.8700
f 1357 1358 1359 1360
v 7.7900 1.2400 12.9300
v 6.6100 1.2400 12.9300
v 6.6100 3.0400 12.9300
v 7.7900 3.0400 12.9300
f 1361 1362 1363 1364
v 6.6100 1.2400 12.9300
v 6.6100 1.2400 12.8700
v 6.6100 3.0400 12.8700
v 6.6100 3.0400 12.9300
f 1365 1366 1367 1368
g level_1_detail_window_mullion
usemtl frame
v 7.1730 1.2300 12.9300
v 7.1730 1.2300 12.9750
v 7.2270 1.2300 12.9750
v 7.2270 1.2300 12.9300
f 1369 1370 1371 1372
v 7.1730 3.0700 12.9300
v 7.2270 3.0700 12.9300
v 7.2270 3.0700 12.9750
v 7.1730 3.0700 12.9750
f 1373 1374 1375 1376
v 7.1730 1.2300 12.9300
v 7.2270 1.2300 12.9300
v 7.2270 3.0700 12.9300
v 7.1730 3.0700 12.9300
f 1377 1378 1379 1380
v 7.2270 1.2300 12.9300
v 7.2270 1.2300 12.9750
v 7.2270 3.0700 12.9750
v 7.2270 3.0700 12.9300
f 1381 1382 1383 1384
v 7.2270 1.2300 12.9750
v 7.1730 1.2300 12.9750
v 7.1730 3.0700 12.9750
v 7.2270 3.0700 12.9750
f 1385 1386 1387 1388
v 7.1730 1.2300 12.9750
v 7.1730 1.2300 12.9300
v 7.1730 3.0700 12.9300
v 7.1730 3.0700 12.9750
f 1389 1390 1391 1392
g level_1_detail_window_transom
v 6.5900 2.2800 12.9300
v 6.5900 2.2800 12.9750
v 7.8100 2.2800 12.9750
v 7.8100 2.2800 12.9300
f 1393 1394 1395 1396
v 6.5900 2.3300 12.9300
v 7.8100 2.3300 12.9300
v 7.8100 2.3300 12.9750
v 6.5900 2.3300 12.9750
f 1397 1398 1399 1400
v 6.5900 2.2800 12.9300
v 7.8100 2.2800 12.9300
v 7.8100 2.3300 12.9300
v 6.5900 2.3300 12.9300
f 1401 1402 1403 1404
v 7.8100 2.2800 12.9300
v 7.8100 2.2800 12.9750
v 7.8100 2.3300 12.9750
v 7.8100 2.3300 12.9300
f 1405 1406 1407 1408
v 7.8100 2.2800 12.9750
v 6.5900 2.2800 12.9750
v 6.5900 2.3300 12.9750
v 7.8100 2.3300 12.9750
f 1409 1410 1411 1412
v 6.5900 2.2800 12.9750
v 6.5900 2.2800 12.9300
v 6.5900 2.3300 12.9300
v 6.5900 2.3300 12.9750
f 1413 1414 1415 1416
g level_1_detail_sill
usemtl trim
v 6.3700 0.9800 12.7300
v 6.3700 0.9800 12.9900
v 8.0300 0.9800 12.9900
v 8.0300 0.9800 12.7300
f 1417 1418 1419 1420
v 6.3700 1.1100 12.7300
v 8.0300 1.1100 12.7300
v 8.0300 1.1100 12.9900
v 6.3700 1.1100 12.9900
f 1421 1422 1423 1424
v 6.3700 0.9800 12.7300
v 8.0300 0.9800 12.7300
v 8.0300 1.1100 12.7300
v 6.3700 1.1100 12.7300
f 1425 1426 1427 1428
v 8.0300 0.9800 12.7300
v 8.0300 0.9800 12.9900
v 8.0300 1.1100 12.9900
v 8.0300 1.1100 12.7300
f 1429 1430 1431 1432
v 8.0300 0.9800 12.9900
v 6.3700 0.9800 12.9900
v 6.3700 1.1100 12.9900
v 8.0300 1.1100 12.9900
f 1433 1434 1435 1436
v 6.3700 0.9800 12.9900
v 6.3700 0.9800 12.7300
v 6.3700 1.1100 12.7300
v 6.3700 1.1100 12.9900
f 1437 1438 1439 1440
g level_1_detail_window_frame
v 10.0800 1.1000 12.8000
v 10.0800 1.1000 12.9000
v 11.5200 1.1000 12.9000
v 11.5200 1.1000 12.8000
f 1441 1442 1443 1444
v 10.0800 3.2000 12.8000
v 11.5200 3.2000 12.8000
v 11.5200 3.2000 12.9000
v 10.0800 3.2000 12.9000
f 1445 1446 1447 1448
v 10.0800 1.1000 12.8000
v 11.5200 1.1000 12.8000
v 11.5200 3.2000 12.8000
v 10.0800 3.2000 12.8000
f 1449 1450 1451 1452
v 11.5200 1.1000 12.8000
v 11.5200 1.1000 12.9000
v 11.5200 3.2000 12.9000
v 11.5200 3.2000 12.8000
f 1453 1454 1455 1456
v 11.5200 1.1000 12.9000
v 10.0800 1.1000 12.9000
v 10.0800 3.2000 12.9000
v 11.5200 3.2000 12.9000
f 1457 1458 1459 1460
v 10.0800 1.1000 12.9000
v 10.0800 1.1000 12.8000
v 10.0800 3.2000 12.8000
v 10.0800 3.2000 12.9000
f 1461 1462 1463 1464
g level_1_detail_window_glass
usemtl glass
v 10.2100 1.2400 12.8700
v 10.2100 1.2400 12.9300
v 11.3900 1.2400 12.9300
v 11.3900 1.2400 12.8700
f 1465 1466 1467 1468
v 10.2100 3.0400 12.8700
v 11.3900 3.0400 12.8700
v 11.3900 3.0400 12.9300
v 10.2100 3.0400 12.9300
f 1469 1470 1471 1472
v 10.2100 1.2400 12.8700
v 11.3900 1.2400 12.8700
v 11.3900 3.0400 12.8700
v 10.2100 3.0400 12.8700
f 1473 1474 1475 1476
v 11.3900 1.2400 12.8700
v 11.3900 1.2400 12.9300
v 11.3900 3.0400 12.9300
v 11.3900 3.0400 12.8700
f 1477 1478 1479 1480
v 11.3900 1.2400 12.9300
v 10.2100 1.2400 12.9300
v 10.2100 3.0400 12.9300
v 11.3900 3.0400 12.9300
f 1481 1482 1483 1484
v 10.2100 1.2400 12.9300
v 10.2100 1.2400 12.8700
v 10.2100 3.0400 12.8700
v 10.2100 3.0400 12.9300
f 1485 1486 1487 1488
g level_1_detail_window_mullion
usemtl frame
v 10.7730 1.2300 12.9300
v 10.7730 1.2300 12.9750
v 10.8270 1.2300 12.9750
v 10.8270 1.2300 12.9300
f 1489 1490 1491 1492
v 10.7730 3.0700 12.9300
v 10.8270 3.0700 12.9300
v 10.8270 3.0700 12.9750
v 10.7730 3.0700 12.9750
f 1493 1494 1495 1496
v 10.7730 1.2300 12.9300
v 10.8270 1.2300 12.9300
v 10.8270 3.0700 12.9300
v 10.7730 3.0700 12.9300
f 1497 1498 1499 1500
v 10.8270 1.2300 12.9300
v 10.8270 1.2300 12.9750
v 10.8270 3.0700 12.9750
v 10.8270 3.0700 12.9300
f 1501 1502 1503 1504
v 10.8270 1.2300 12.9750
v 10.7730 1.2300 12.9750
v 10.7730 3.0700 12.9750
v 10.8270 3.0700 12.9750
f 1505 1506 1507 1508
v 10.7730 1.2300 12.9750
v 10.7730 1.2300 12.9300
v 10.7730 3.0700 12.9300
v 10.7730 3.0700 12.9750
f 1509 1510 1511 1512
g level_1_detail_window_transom
v 10.1900 2.2800 12.9300
v 10.1900 2.2800 12.9750
v 11.4100 2.2800 12.9750
v 11.4100 2.2800 12.9300
f 1513 1514 1515 1516
v 10.1900 2.3300 12.9300
v 11.4100 2.3300 12.9300
v 11.4100 2.3300 12.9750
v 10.1900 2.3300 12.9750
f 1517 1518 1519 1520
v 10.1900 2.2800 12.9300
v 11.4100 2.2800 12.9300
v 11.4100 2.3300 12.9300
v 10.1900 2.3300 12.9300
f 1521 1522 1523 1524
v 11.4100 2.2800 12.9300
v 11.4100 2.2800 12.9750
v 11.4100 2.3300 12.9750
v 11.4100 2.3300 12.9300
f 1525 1526 1527 1528
v 11.4100 2.2800 12.9750
v 10.1900 2.2800 12.9750
v 10.1900 2.3300 12.9750
v 11.4100 2.3300 12.9750
f 1529 1530 1531 1532
v 10.1900 2.2800 12.9750
v 10.1900 2.2800 12.9300
v 10.1900 2.3300 12.9300
v 10.1900 2.3300 12.9750
f 1533 1534 1535 1536
g level_1_detail_sill
usemtl trim
v 9.9700 0.9800 12.7300
v 9.9700 0.9800 12.9900
v 11.6300 0.9800 12.9900
v 11.6300 0.9800 12.7300
f 1537 1538 1539 1540
v 9.9700 1.1100 12.7300
v 11.6300 1.1100 12.7300
v 11.6300 1.1100 12.9900
v 9.9700 1.1100 12.9900
f 1541 1542 1543 1544
v 9.9700 0.9800 12.7300
v 11.6300 0.9800 12.7300
v 11.6300 1.1100 12.7300
v 9.9700 1.1100 12.7300
f 1545 1546 1547 1548
v 11.6300 0.9800 12.7300
v 11.6300 0.9800 12.9900
v 11.6300 1.1100 12.9900
v 11.6300 1.1100 12.7300
f 1549 1550 1551 1552
v 11.6300 0.9800 12.9900
v 9.9700 0.9800 12.9900
v 9.9700 1.1100 12.9900
v 11.6300 1.1100 12.9900
f 1553 1554 1555 1556
v 9.9700 0.9800 12.9900
v 9.9700 0.9800 12.7300
v 9.9700 1.1100 12.7300
v 9.9700 1.1100 12.9900
f 1557 1558 1559 1560
g level_1_detail_window_frame
v 13.6800 1.1000 12.8000
v 13.6800 1.1000 12.9000
v 15.1200 1.1000 12.9000
v 15.1200 1.1000 12.8000
f 1561 1562 1563 1564
v 13.6800 3.2000 12.8000
v 15.1200 3.2000 12.8000
v 15.1200 3.2000 12.9000
v 13.6800 3.2000 12.9000
f 1565 1566 1567 1568
v 13.6800 1.1000 12.8000
v 15.1200 1.1000 12.8000
v 15.1200 3.2000 12.8000
v 13.6800 3.2000 12.8000
f 1569 1570 1571 1572
v 15.1200 1.1000 12.8000
v 15.1200 1.1000 12.9000
v 15.1200 3.2000 12.9000
v 15.1200 3.2000 12.8000
f 1573 1574 1575 1576
v 15.1200 1.1000 12.9000
v 13.6800 1.1000 12.9000
v 13.6800 3.2000 12.9000
v 15.1200 3.2000 12.9000
f 1577 1578 1579 1580
v 13.6800 1.1000 12.9000
v 13.6800 1.1000 12.8000
v 13.6800 3.2000 12.8000
v 13.6800 3.2000 12.9000
f 1581 1582 1583 1584
g level_1_detail_window_glass
usemtl glass
v 13.8100 1.2400 12.8700
v 13.8100 1.2400 12.9300
v 14.9900 1.2400 12.9300
v 14.9900 1.2400 12.8700
f 1585 1586 1587 1588
v 13.8100 3.0400 12.8700
v 14.9900 3.0400 12.8700
v 14.9900 3.0400 12.9300
v 13.8100 3.0400 12.9300
f 1589 1590 1591 1592
v 13.8100 1.2400 12.8700
v 14.9900 1.2400 12.8700
v 14.9900 3.0400 12.8700
v 13.8100 3.0400 12.8700
f 1593 1594 1595 1596
v 14.9900 1.2400 12.8700
v 14.9900 1.2400 12.9300
v 14.9900 3.0400 12.9300
v 14.9900 3.0400 12.8700
f 1597 1598 1599 1600
v 14.9900 1.2400 12.9300
v 13.8100 1.2400 12.9300
v 13.8100 3.0400 12.9300
v 14.9900 3.0400 12.9300
f 1601 1602 1603 1604
v 13.8100 1.2400 12.9300
v 13.8100 1.2400 12.8700
v 13.8100 3.0400 12.8700
v 13.8100 3.0400 12.9300
f 1605 1606 1607 1608
g level_1_detail_window_mullion
usemtl frame
v 14.3730 1.2300 12.9300
v 14.3730 1.2300 12.9750
v 14.4270 1.2300 12.9750
v 14.4270 1.2300 12.9300
f 1609 1610 1611 1612
v 14.3730 3.0700 12.9300
v 14.4270 3.0700 12.9300
v 14.4270 3.0700 12.9750
v 14.3730 3.0700 12.9750
f 1613 1614 1615 1616
v 14.3730 1.2300 12.9300
v 14.4270 1.2300 12.9300
v 14.4270 3.0700 12.9300
v 14.3730 3.0700 12.9300
f 1617 1618 1619 1620
v 14.4270 1.2300 12.9300
v 14.4270 1.2300 12.9750
v 14.4270 3.0700 12.9750
v 14.4270 3.0700 12.9300
f 1621 1622 1623 1624
v 14.4270 1.2300 12.9750
v 14.3730 1.2300 12.9750
v 14.3730 3.0700 12.9750
v 14.4270 3.0700 12.9750
f 1625 1626 1627 1628
v 14.3730 1.2300 12.9750
v 14.3730 1.2300 12.9300
v 14.3730 3.0700 12.9300
v 14.3730 3.0700 12.9750
f 1629 1630 1631 1632
g level_1_detail_window_transom
v 13.7900 2.2800 12.9300
v 13.7900 2.2800 12.9750
v 15.0100 2.2800 12.9750
v 15.0100 2.2800 12.9300
f 1633 1634 1635 1636
v 13.7900 2.3300 12.9300
v 15.0100 2.3300 12.9300
v 15.0100 2.3300 12.9750
v 13.7900 2.3300 12.9750
f 1637 1638 1639 1640
v 13.7900 2.2800 12.9300
v 15.0100 2.2800 12.9300
v 15.0100 2.3300 12.9300
v 13.7900 2.3300 12.9300
f 1641 1642 1643 1644
v 15.0100 2.2800 12.9300
v 15.0100 2.2800 12.9750
v 15.0100 2.3300 12.9750
v 15.0100 2.3300 12.9300
f 1645 1646 1647 1648
v 15.0100 2.2800 12.9750
v 13.7900 2.2800 12.9750
v 13.7900 2.3300 12.9750
v 15.0100 2.3300 12.9750
f 1649 1650 1651 1652
v 13.7900 2.2800 12.9750
v 13.7900 2.2800 12.9300
v 13.7900 2.3300 12.9300
v 13.7900 2.3300 12.9750
f 1653 1654 1655 1656
g level_1_detail_sill
usemtl trim
v 13.5700 0.9800 12.7300
v 13.5700 0.9800 12.9900
v 15.2300 0.9800 12.9900
v 15.2300 0.9800 12.7300
f 1657 1658 1659 1660
v 13.5700 1.1100 12.7300
v 15.2300 1.1100 12.7300
v 15.2300 1.1100 12.9900
v 13.5700 1.1100 12.9900
f 1661 1662 1663 1664
v 13.5700 0.9800 12.7300
v 15.2300 0.9800 12.7300
v 15.2300 1.1100 12.7300
v 13.5700 1.1100 12.7300
f 1665 1666 1667 1668
v 15.2300 0.9800 12.7300
v 15.2300 0.9800 12.9900
v 15.2300 1.1100 12.9900
v 15.2300 1.1100 12.7300
f 1669 1670 1671 1672
v 15.2300 0.9800 12.9900
v 13.5700 0.9800 12.9900
v 13.5700 1.1100 12.9900
v 15.2300 1.1100 12.9900
f 1673 1674 1675 1676
v 13.5700 0.9800 12.9900
v 13.5700 0.9800 12.7300
v 13.5700 1.1100 12.7300
v 13.5700 1.1100 12.9900
f 1677 1678 1679 1680
g level_1_detail_window_frame
v -16.9250 1.1000 -11.4200
v -16.9250 1.1000 -9.9800
v -16.8250 1.1000 -9.9800
v -16.8250 1.1000 -11.4200
f 1681 1682 1683 1684
v -16.9250 3.2000 -11.4200
v -16.8250 3.2000 -11.4200
v -16.8250 3.2000 -9.9800
v -16.9250 3.2000 -9.9800
f 1685 1686 1687 1688
v -16.9250 1.1000 -11.4200
v -16.8250 1.1000 -11.4200
v -16.8250 3.2000 -11.4200
v -16.9250 3.2000 -11.4200
f 1689 1690 1691 1692
v -16.8250 1.1000 -11.4200
v -16.8250 1.1000 -9.9800
v -16.8250 3.2000 -9.9800
v -16.8250 3.2000 -11.4200
f 1693 1694 1695 1696
v -16.8250 1.1000 -9.9800
v -16.9250 1.1000 -9.9800
v -16.9250 3.2000 -9.9800
v -16.8250 3.2000 -9.9800
f 1697 1698 1699 1700
v -16.9250 1.1000 -9.9800
v -16.9250 1.1000 -11.4200
v -16.9250 3.2000 -11.4200
v -16.9250 3.2000 -9.9800
f 1701 1702 1703 1704
g level_1_detail_window_glass
usemtl glass
v -16.9850 1.2400 -11.2900
v -16.9850 1.2400 -10.1100
v -16.9250 1.2400 -10.1100
v -16.9250 1.2400 -11.2900
f 1705 1706 1707 1708
v -16.9850 3.0400 -11.2900
v -16.9250 3.0400 -11.2900
v -16.9250 3.0400 -10.1100
v -16.9850 3.0400 -10.1100
f 1709 1710 1711 1712
v -16.9850 1.2400 -11.2900
v -16.9250 1.2400 -11.2900
v -16.9250 3.0400 -11.2900
v -16.9850 3.0400 -11.2900
f 1713 1714 1715 1716
v -16.9250 1.2400 -11.2900
v -16.9250 1.2400 -10.1100
v -16.9250 3.0400 -10.1100
v -16.9250 3.0400 -11.2900
f 1717 1718 1719 1720
v -16.9250 1.2400 -10.1100
v -16.9850 1.2400 -10.1100
v -16.9850 3.0400 -10.1100
v -16.9250 3.0400 -10.1100
f 1721 1722 1723 1724
v -16.9850 1.2400 -10.1100
v -16.9850 1.2400 -11.2900
v -16.9850 3.0400 -11.2900
v -16.9850 3.0400 -10.1100
f 1725 1726 1727 1728
g level_1_detail_window_mullion
usemtl frame
v -17.0250 1.2300 -10.7270
v -17.0250 1.2300 -10.6730
v -16.9850 1.2300 -10.6730
v -16.9850 1.2300 -10.7270
f 1729 1730 1731 1732
v -17.0250 3.0700 -10.7270
v -16.9850 3.0700 -10.7270
v -16.9850 3.0700 -10.6730
v -17.0250 3.0700 -10.6730
f 1733 1734 1735 1736
v -17.0250 1.2300 -10.7270
v -16.9850 1.2300 -10.7270
v -16.9850 3.0700 -10.7270
v -17.0250 3.0700 -10.7270
f 1737 1738 1739 1740
v -16.9850 1.2300 -10.7270
v -16.9850 1.2300 -10.6730
v -16.9850 3.0700 -10.6730
v -16.9850 3.0700 -10.7270
f 1741 1742 1743 1744
v -16.9850 1.2300 -10.6730
v -17.0250 1.2300 -10.6730
v -17.0250 3.0700 -10.6730
v -16.9850 3.0700 -10.6730
f 1745 1746 1747 1748
v -17.0250 1.2300 -10.6730
v -17.0250 1.2300 -10.7270
v -17.0250 3.0700 -10.7270
v -17.0250 3.0700 -10.6730
f 1749 1750 1751 1752
g level_1_detail_sill
usemtl trim
v -16.9850 0.9800 -11.5200
v -16.9850 0.9800 -9.8800
v -16.7250 0.9800 -9.8800
v -16.7250 0.9800 -11.5200
f 1753 1754 1755 1756
v -16.9850 1.1100 -11.5200
v -16.7250 1.1100 -11.5200
v -16.7250 1.1100 -9.8800
v -16.9850 1.1100 -9.8800
f 1757 1758 1759 1760
v -16.9850 0.9800 -11.5200
v -16.7250 0.9800 -11.5200
v -16.7250 1.1100 -11.5200
v -16.9850 1.1100 -11.5200
f 1761 1762 1763 1764
v -16.7250 0.9800 -11.5200
v -16.7250 0.9800 -9.8800
v -16.7250 1.1100 -9.8800
v -16.7250 1.1100 -11.5200
f 1765 1766 1767 1768
v -16.7250 0.9800 -9.8800
v -16.9850 0.9800 -9.8800
v -16.9850 1.1100 -9.8800
v -16.7250 1.1100 -9.8800
f 1769 1770 1771 1772
v -16.9850 0.9800 -9.8800
v -16.9850 0.9800 -11.5200
v -16.9850 1.1100 -11.5200
v -16.9850 1.1100 -9.8800
f 1773 1774 1775 1776
g level_1_detail_window_frame
v 16.8250 1.1000 -11.4200
v 16.8250 1.1000 -9.9800
v 16.9250 1.1000 -9.9800
v 16.9250 1.1000 -11.4200
f 1777 1778 1779 1780
v 16.8250 3.2000 -11.4200
v 16.9250 3.2000 -11.4200
v 16.9250 3.2000 -9.9800
v 16.8250 3.2000 -9.9800
f 1781 1782 1783 1784
v 16.8250 1.1000 -11.4200
v 16.9250 1.1000 -11.4200
v 16.9250 3.2000 -11.4200
v 16.8250 3.2000 -11.4200
f 1785 1786 1787 1788
v 16.9250 1.1000 -11.4200
v 16.9250 1.1000 -9.9800
v 16.9250 3.2000 -9.9800
v 16.9250 3.2000 -11.4200
f 1789 1790 1791 1792
v 16.9250 1.1000 -9.9800
v 16.8250 1.1000 -9.9800
v 16.8250 3.2000 -9.9800
v 16.9250 3.2000 -9.9800
f 1793 1794 1795 1796
v 16.8250 1.1000 -9.9800
v 16.8250 1.1000 -11.4200
v 16.8250 3.2000 -11.4200
v 16.8250 3.2000 -9.9800
f 1797 1798 1799 1800
g level_1_detail_window_glass
usemtl glass
v 16.9250 1.2400 -11.2900
v 16.9250 1.2400 -10.1100
v 16.9850 1.2400 -10.1100
v 16.9850 1.2400 -11.2900
f 1801 1802 1803 1804
v 16.9250 3.0400 -11.2900
v 16.9850 3.0400 -11.2900
v 16.9850 3.0400 -10.1100
v 16.9250 3.0400 -10.1100
f 1805 1806 1807 1808
v 16.9250 1.2400 -11.2900
v 16.9850 1.2400 -11.2900
v 16.9850 3.0400 -11.2900
v 16.9250 3.0400 -11.2900
f 1809 1810 1811 1812
v 16.9850 1.2400 -11.2900
v 16.9850 1.2400 -10.1100
v 16.9850 3.0400 -10.1100
v 16.9850 3.0400 -11.2900
f 1813 1814 1815 1816
v 16.9850 1.2400 -10.1100
v 16.9250 1.2400 -10.1100
v 16.9250 3.0400 -10.1100
v 16.9850 3.0400 -10.1100
f 1817 1818 1819 1820
v 16.9250 1.2400 -10.1100
v 16.9250 1.2400 -11.2900
v 16.9250 3.0400 -11.2900
v 16.9250 3.0400 -10.1100
f 1821 1822 1823 1824
g level_1_detail_window_mullion
usemtl frame
v 16.9950 1.2300 -10.7270
v 16.9950 1.2300 -10.6730
v 17.0350 1.2300 -10.6730
v 17.0350 1.2300 -10.7270
f 1825 1826 1827 1828
v 16.9950 3.0700 -10.7270
v 17.0350 3.0700 -10.7270
v 17.0350 3.0700 -10.6730
v 16.9950 3.0700 -10.6730
f 1829 1830 1831 1832
v 16.9950 1.2300 -10.7270
v 17.0350 1.2300 -10.7270
v 17.0350 3.0700 -10.7270
v 16.9950 3.0700 -10.7270
f 1833 1834 1835 1836
v 17.0350 1.2300 -10.7270
v 17.0350 1.2300 -10.6730
v 17.0350 3.0700 -10.6730
v 17.0350 3.0700 -10.7270
f 1837 1838 1839 1840
v 17.0350 1.2300 -10.6730
v 16.9950 1.2300 -10.6730
v 16.9950 3.0700 -10.6730
v 17.0350 3.0700 -10.6730
f 1841 1842 1843 1844
v 16.9950 1.2300 -10.6730
v 16.9950 1.2300 -10.7270
v 16.9950 3.0700 -10.7270
v 16.9950 3.0700 -10.6730
f 1845 1846 1847 1848
g level_1_detail_sill
usemtl trim
v 16.7650 0.9800 -11.5200
v 16.7650 0.9800 -9.8800
v 17.0250 0.9800 -9.8800
v 17.0250 0.9800 -11.5200
f 1849 1850 1851 1852
v 16.7650 1.1100 -11.5200
v 17.0250 1.1100 -11.5200
v 17.0250 1.1100 -9.8800
v 16.7650 1.1100 -9.8800
f 1853 1854 1855 1856
v 16.7650 0.9800 -11.5200
v 17.0250 0.9800 -11.5200
v 17.0250 1.1100 -11.5200
v 16.7650 1.1100 -11.5200
f 1857 1858 1859 1860
v 17.0250 0.9800 -11.5200
v 17.0250 0.9800 -9.8800
v 17.0250 1.1100 -9.8800
v 17.0250 1.1100 -11.5200
f 1861 1862 1863 1864
v 17.0250 0.9800 -9.8800
v 16.7650 0.9800 -9.8800
v 16.7650 1.1100 -9.8800
v 17.0250 1.1100 -9.8800
f 1865 1866 1867 1868
v 16.7650 0.9800 -9.8800
v 16.7650 0.9800 -11.5200
v 16.7650 1.1100 -11.5200
v 16.7650 1.1100 -9.8800
f 1869 1870 1871 1872
g level_1_detail_window_frame
v -16.9250 1.1000 -7.8200
v -16.9250 1.1000 -6.3800
v -16.8250 1.1000 -6.3800
v -16.8250 1.1000 -7.8200
f 1873 1874 1875 1876
v -16.9250 3.2000 -7.8200
v -16.8250 3.2000 -7.8200
v -16.8250 3.2000 -6.3800
v -16.9250 3.2000 -6.3800
f 1877 1878 1879 1880
v -16.9250 1.1000 -7.8200
v -16.8250 1.1000 -7.8200
v -16.8250 3.2000 -7.8200
v -16.9250 3.2000 -7.8200
f 1881 1882 1883 1884
v -16.8250 1.1000 -7.8200
v -16.8250 1.1000 -6.3800
v -16.8250 3.2000 -6.3800
v -16.8250 3.2000 -7.8200
f 1885 1886 1887 1888
v -16.8250 1.1000 -6.3800
v -16.9250 1.1000 -6.3800
v -16.9250 3.2000 -6.3800
v -16.8250 3.2000 -6.3800
f 1889 1890 1891 1892
v -16.9250 1.1000 -6.3800
v -16.9250 1.1000 -7.8200
v -16.9250 3.2000 -7.8200
v -16.9250 3.2000 -6.3800
f 1893 1894 1895 1896
g level_1_detail_window_glass
usemtl glass
v -16.9850 1.2400 -7.6900
v -16.9850 1.2400 -6.5100
v -16.9250 1.2400 -6.5100
v -16.9250 1.2400 -7.6900
f 1897 1898 1899 1900
v -16.9850 3.0400 -7.6900
v -16.9250 3.0400 -7.6900
v -16.9250 3.0400 -6.5100
v -16.9850 3.0400 -6.5100
f 1901 1902 1903 1904
v -16.9850 1.2400 -7.6900
v -16.9250 1.2400 -7.6900
v -16.9250 3.0400 -7.6900
v -16.9850 3.0400 -7.6900
f 1905 1906 1907 1908
v -16.9250 1.2400 -7.6900
v -16.9250 1.2400 -6.5100
v -16.9250 3.0400 -6.5100
v -16.9250 3.0400 -7.6900
f 1909 1910 1911 1912
v -16.9250 1.2400 -6.5100
v -16.9850 1.2400 -6.5100
v -16.9850 3.0400 -6.5100
v -16.9250 3.0400 -6.5100
f 1913 1914 1915 1916
v -16.9850 1.2400 -6.5100
v -16.9850 1.2400 -7.6900
v -16.9850 3.0400 -7.6900
v -16.9850 3.0400 -6.5100
f 1917 1918 1919 1920
g level_1_detail_window_mullion
usemtl frame
v -17.0250 1.2300 -7.1270
v -17.0250 1.2300 -7.0730
v -16.9850 1.2300 -7.0730
v -16.9850 1.2300 -7.1270
f 1921 1922 1923 1924
v -17.0250 3.0700 -7.1270
v -16.9850 3.0700 -7.1270
v -16.9850 3.0700 -7.0730
v -17.0250 3.0700 -7.0730
f 1925 1926 1927 1928
v -17.0250 1.2300 -7.1270
v -16.9850 1.2300 -7.1270
v -16.9850 3.0700 -7.1270
v -17.0250 3.0700 -7.1270
f 1929 1930 1931 1932
v -16.9850 1.2300 -7.1270
v -16.9850 1.2300 -7.0730
v -16.9850 3.0700 -7.0730
v -16.9850 3.0700 -7.1270
f 1933 1934 1935 1936
v -16.9850 1.2300 -7.0730
v -17.0250 1.2300 -7.0730
v -17.0250 3.0700 -7.0730
v -16.9850 3.0700 -7.0730
f 1937 1938 1939 1940
v -17.0250 1.2300 -7.0730
v -17.0250 1.2300 -7.1270
v -17.0250 3.0700 -7.1270
v -17.0250 3.0700 -7.0730
f 1941 1942 1943 1944
g level_1_detail_sill
usemtl trim
v -16.9850 0.9800 -7.9200
v -16.9850 0.9800 -6.2800
v -16.7250 0.9800 -6.2800
v -16.7250 0.9800 -7.9200
f 1945 1946 1947 1948
v -16.9850 1.1100 -7.9200
v -16.7250 1.1100 -7.9200
v -16.7250 1.1100 -6.2800
v -16.9850 1.1100 -6.2800
f 1949 1950 1951 1952
v -16.9850 0.9800 -7.9200
v -16.7250 0.9800 -7.9200
v -16.7250 1.1100 -7.9200
v -16.9850 1.1100 -7.9200
f 1953 1954 1955 1956
v -16.7250 0.9800 -7.9200
v -16.7250 0.9800 -6.2800
v -16.7250 1.1100 -6.2800
v -16.7250 1.1100 -7.9200
f 1957 1958 1959 1960
v -16.7250 0.9800 -6.2800
v -16.9850 0.9800 -6.2800
v -16.9850 1.1100 -6.2800
v -16.7250 1.1100 -6.2800
f 1961 1962 1963 1964
v -16.9850 0.9800 -6.2800
v -16.9850 0.9800 -7.9200
v -16.9850 1.1100 -7.9200
v -16.9850 1.1100 -6.2800
f 1965 1966 1967 1968
g level_1_detail_window_frame
v 16.8250 1.1000 -7.8200
v 16.8250 1.1000 -6.3800
v 16.9250 1.1000 -6.3800
v 16.9250 1.1000 -7.8200
f 1969 1970 1971 1972
v 16.8250 3.2000 -7.8200
v 16.9250 3.2000 -7.8200
v 16.9250 3.2000 -6.3800
v 16.8250 3.2000 -6.3800
f 1973 1974 1975 1976
v 16.8250 1.1000 -7.8200
v 16.9250 1.1000 -7.8200
v 16.9250 3.2000 -7.8200
v 16.8250 3.2000 -7.8200
f 1977 1978 1979 1980
v 16.9250 1.1000 -7.8200
v 16.9250 1.1000 -6.3800
v 16.9250 3.2000 -6.3800
v 16.9250 3.2000 -7.8200
f 1981 1982 1983 1984
v 16.9250 1.1000 -6.3800
v 16.8250 1.1000 -6.3800
v 16.8250 3.2000 -6.3800
v 16.9250 3.2000 -6.3800
f 1985 1986 1987 1988
v 16.8250 1.1000 -6.3800
v 16.8250 1.1000 -7.8200
v 16.8250 3.2000 -7.8200
v 16.8250 3.2000 -6.3800
f 1989 1990 1991 1992
g level_1_detail_window_glass
usemtl glass
v 16.9250 1.2400 -7.6900
v 16.9250 1.2400 -6.5100
v 16.9850 1.2400 -6.5100
v 16.9850 1.2400 -7.6900
f 1993 1994 1995 1996
v 16.9250 3.0400 -7.6900
v 16.9850 3.0400 -7.6900
v 16.9850 3.0400 -6.5100
v 16.9250 3.0400 -6.5100
f 1997 1998 1999 2000
v 16.9250 1.2400 -7.6900
v 16.9850 1.2400 -7.6900
v 16.9850 3.0400 -7.6900
v 16.9250 3.0400 -7.6900
f 2001 2002 2003 2004
v 16.9850 1.2400 -7.6900
v 16.9850 1.2400 -6.5100
v 16.9850 3.0400 -6.5100
v 16.9850 3.0400 -7.6900
f 2005 2006 2007 2008
v 16.9850 1.2400 -6.5100
v 16.9250 1.2400 -6.5100
v 16.9250 3.0400 -6.5100
v 16.9850 3.0400 -6.5100
f 2009 2010 2011 2012
v 16.9250 1.2400 -6.5100
v 16.9250 1.2400 -7.6900
v 16.9250 3.0400 -7.6900
v 16.9250 3.0400 -6.5100
f 2013 2014 2015 2016
g level_1_detail_window_mullion
usemtl frame
v 16.9950 1.2300 -7.1270
v 16.9950 1.2300 -7.0730
v 17.0350 1.2300 -7.0730
v 17.0350 1.2300 -7.1270
f 2017 2018 2019 2020
v 16.9950 3.0700 -7.1270
v 17.0350 3.0700 -7.1270
v 17.0350 3.0700 -7.0730
v 16.9950 3.0700 -7.0730
f 2021 2022 2023 2024
v 16.9950 1.2300 -7.1270
v 17.0350 1.2300 -7.1270
v 17.0350 3.0700 -7.1270
v 16.9950 3.0700 -7.1270
f 2025 2026 2027 2028
v 17.0350 1.2300 -7.1270
v 17.0350 1.2300 -7.0730
v 17.0350 3.0700 -7.0730
v 17.0350 3.0700 -7.1270
f 2029 2030 2031 2032
v 17.0350 1.2300 -7.0730
v 16.9950 1.2300 -7.0730
v 16.9950 3.0700 -7.0730
v 17.0350 3.0700 -7.0730
f 2033 2034 2035 2036
v 16.9950 1.2300 -7.0730
v 16.9950 1.2300 -7.1270
v 16.9950 3.0700 -7.1270
v 16.9950 3.0700 -7.0730
f 2037 2038 2039 2040
g level_1_detail_sill
usemtl trim
v 16.7650 0.9800 -7.9200
v 16.7650 0.9800 -6.2800
v 17.0250 0.9800 -6.2800
v 17.0250 0.9800 -7.9200
f 2041 2042 2043 2044
v 16.7650 1.1100 -7.9200
v 17.0250 1.1100 -7.9200
v 17.0250 1.1100 -6.2800
v 16.7650 1.1100 -6.2800
f 2045 2046 2047 2048
v 16.7650 0.9800 -7.9200
v 17.0250 0.9800 -7.9200
v 17.0250 1.1100 -7.9200
v 16.7650 1.1100 -7.9200
f 2049 2050 2051 2052
v 17.0250 0.9800 -7.9200
v 17.0250 0.9800 -6.2800
v 17.0250 1.1100 -6.2800
v 17.0250 1.1100 -7.9200
f 2053 2054 2055 2056
v 17.0250 0.9800 -6.2800
v 16.7650 0.9800 -6.2800
v 16.7650 1.1100 -6.2800
v 17.0250 1.1100 -6.2800
f 2057 2058 2059 2060
v 16.7650 0.9800 -6.2800
v 16.7650 0.9800 -7.9200
v 16.7650 1.1100 -7.9200
v 16.7650 1.1100 -6.2800
f 2061 2062 2063 2064
g level_1_detail_window_frame
v -16.9250 1.1000 -4.2200
v -16.9250 1.1000 -2.7800
v -16.8250 1.1000 -2.7800
v -16.8250 1.1000 -4.2200
f 2065 2066 2067 2068
v -16.9250 3.2000 -4.2200
v -16.8250 3.2000 -4.2200
v -16.8250 3.2000 -2.7800
v -16.9250 3.2000 -2.7800
f 2069 2070 2071 2072
v -16.9250 1.1000 -4.2200
v -16.8250 1.1000 -4.2200
v -16.8250 3.2000 -4.2200
v -16.9250 3.2000 -4.2200
f 2073 2074 2075 2076
v -16.8250 1.1000 -4.2200
v -16.8250 1.1000 -2.7800
v -16.8250 3.2000 -2.7800
v -16.8250 3.2000 -4.2200
f 2077 2078 2079 2080
v -16.8250 1.1000 -2.7800
v -16.9250 1.1000 -2.7800
v -16.9250 3.2000 -2.7800
v -16.8250 3.2000 -2.7800
f 2081 2082 2083 2084
v -16.9250 1.1000 -2.7800
v -16.9250 1.1000 -4.2200
v -16.9250 3.2000 -4.2200
v -16.9250 3.2000 -2.7800
f 2085 2086 2087 2088
g level_1_detail_window_glass
usemtl glass
v -16.9850 1.2400 -4.0900
v -16.9850 1.2400 -2.9100
v -16.9250 1.2400 -2.9100
v -16.9250 1.2400 -4.0900
f 2089 2090 2091 2092
v -16.9850 3.0400 -4.0900
v -16.9250 3.0400 -4.0900
v -16.9250 3.0400 -2.9100
v -16.9850 3.0400 -2.9100
f 2093 2094 2095 2096
v -16.9850 1.2400 -4.0900
v -16.9250 1.2400 -4.0900
v -16.9250 3.0400 -4.0900
v -16.9850 3.0400 -4.0900
f 2097 2098 2099 2100
v -16.9250 1.2400 -4.0900
v -16.9250 1.2400 -2.9100
v -16.9250 3.0400 -2.9100
v -16.9250 3.0400 -4.0900
f 2101 2102 2103 2104
v -16.9250 1.2400 -2.9100
v -16.9850 1.2400 -2.9100
v -16.9850 3.0400 -2.9100
v -16.9250 3.0400 -2.9100
f 2105 2106 2107 2108
v -16.9850 1.2400 -2.9100
v -16.9850 1.2400 -4.0900
v -16.9850 3.0400 -4.0900
v -16.9850 3.0400 -2.9100
f 2109 2110 2111 2112
g level_1_detail_window_mullion
usemtl frame
v -17.0250 1.2300 -3.5270
v -17.0250 1.2300 -3.4730
v -16.9850 1.2300 -3.4730
v -16.9850 1.2300 -3.5270
f 2113 2114 2115 2116
v -17.0250 3.0700 -3.5270
v -16.9850 3.0700 -3.5270
v -16.9850 3.0700 -3.4730
v -17.0250 3.0700 -3.4730
f 2117 2118 2119 2120
v -17.0250 1.2300 -3.5270
v -16.9850 1.2300 -3.5270
v -16.9850 3.0700 -3.5270
v -17.0250 3.0700 -3.5270
f 2121 2122 2123 2124
v -16.9850 1.2300 -3.5270
v -16.9850 1.2300 -3.4730
v -16.9850 3.0700 -3.4730
v -16.9850 3.0700 -3.5270
f 2125 2126 2127 2128
v -16.9850 1.2300 -3.4730
v -17.0250 1.2300 -3.4730
v -17.0250 3.0700 -3.4730
v -16.9850 3.0700 -3.4730
f 2129 2130 2131 2132
v -17.0250 1.2300 -3.4730
v -17.0250 1.2300 -3.5270
v -17.0250 3.0700 -3.5270
v -17.0250 3.0700 -3.4730
f 2133 2134 2135 2136
g level_1_detail_sill
usemtl trim
v -16.9850 0.9800 -4.3200
v -16.9850 0.9800 -2.6800
v -16.7250 0.9800 -2.6800
v -16.7250 0.9800 -4.3200
f 2137 2138 2139 2140
v -16.9850 1.1100 -4.3200
v -16.7250 1.1100 -4.3200
v -16.7250 1.1100 -2.6800
v -16.9850 1.1100 -2.6800
f 2141 2142 2143 2144
v -16.9850 0.9800 -4.3200
v -16.7250 0.9800 -4.3200
v -16.7250 1.1100 -4.3200
v -16.9850 1.1100 -4.3200
f 2145 2146 2147 2148
v -16.7250 0.9800 -4.3200
v -16.7250 0.9800 -2.6800
v -16.7250 1.1100 -2.6800
v -16.7250 1.1100 -4.3200
f 2149 2150 2151 2152
v -16.7250 0.9800 -2.6800
v -16.9850 0.9800 -2.6800
v -16.9850 1.1100 -2.6800
v -16.7250 1.1100 -2.6800
f 2153 2154 2155 2156
v -16.9850 0.9800 -2.6800
v -16.9850 0.9800 -4.3200
v -16.9850 1.1100 -4.3200
v -16.9850 1.1100 -2.6800
f 2157 2158 2159 2160
g level_1_detail_window_frame
v 16.8250 1.1000 -4.2200
v 16.8250 1.1000 -2.7800
v 16.9250 1.1000 -2.7800
v 16.9250 1.1000 -4.2200
f 2161 2162 2163 2164
v 16.8250 3.2000 -4.2200
v 16.9250 3.2000 -4.2200
v 16.9250 3.2000 -2.7800
v 16.8250 3.2000 -2.7800
f 2165 2166 2167 2168
v 16.8250 1.1000 -4.2200
v 16.9250 1.1000 -4.2200
v 16.9250 3.2000 -4.2200
v 16.8250 3.2000 -4.2200
f 2169 2170 2171 2172
v 16.9250 1.1000 -4.2200
v 16.9250 1.1000 -2.7800
v 16.9250 3.2000 -2.7800
v 16.9250 3.2000 -4.2200
f 2173 2174 2175 2176
v 16.9250 1.1000 -2.7800
v 16.8250 1.1000 -2.7800
v 16.8250 3.2000 -2.7800
v 16.9250 3.2000 -2.7800
f 2177 2178 2179 2180
v 16.8250 1.1000 -2.7800
v 16.8250 1.1000 -4.2200
v 16.8250 3.2000 -4.2200
v 16.8250 3.2000 -2.7800
f 2181 2182 2183 2184
g level_1_detail_window_glass
usemtl glass
v 16.9250 1.2400 -4.0900
v 16.9250 1.2400 -2.9100
v 16.9850 1.2400 -2.9100
v 16.9850 1.2400 -4.0900
f 2185 2186 2187 2188
v 16.9250 3.0400 -4.0900
v 16.9850 3.0400 -4.0900
v 16.9850 3.0400 -2.9100
v 16.9250 3.0400 -2.9100
f 2189 2190 2191 2192
v 16.9250 1.2400 -4.0900
v 16.9850 1.2400 -4.0900
v 16.9850 3.0400 -4.0900
v 16.9250 3.0400 -4.0900
f 2193 2194 2195 2196
v 16.9850 1.2400 -4.0900
v 16.9850 1.2400 -2.9100
v 16.9850 3.0400 -2.9100
v 16.9850 3.0400 -4.0900
f 2197 2198 2199 2200
v 16.9850 1.2400 -2.9100
v 16.9250 1.2400 -2.9100
v 16.9250 3.0400 -2.9100
v 16.9850 3.0400 -2.9100
f 2201 2202 2203 2204
v 16.9250 1.2400 -2.9100
v 16.9250 1.2400 -4.0900
v 16.9250 3.0400 -4.0900
v 16.9250 3.0400 -2.9100
f 2205 2206 2207 2208
g level_1_detail_window_mullion
usemtl frame
v 16.9950 1.2300 -3.5270
v 16.9950 1.2300 -3.4730
v 17.0350 1.2300 -3.4730
v 17.0350 1.2300 -3.5270
f 2209 2210 2211 2212
v 16.9950 3.0700 -3.5270
v 17.0350 3.0700 -3.5270
v 17.0350 3.0700 -3.4730
v 16.9950 3.0700 -3.4730
f 2213 2214 2215 2216
v 16.9950 1.2300 -3.5270
v 17.0350 1.2300 -3.5270
v 17.0350 3.0700 -3.5270
v 16.9950 3.0700 -3.5270
f 2217 2218 2219 2220
v 17.0350 1.2300 -3.5270
v 17.0350 1.2300 -3.4730
v 17.0350 3.0700 -3.4730
v 17.0350 3.0700 -3.5270
f 2221 2222 2223 2224
v 17.0350 1.2300 -3.4730
v 16.9950 1.2300 -3.4730
v 16.9950 3.0700 -3.4730
v 17.0350 3.0700 -3.4730
f 2225 2226 2227 2228
v 16.9950 1.2300 -3.4730
v 16.9950 1.2300 -3.5270
v 16.9950 3.0700 -3.5270
v 16.9950 3.0700 -3.4730
f 2229 2230 2231 2232
g level_1_detail_sill
usemtl trim
v 16.7650 0.9800 -4.3200
v 16.7650 0.9800 -2.6800
v 17.0250 0.9800 -2.6800
v 17.0250 0.9800 -4.3200
f 2233 2234 2235 2236
v 16.7650 1.1100 -4.3200
v 17.0250 1.1100 -4.3200
v 17.0250 1.1100 -2.6800
v 16.7650 1.1100 -2.6800
f 2237 2238 2239 2240
v 16.7650 0.9800 -4.3200
v 17.0250 0.9800 -4.3200
v 17.0250 1.1100 -4.3200
v 16.7650 1.1100 -4.3200
f 2241 2242 2243 2244
v 17.0250 0.9800 -4.3200
v 17.0250 0.9800 -2.6800
v 17.0250 1.1100 -2.6800
v 17.0250 1.1100 -4.3200
f 2245 2246 2247 2248
v 17.0250 0.9800 -2.6800
v 16.7650 0.9800 -2.6800
v 16.7650 1.1100 -2.6800
v 17.0250 1.1100 -2.6800
f 2249 2250 2251 2252
v 16.7650 0.9800 -2.6800
v 16.7650 0.9800 -4.3200
v 16.7650 1.1100 -4.3200
v 16.7650 1.1100 -2.6800
f 2253 2254 2255 2256
g level_1_detail_window_frame
v -16.9250 1.1000 -0.6200
v -16.9250 1.1000 0.8200
v -16.8250 1.1000 0.8200
v -16.8250 1.1000 -0.6200
f 2257 2258 2259 2260
v -16.9250 3.2000 -0.6200
v -16.8250 3.2000 -0.6200
v -16.8250 3.2000 0.8200
v -16.9250 3.2000 0.8200
f 2261 2262 2263 2264
v -16.9250 1.1000 -0.6200
v -16.8250 1.1000 -0.6200
v -16.8250 3.2000 -0.6200
v -16.9250 3.2000 -0.6200
f 2265 2266 2267 2268
v -16.8250 1.1000 -0.6200
v -16.8250 1.1000 0.8200
v -16.8250 3.2000 0.8200
v -16.8250 3.2000 -0.6200
f 2269 2270 2271 2272
v -16.8250 1.1000 0.8200
v -16.9250 1.1000 0.8200
v -16.9250 3.2000 0.8200
v -16.8250 3.2000 0.8200
f 2273 2274 2275 2276
v -16.9250 1.1000 0.8200
v -16.9250 1.1000 -0.6200
v -16.9250 3.2000 -0.6200
v -16.9250 3.2000 0.8200
f 2277 2278 2279 2280
g level_1_detail_window_glass
usemtl glass
v -16.9850 1.2400 -0.4900
v -16.9850 1.2400 0.6900
v -16.9250 1.2400 0.6900
v -16.9250 1.2400 -0.4900
f 2281 2282 2283 2284
v -16.9850 3.0400 -0.4900
v -16.9250 3.0400 -0.4900
v -16.9250 3.0400 0.6900
v -16.9850 3.0400 0.6900
f 2285 2286 2287 2288
v -16.9850 1.2400 -0.4900
v -16.9250 1.2400 -0.4900
v -16.9250 3.0400 -0.4900
v -16.9850 3.0400 -0.4900
f 2289 2290 2291 2292
v -16.9250 1.2400 -0.4900
v -16.9250 1.2400 0.6900
v -16.9250 3.0400 0.6900
v -16.9250 3.0400 -0.4900
f 2293 2294 2295 2296
v -16.9250 1.2400 0.6900
v -16.9850 1.2400 0.6900
v -16.9850 3.0400 0.6900
v -16.9250 3.0400 0.6900
f 2297 2298 2299 2300
v -16.9850 1.2400 0.6900
v -16.9850 1.2400 -0.4900
v -16.9850 3.0400 -0.4900
v -16.9850 3.0400 0.6900
f 2301 2302 2303 2304
g level_1_detail_window_mullion
usemtl frame
v -17.0250 1.2300 0.0730
v -17.0250 1.2300 0.1270
v -16.9850 1.2300 0.1270
v -16.9850 1.2300 0.0730
f 2305 2306 2307 2308
v -17.0250 3.0700 0.0730
v -16.9850 3.0700 0.0730
v -16.9850 3.0700 0.1270
v -17.0250 3.0700 0.1270
f 2309 2310 2311 2312
v -17.0250 1.2300 0.0730
v -16.9850 1.2300 0.0730
v -16.9850 3.0700 0.0730
v -17.0250 3.0700 0.0730
f 2313 2314 2315 2316
v -16.9850 1.2300 0.0730
v -16.9850 1.2300 0.1270
v -16.9850 3.0700 0.1270
v -16.9850 3.0700 0.0730
f 2317 2318 2319 2320
v -16.9850 1.2300 0.1270
v -17.0250 1.2300 0.1270
v -17.0250 3.0700 0.1270
v -16.9850 3.0700 0.1270
f 2321 2322 2323 2324
v -17.0250 1.2300 0.1270
v -17.0250 1.2300 0.0730
v -17.0250 3.0700 0.0730
v -17.0250 3.0700 0.1270
f 2325 2326 2327 2328
g level_1_detail_sill
usemtl trim
v -16.9850 0.9800 -0.7200
v -16.9850 0.9800 0.9200
v -16.7250 0.9800 0.9200
v -16.7250 0.9800 -0.7200
f 2329 2330 2331 2332
v -16.9850 1.1100 -0.7200
v -16.7250 1.1100 -0.7200
v -16.7250 1.1100 0.9200
v -16.9850 1.1100 0.9200
f 2333 2334 2335 2336
v -16.9850 0.9800 -0.7200
v -16.7250 0.9800 -0.7200
v -16.7250 1.1100 -0.7200
v -16.9850 1.1100 -0.7200
f 2337 2338 2339 2340
v -16.7250 0.9800 -0.7200
v -16.7250 0.9800 0.9200
v -16.7250 1.1100 0.9200
v -16.7250 1.1100 -0.7200
f 2341 2342 2343 2344
v -16.7250 0.9800 0.9200
v -16.9850 0.9800 0.9200
v -16.9850 1.1100 0.9200
v -16.7250 1.1100 0.9200
f 2345 2346 2347 2348
v -16.9850 0.9800 0.9200
v -16.9850 0.9800 -0.7200
v -16.9850 1.1100 -0.7200
v -16.9850 1.1100 0.9200
f 2349 2350 2351 2352
g level_1_detail_window_frame
v 16.8250 1.1000 -0.6200
v 16.8250 1.1000 0.8200
v 16.9250 1.1000 0.8200
v 16.9250 1.1000 -0.6200
f 2353 2354 2355 2356
v 16.8250 3.2000 -0.6200
v 16.9250 3.2000 -0.6200
v 16.9250 3.2000 0.8200
v 16.8250 3.2000 0.8200
f 2357 2358 2359 2360
v 16.8250 1.1000 -0.6200
v 16.9250 1.1000 -0.6200
v 16.9250 3.2000 -0.6200
v 16.8250 3.2000 -0.6200
f 2361 2362 2363 2364
v 16.9250 1.1000 -0.6200
v 16.9250 1.1000 0.8200
v 16.9250 3.2000 0.8200
v 16.9250 3.2000 -0.6200
f 2365 2366 2367 2368
v 16.9250 1.1000 0.8200
v 16.8250 1.1000 0.8200
v 16.8250 3.2000 0.8200
v 16.9250 3.2000 0.8200
f 2369 2370 2371 2372
v 16.8250 1.1000 0.8200
v 16.8250 1.1000 -0.6200
v 16.8250 3.2000 -0.6200
v 16.8250 3.2000 0.8200
f 2373 2374 2375 2376
g level_1_detail_window_glass
usemtl glass
v 16.9250 1.2400 -0.4900
v 16.9250 1.2400 0.6900
v 16.9850 1.2400 0.6900
v 16.9850 1.2400 -0.4900
f 2377 2378 2379 2380
v 16.9250 3.0400 -0.4900
v 16.9850 3.0400 -0.4900
v 16.9850 3.0400 0.6900
v 16.9250 3.0400 0.6900
f 2381 2382 2383 2384
v 16.9250 1.2400 -0.4900
v 16.9850 1.2400 -0.4900
v 16.9850 3.0400 -0.4900
v 16.9250 3.0400 -0.4900
f 2385 2386 2387 2388
v 16.9850 1.2400 -0.4900
v 16.9850 1.2400 0.6900
v 16.9850 3.0400 0.6900
v 16.9850 3.0400 -0.4900
f 2389 2390 2391 2392
v 16.9850 1.2400 0.6900
v 16.9250 1.2400 0.6900
v 16.9250 3.0400 0.6900
v 16.9850 3.0400 0.6900
f 2393 2394 2395 2396
v 16.9250 1.2400 0.6900
v 16.9250 1.2400 -0.4900
v 16.9250 3.0400 -0.4900
v 16.9250 3.0400 0.6900
f 2397 2398 2399 2400
g level_1_detail_window_mullion
usemtl frame
v 16.9950 1.2300 0.0730
v 16.9950 1.2300 0.1270
v 17.0350 1.2300 0.1270
v 17.0350 1.2300 0.0730
f 2401 2402 2403 2404
v 16.9950 3.0700 0.0730
v 17.0350 3.0700 0.0730
v 17.0350 3.0700 0.1270
v 16.9950 3.0700 0.1270
f 2405 2406 2407 2408
v 16.9950 1.2300 0.0730
v 17.0350 1.2300 0.0730
v 17.0350 3.0700 0.0730
v 16.9950 3.0700 0.0730
f 2409 2410 2411 2412
v 17.0350 1.2300 0.0730
v 17.0350 1.2300 0.1270
v 17.0350 3.0700 0.1270
v 17.0350 3.0700 0.0730
f 2413 2414 2415 2416
v 17.0350 1.2300 0.1270
v 16.9950 1.2300 0.1270
v 16.9950 3.0700 0.1270
v 17.0350 3.0700 0.1270
f 2417 2418 2419 2420
v 16.9950 1.2300 0.1270
v 16.9950 1.2300 0.0730
v 16.9950 3.0700 0.0730
v 16.9950 3.0700 0.1270
f 2421 2422 2423 2424
g level_1_detail_sill
usemtl trim
v 16.7650 0.9800 -0.7200
v 16.7650 0.9800 0.9200
v 17.0250 0.9800 0.9200
v 17.0250 0.9800 -0.7200
f 2425 2426 2427 2428
v 16.7650 1.1100 -0.7200
v 17.0250 1.1100 -0.7200
v 17.0250 1.1100 0.9200
v 16.7650 1.1100 0.9200
f 2429 2430 2431 2432
v 16.7650 0.9800 -0.7200
v 17.0250 0.9800 -0.7200
v 17.0250 1.1100 -0.7200
v 16.7650 1.1100 -0.7200
f 2433 2434 2435 2436
v 17.0250 0.9800 -0.7200
v 17.0250 0.9800 0.9200
v 17.0250 1.1100 0.9200
v 17.0250 1.1100 -0.7200
f 2437 2438 2439 2440
v 17.0250 0.9800 0.9200
v 16.7650 0.9800 0.9200
v 16.7650 1.1100 0.9200
v 17.0250 1.1100 0.9200
f 2441 2442 2443 2444
v 16.7650 0.9800 0.9200
v 16.7650 0.9800 -0.7200
v 16.7650 1.1100 -0.7200
v 16.7650 1.1100 0.9200
f 2445 2446 2447 2448
g level_1_detail_window_frame
v -16.9250 1.1000 2.9800
v -16.9250 1.1000 4.4200
v -16.8250 1.1000 4.4200
v -16.8250 1.1000 2.9800
f 2449 2450 2451 2452
v -16.9250 3.2000 2.9800
v -16.8250 3.2000 2.9800
v -16.8250 3.2000 4.4200
v -16.9250 3.2000 4.4200
f 2453 2454 2455 2456
v -16.9250 1.1000 2.9800
v -16.8250 1.1000 2.9800
v -16.8250 3.2000 2.9800
v -16.9250 3.2000 2.9800
f 2457 2458 2459 2460
v -16.8250 1.1000 2.9800
v -16.8250 1.1000 4.4200
v -16.8250 3.2000 4.4200
v -16.8250 3.2000 2.9800
f 2461 2462 2463 2464
v -16.8250 1.1000 4.4200
v -16.9250 1.1000 4.4200
v -16.9250 3.2000 4.4200
v -16.8250 3.2000 4.4200
f 2465 2466 2467 2468
v -16.9250 1.1000 4.4200
v -16.9250 1.1000 2.9800
v -16.9250 3.2000 2.9800
v -16.9250 3.2000 4.4200
f 2469 2470 2471 2472
g level_1_detail_window_glass
usemtl glass
v -16.9850 1.2400 3.1100
v -16.9850 1.2400 4.2900
v -16.9250 1.2400 4.2900
v -16.9250 1.2400 3.1100
f 2473 2474 2475 2476
v -16.9850 3.0400 3.1100
v -16.9250 3.0400 3.1100
v -16.9250 3.0400 4.2900
v -16.9850 3.0400 4.2900
f 2477 2478 2479 2480
v -16.9850 1.2400 3.1100
v -16.9250 1.2400 3.1100
v -16.9250 3.0400 3.1100
v -16.9850 3.0400 3.1100
f 2481 2482 2483 2484
v -16.9250 1.2400 3.1100
v -16.9250 1.2400 4.2900
v -16.9250 3.0400 4.2900
v -16.9250 3.0400 3.1100
f 2485 2486 2487 2488
v -16.9250 1.2400 4.2900
v -16.9850 1.2400 4.2900
v -16.9850 3.0400 4.2900
v -16.9250 3.0400 4.2900
f 2489 2490 2491 2492
v -16.9850 1.2400 4.2900
v -16.9850 1.2400 3.1100
v -16.9850 3.0400 3.1100
v -16.9850 3.0400 4.2900
f 2493 2494 2495 2496
g level_1_detail_window_mullion
usemtl frame
v -17.0250 1.2300 3.6730
v -17.0250 1.2300 3.7270
v -16.9850 1.2300 3.7270
v -16.9850 1.2300 3.6730
f 2497 2498 2499 2500
v -17.0250 3.0700 3.6730
v -16.9850 3.0700 3.6730
v -16.9850 3.0700 3.7270
v -17.0250 3.0700 3.7270
f 2501 2502 2503 2504
v -17.0250 1.2300 3.6730
v -16.9850 1.2300 3.6730
v -16.9850 3.0700 3.6730
v -17.0250 3.0700 3.6730
f 2505 2506 2507 2508
v -16.9850 1.2300 3.6730
v -16.9850 1.2300 3.7270
v -16.9850 3.0700 3.7270
v -16.9850 3.0700 3.6730
f 2509 2510 2511 2512
v -16.9850 1.2300 3.7270
v -17.0250 1.2300 3.7270
v -17.0250 3.0700 3.7270
v -16.9850 3.0700 3.7270
f 2513 2514 2515 2516
v -17.0250 1.2300 3.7270
v -17.0250 1.2300 3.6730
v -17.0250 3.0700 3.6730
v -17.0250 3.0700 3.7270
f 2517 2518 2519 2520
g level_1_detail_sill
usemtl trim
v -16.9850 0.9800 2.8800
v -16.9850 0.9800 4.5200
v -16.7250 0.9800 4.5200
v -16.7250 0.9800 2.8800
f 2521 2522 2523 2524
v -16.9850 1.1100 2.8800
v -16.7250 1.1100 2.8800
v -16.7250 1.1100 4.5200
v -16.9850 1.1100 4.5200
f 2525 2526 2527 2528
v -16.9850 0.9800 2.8800
v -16.7250 0.9800 2.8800
v -16.7250 1.1100 2.8800
v -16.9850 1.1100 2.8800
f 2529 2530 2531 2532
v -16.7250 0.9800 2.8800
v -16.7250 0.9800 4.5200
v -16.7250 1.1100 4.5200
v -16.7250 1.1100 2.8800
f 2533 2534 2535 2536
v -16.7250 0.9800 4.5200
v -16.9850 0.9800 4.5200
v -16.9850 1.1100 4.5200
v -16.7250 1.1100 4.5200
f 2537 2538 2539 2540
v -16.9850 0.9800 4.5200
v -16.9850 0.9800 2.8800
v -16.9850 1.1100 2.8800
v -16.9850 1.1100 4.5200
f 2541 2542 2543 2544
g level_1_detail_window_frame
v 16.8250 1.1000 2.9800
v 16.8250 1.1000 4.4200
v 16.9250 1.1000 4.4200
v 16.9250 1.1000 2.9800
f 2545 2546 2547 2548
v 16.8250 3.2000 2.9800
v 16.9250 3.2000 2.9800
v 16.9250 3.2000 4.4200
v 16.8250 3.2000 4.4200
f 2549 2550 2551 2552
v 16.8250 1.1000 2.9800
v 16.9250 1.1000 2.9800
v 16.9250 3.2000 2.9800
v 16.8250 3.2000 2.9800
f 2553 2554 2555 2556
v 16.9250 1.1000 2.9800
v 16.9250 1.1000 4.4200
v 16.9250 3.2000 4.4200
v 16.9250 3.2000 2.9800
f 2557 2558 2559 2560
v 16.9250 1.1000 4.4200
v 16.8250 1.1000 4.4200
v 16.8250 3.2000 4.4200
v 16.9250 3.2000 4.4200
f 2561 2562 2563 2564
v 16.8250 1.1000 4.4200
v 16.8250 1.1000 2.9800
v 16.8250 3.2000 2.9800
v 16.8250 3.2000 4.4200
f 2565 2566 2567 2568
g level_1_detail_window_glass
usemtl glass
v 16.9250 1.2400 3.1100
v 16.9250 1.2400 4.2900
v 16.9850 1.2400 4.2900
v 16.9850 1.2400 3.1100
f 2569 2570 2571 2572
v 16.9250 3.0400 3.1100
v 16.9850 3.0400 3.1100
v 16.9850 3.0400 4.2900
v 16.9250 3.0400 4.2900
f 2573 2574 2575 2576
v 16.9250 1.2400 3.1100
v 16.9850 1.2400 3.1100
v 16.9850 3.0400 3.1100
v 16.9250 3.0400 3.1100
f 2577 2578 2579 2580
v 16.9850 1.2400 3.1100
v 16.9850 1.2400 4.2900
v 16.9850 3.0400 4.2900
v 16.9850 3.0400 3.1100
f 2581 2582 2583 2584
v 16.9850 1.2400 4.2900
v 16.9250 1.2400 4.2900
v 16.9250 3.0400 4.2900
v 16.9850 3.0400 4.2900
f 2585 2586 2587 2588
v 16.9250 1.2400 4.2900
v 16.9250 1.2400 3.1100
v 16.9250 3.0400 3.1100
v 16.9250 3.0400 4.2900
f 2589 2590 2591 2592
g level_1_detail_window_mullion
usemtl frame
v 16.9950 1.2300 3.6730
v 16.9950 1.2300 3.7270
v 17.0350 1.2300 3.7270
v 17.0350 1.2300 3.6730
f 2593 2594 2595 2596
v 16.9950 3.0700 3.6730
v 17.0350 3.0700 3.6730
v 17.0350 3.0700 3.7270
v 16.9950 3.0700 3.7270
f 2597 2598 2599 2600
v 16.9950 1.2300 3.6730
v 17.0350 1.2300 3.6730
v 17.0350 3.0700 3.6730
v 16.9950 3.0700 3.6730
f 2601 2602 2603 2604
v 17.0350 1.2300 3.6730
v 17.0350 1.2300 3.7270
v 17.0350 3.0700 3.7270
v 17.0350 3.0700 3.6730
f 2605 2606 2607 2608
v 17.0350 1.2300 3.7270
v 16.9950 1.2300 3.7270
v 16.9950 3.0700 3.7270
v 17.0350 3.0700 3.7270
f 2609 2610 2611 2612
v 16.9950 1.2300 3.7270
v 16.9950 1.2300 3.6730
v 16.9950 3.0700 3.6730
v 16.9950 3.0700 3.7270
f 2613 2614 2615 2616
g level_1_detail_sill
usemtl trim
v 16.7650 0.9800 2.8800
v 16.7650 0.9800 4.5200
v 17.0250 0.9800 4.5200
v 17.0250 0.9800 2.8800
f 2617 2618 2619 2620
v 16.7650 1.1100 2.8800
v 17.0250 1.1100 2.8800
v 17.0250 1.1100 4.5200
v 16.7650 1.1100 4.5200
f 2621 2622 2623 2624
v 16.7650 0.9800 2.8800
v 17.0250 0.9800 2.8800
v 17.0250 1.1100 2.8800
v 16.7650 1.1100 2.8800
f 2625 2626 2627 2628
v 17.0250 0.9800 2.8800
v 17.0250 0.9800 4.5200
v 17.0250 1.1100 4.5200
v 17.0250 1.1100 2.8800
f 2629 2630 2631 2632
v 17.0250 0.9800 4.5200
v 16.7650 0.9800 4.5200
v 16.7650 1.1100 4.5200
v 17.0250 1.1100 4.5200
f 2633 2634 2635 2636
v 16.7650 0.9800 4.5200
v 16.7650 0.9800 2.8800
v 16.7650 1.1100 2.8800
v 16.7650 1.1100 4.5200
f 2637 2638 2639 2640
g level_1_detail_window_frame
v -16.9250 1.1000 6.5800
v -16.9250 1.1000 8.0200
v -16.8250 1.1000 8.0200
v -16.8250 1.1000 6.5800
f 2641 2642 2643 2644
v -16.9250 3.2000 6.5800
v -16.8250 3.2000 6.5800
v -16.8250 3.2000 8.0200
v -16.9250 3.2000 8.0200
f 2645 2646 2647 2648
v -16.9250 1.1000 6.5800
v -16.8250 1.1000 6.5800
v -16.8250 3.2000 6.5800
v -16.9250 3.2000 6.5800
f 2649 2650 2651 2652
v -16.8250 1.1000 6.5800
v -16.8250 1.1000 8.0200
v -16.8250 3.2000 8.0200
v -16.8250 3.2000 6.5800
f 2653 2654 2655 2656
v -16.8250 1.1000 8.0200
v -16.9250 1.1000 8.0200
v -16.9250 3.2000 8.0200
v -16.8250 3.2000 8.0200
f 2657 2658 2659 2660
v -16.9250 1.1000 8.0200
v -16.9250 1.1000 6.5800
v -16.9250 3.2000 6.5800
v -16.9250 3.2000 8.0200
f 2661 2662 2663 2664
g level_1_detail_window_glass
usemtl glass
v -16.9850 1.2400 6.7100
v -16.9850 1.2400 7.8900
v -16.9250 1.2400 7.8900
v -16.9250 1.2400 6.7100
f 2665 2666 2667 2668
v -16.9850 3.0400 6.7100
v -16.9250 3.0400 6.7100
v -16.9250 3.0400 7.8900
v -16.9850 3.0400 7.8900
f 2669 2670 2671 2672
v -16.9850 1.2400 6.7100
v -16.9250 1.2400 6.7100
v -16.9250 3.0400 6.7100
v -16.9850 3.0400 6.7100
f 2673 2674 2675 2676
v -16.9250 1.2400 6.7100
v -16.9250 1.2400 7.8900
v -16.9250 3.0400 7.8900
v -16.9250 3.0400 6.7100
f 2677 2678 2679 2680
v -16.9250 1.2400 7.8900
v -16.9850 1.2400 7.8900
v -16.9850 3.0400 7.8900
v -16.9250 3.0400 7.8900
f 2681 2682 2683 2684
v -16.9850 1.2400 7.8900
v -16.9850 1.2400 6.7100
v -16.9850 3.0400 6.7100
v -16.9850 3.0400 7.8900
f 2685 2686 2687 2688
g level_1_detail_window_mullion
usemtl frame
v -17.0250 1.2300 7.2730
v -17.0250 1.2300 7.3270
v -16.9850 1.2300 7.3270
v -16.9850 1.2300 7.2730
f 2689 2690 2691 2692
v -17.0250 3.0700 7.2730
v -16.9850 3.0700 7.2730
v -16.9850 3.0700 7.3270
v -17.0250 3.0700 7.3270
f 2693 2694 2695 2696
v -17.0250 1.2300 7.2730
v -16.9850 1.2300 7.2730
v -16.9850 3.0700 7.2730
v -17.0250 3.0700 7.2730
f 2697 2698 2699 2700
v -16.9850 1.2300 7.2730
v -16.9850 1.2300 7.3270
v -16.9850 3.0700 7.3270
v -16.9850 3.0700 7.2730
f 2701 2702 2703 2704
v -16.9850 1.2300 7.3270
v -17.0250 1.2300 7.3270
v -17.0250 3.0700 7.3270
v -16.9850 3.0700 7.3270
f 2705 2706 2707 2708
v -17.0250 1.2300 7.3270
v -17.0250 1.2300 7.2730
v -17.0250 3.0700 7.2730
v -17.0250 3.0700 7.3270
f 2709 2710 2711 2712
g level_1_detail_sill
usemtl trim
v -16.9850 0.9800 6.4800
v -16.9850 0.9800 8.1200
v -16.7250 0.9800 8.1200
v -16.7250 0.9800 6.4800
f 2713 2714 2715 2716
v -16.9850 1.1100 6.4800
v -16.7250 1.1100 6.4800
v -16.7250 1.1100 8.1200
v -16.9850 1.1100 8.1200
f 2717 2718 2719 2720
v -16.9850 0.9800 6.4800
v -16.7250 0.9800 6.4800
v -16.7250 1.1100 6.4800
v -16.9850 1.1100 6.4800
f 2721 2722 2723 2724
v -16.7250 0.9800 6.4800
v -16.7250 0.9800 8.1200
v -16.7250 1.1100 8.1200
v -16.7250 1.1100 6.4800
f 2725 2726 2727 2728
v -16.7250 0.9800 8.1200
v -16.9850 0.9800 8.1200
v -16.9850 1.1100 8.1200
v -16.7250 1.1100 8.1200
f 2729 2730 2731 2732
v -16.9850 0.9800 8.1200
v -16.9850 0.9800 6.4800
v -16.9850 1.1100 6.4800
v -16.9850 1.1100 8.1200
f 2733 2734 2735 2736
g level_1_detail_window_frame
v 16.8250 1.1000 6.5800
v 16.8250 1.1000 8.0200
v 16.9250 1.1000 8.0200
v 16.9250 1.1000 6.5800
f 2737 2738 2739 2740
v 16.8250 3.2000 6.5800
v 16.9250 3.2000 6.5800
v 16.9250 3.2000 8.0200
v 16.8250 3.2000 8.0200
f 2741 2742 2743 2744
v 16.8250 1.1000 6.5800
v 16.9250 1.1000 6.5800
v 16.9250 3.2000 6.5800
v 16.8250 3.2000 6.5800
f 2745 2746 2747 2748
v 16.9250 1.1000 6.5800
v 16.9250 1.1000 8.0200
v 16.9250 3.2000 8.0200
v 16.9250 3.2000 6.5800
f 2749 2750 2751 2752
v 16.9250 1.1000 8.0200
v 16.8250 1.1000 8.0200
v 16.8250 3.2000 8.0200
v 16.9250 3.2000 8.0200
f 2753 2754 2755 2756
v 16.8250 1.1000 8.0200
v 16.8250 1.1000 6.5800
v 16.8250 3.2000 6.5800
v 16.8250 3.2000 8.0200
f 2757 2758 2759 2760
g level_1_detail_window_glass
usemtl glass
v 16.9250 1.2400 6.7100
v 16.9250 1.2400 7.8900
v 16.9850 1.2400 7.8900
v 16.9850 1.2400 6.7100
f 2761 2762 2763 2764
v 16.9250 3.0400 6.7100
v 16.9850 3.0400 6.7100
v 16.9850 3.0400 7.8900
v 16.9250 3.0400 7.8900
f 2765 2766 2767 2768
v 16.9250 1.2400 6.7100
v 16.9850 1.2400 6.7100
v 16.9850 3.0400 6.7100
v 16.9250 3.0400 6.7100
f 2769 2770 2771 2772
v 16.9850 1.2400 6.7100
v 16.9850 1.2400 7.8900
v 16.9850 3.0400 7.8900
v 16.9850 3.0400 6.7100
f 2773 2774 2775 2776
v 16.9850 1.2400 7.8900
v 16.9250 1.2400 7.8900
v 16.9250 3.0400 7.8900
v 16.9850 3.0400 7.8900
f 2777 2778 2779 2780
v 16.9250 1.2400 7.8900
v 16.9250 1.2400 6.7100
v 16.9250 3.0400 6.7100
v 16.9250 3.0400 7.8900
f 2781 2782 2783 2784
g level_1_detail_window_mullion
usemtl frame
v 16.9950 1.2300 7.2730
v 16.9950 1.2300 7.3270
v 17.0350 1.2300 7.3270
v 17.0350 1.2300 7.2730
f 2785 2786 2787 2788
v 16.9950 3.0700 7.2730
v 17.0350 3.0700 7.2730
v 17.0350 3.0700 7.3270
v 16.9950 3.0700 7.3270
f 2789 2790 2791 2792
v 16.9950 1.2300 7.2730
v 17.0350 1.2300 7.2730
v 17.0350 3.0700 7.2730
v 16.9950 3.0700 7.2730
f 2793 2794 2795 2796
v 17.0350 1.2300 7.2730
v 17.0350 1.2300 7.3270
v 17.0350 3.0700 7.3270
v 17.0350 3.0700 7.2730
f 2797 2798 2799 2800
v 17.0350 1.2300 7.3270
v 16.9950 1.2300 7.3270
v 16.9950 3.0700 7.3270
v 17.0350 3.0700 7.3270
f 2801 2802 2803 2804
v 16.9950 1.2300 7.3270
v 16.9950 1.2300 7.2730
v 16.9950 3.0700 7.2730
v 16.9950 3.0700 7.3270
f 2805 2806 2807 2808
g level_1_detail_sill
usemtl trim
v 16.7650 0.9800 6.4800
v 16.7650 0.9800 8.1200
v 17.0250 0.9800 8.1200
v 17.0250 0.9800 6.4800
f 2809 2810 2811 2812
v 16.7650 1.1100 6.4800
v 17.0250 1.1100 6.4800
v 17.0250 1.1100 8.1200
v 16.7650 1.1100 8.1200
f 2813 2814 2815 2816
v 16.7650 0.9800 6.4800
v 17.0250 0.9800 6.4800
v 17.0250 1.1100 6.4800
v 16.7650 1.1100 6.4800
f 2817 2818 2819 2820
v 17.0250 0.9800 6.4800
v 17.0250 0.9800 8.1200
v 17.0250 1.1100 8.1200
v 17.0250 1.1100 6.4800
f 2821 2822 2823 2824
v 17.0250 0.9800 8.1200
v 16.7650 0.9800 8.1200
v 16.7650 1.1100 8.1200
v 17.0250 1.1100 8.1200
f 2825 2826 2827 2828
v 16.7650 0.9800 8.1200
v 16.7650 0.9800 6.4800
v 16.7650 1.1100 6.4800
v 16.7650 1.1100 8.1200
f 2829 2830 2831 2832
g level_1_detail_window_frame
v -8.6150 1.1000 -11.0200
v -8.6150 1.1000 -9.5800
v -8.5150 1.1000 -9.5800
v -8.5150 1.1000 -11.0200
f 2833 2834 2835 2836
v -8.6150 3.2000 -11.0200
v -8.5150 3.2000 -11.0200
v -8.5150 3.2000 -9.5800
v -8.6150 3.2000 -9.5800
f 2837 2838 2839 2840
v -8.6150 1.1000 -11.0200
v -8.5150 1.1000 -11.0200
v -8.5150 3.2000 -11.0200
v -8.6150 3.2000 -11.0200
f 2841 2842 2843 2844
v -8.5150 1.1000 -11.0200
v -8.5150 1.1000 -9.5800
v -8.5150 3.2000 -9.5800
v -8.5150 3.2000 -11.0200
f 2845 2846 2847 2848
v -8.5150 1.1000 -9.5800
v -8.6150 1.1000 -9.5800
v -8.6150 3.2000 -9.5800
v -8.5150 3.2000 -9.5800
f 2849 2850 2851 2852
v -8.6150 1.1000 -9.5800
v -8.6150 1.1000 -11.0200
v -8.6150 3.2000 -11.0200
v -8.6150 3.2000 -9.5800
f 2853 2854 2855 2856
g level_1_detail_window_glass
usemtl glass
v -8.5150 1.2400 -10.8900
v -8.5150 1.2400 -9.7100
v -8.4550 1.2400 -9.7100
v -8.4550 1.2400 -10.8900
f 2857 2858 2859 2860
v -8.5150 3.0400 -10.8900
v -8.4550 3.0400 -10.8900
v -8.4550 3.0400 -9.7100
v -8.5150 3.0400 -9.7100
f 2861 2862 2863 2864
v -8.5150 1.2400 -10.8900
v -8.4550 1.2400 -10.8900
v -8.4550 3.0400 -10.8900
v -8.5150 3.0400 -10.8900
f 2865 2866 2867 2868
v -8.4550 1.2400 -10.8900
v -8.4550 1.2400 -9.7100
v -8.4550 3.0400 -9.7100
v -8.4550 3.0400 -10.8900
f 2869 2870 2871 2872
v -8.4550 1.2400 -9.7100
v -8.5150 1.2400 -9.7100
v -8.5150 3.0400 -9.7100
v -8.4550 3.0400 -9.7100
f 2873 2874 2875 2876
v -8.5150 1.2400 -9.7100
v -8.5150 1.2400 -10.8900
v -8.5150 3.0400 -10.8900
v -8.5150 3.0400 -9.7100
f 2877 2878 2879 2880
g level_1_detail_window_mullion
usemtl frame
v -8.4450 1.2300 -10.3270
v -8.4450 1.2300 -10.2730
v -8.4050 1.2300 -10.2730
v -8.4050 1.2300 -10.3270
f 2881 2882 2883 2884
v -8.4450 3.0700 -10.3270
v -8.4050 3.0700 -10.3270
v -8.4050 3.0700 -10.2730
v -8.4450 3.0700 -10.2730
f 2885 2886 2887 2888
v -8.4450 1.2300 -10.3270
v -8.4050 1.2300 -10.3270
v -8.4050 3.0700 -10.3270
v -8.4450 3.0700 -10.3270
f 2889 2890 2891 2892
v -8.4050 1.2300 -10.3270
v -8.4050 1.2300 -10.2730
v -8.4050 3.0700 -10.2730
v -8.4050 3.0700 -10.3270
f 2893 2894 2895 2896
v -8.4050 1.2300 -10.2730
v -8.4450 1.2300 -10.2730
v -8.4450 3.0700 -10.2730
v -8.4050 3.0700 -10.2730
f 2897 2898 2899 2900
v -8.4450 1.2300 -10.2730
v -8.4450 1.2300 -10.3270
v -8.4450 3.0700 -10.3270
v -8.4450 3.0700 -10.2730
f 2901 2902 2903 2904
g level_1_detail_sill
usemtl trim
v -8.6750 0.9800 -11.1200
v -8.6750 0.9800 -9.4800
v -8.4150 0.9800 -9.4800
v -8.4150 0.9800 -11.1200
f 2905 2906 2907 2908
v -8.6750 1.1100 -11.1200
v -8.4150 1.1100 -11.1200
v -8.4150 1.1100 -9.4800
v -8.6750 1.1100 -9.4800
f 2909 2910 2911 2912
v -8.6750 0.9800 -11.1200
v -8.4150 0.9800 -11.1200
v -8.4150 1.1100 -11.1200
v -8.6750 1.1100 -11.1200
f 2913 2914 2915 2916
v -8.4150 0.9800 -11.1200
v -8.4150 0.9800 -9.4800
v -8.4150 1.1100 -9.4800
v -8.4150 1.1100 -11.1200
f 2917 2918 2919 2920
v -8.4150 0.9800 -9.4800
v -8.6750 0.9800 -9.4800
v -8.6750 1.1100 -9.4800
v -8.4150 1.1100 -9.4800
f 2921 2922 2923 2924
v -8.6750 0.9800 -9.4800
v -8.6750 0.9800 -11.1200
v -8.6750 1.1100 -11.1200
v -8.6750 1.1100 -9.4800
f 2925 2926 2927 2928
g level_1_detail_window_frame
v 8.5150 1.1000 -11.0200
v 8.5150 1.1000 -9.5800
v 8.6150 1.1000 -9.5800
v 8.6150 1.1000 -11.0200
f 2929 2930 2931 2932
v 8.5150 3.2000 -11.0200
v 8.6150 3.2000 -11.0200
v 8.6150 3.2000 -9.5800
v 8.5150 3.2000 -9.5800
f 2933 2934 2935 2936
v 8.5150 1.1000 -11.0200
v 8.6150 1.1000 -11.0200
v 8.6150 3.2000 -11.0200
v 8.5150 3.2000 -11.0200
f 2937 2938 2939 2940
v 8.6150 1.1000 -11.0200
v 8.6150 1.1000 -9.5800
v 8.6150 3.2000 -9.5800
v 8.6150 3.2000 -11.0200
f 2941 2942 2943 2944
v 8.6150 1.1000 -9.5800
v 8.5150 1.1000 -9.5800
v 8.5150 3.2000 -9.5800
v 8.6150 3.2000 -9.5800
f 2945 2946 2947 2948
v 8.5150 1.1000 -9.5800
v 8.5150 1.1000 -11.0200
v 8.5150 3.2000 -11.0200
v 8.5150 3.2000 -9.5800
f 2949 2950 2951 2952
g level_1_detail_window_glass
usemtl glass
v 8.4550 1.2400 -10.8900
v 8.4550 1.2400 -9.7100
v 8.5150 1.2400 -9.7100
v 8.5150 1.2400 -10.8900
f 2953 2954 2955 2956
v 8.4550 3.0400 -10.8900
v 8.5150 3.0400 -10.8900
v 8.5150 3.0400 -9.7100
v 8.4550 3.0400 -9.7100
f 2957 2958 2959 2960
v 8.4550 1.2400 -10.8900
v 8.5150 1.2400 -10.8900
v 8.5150 3.0400 -10.8900
v 8.4550 3.0400 -10.8900
f 2961 2962 2963 2964
v 8.5150 1.2400 -10.8900
v 8.5150 1.2400 -9.7100
v 8.5150 3.0400 -9.7100
v 8.5150 3.0400 -10.8900
f 2965 2966 2967 2968
v 8.5150 1.2400 -9.7100
v 8.4550 1.2400 -9.7100
v 8.4550 3.0400 -9.7100
v 8.5150 3.0400 -9.7100
f 2969 2970 2971 2972
v 8.4550 1.2400 -9.7100
v 8.4550 1.2400 -10.8900
v 8.4550 3.0400 -10.8900
v 8.4550 3.0400 -9.7100
f 2973 2974 2975 2976
g level_1_detail_window_mullion
usemtl frame
v 8.4150 1.2300 -10.3270
v 8.4150 1.2300 -10.2730
v 8.4550 1.2300 -10.2730
v 8.4550 1.2300 -10.3270
f 2977 2978 2979 2980
v 8.4150 3.0700 -10.3270
v 8.4550 3.0700 -10.3270
v 8.4550 3.0700 -10.2730
v 8.4150 3.0700 -10.2730
f 2981 2982 2983 2984
v 8.4150 1.2300 -10.3270
v 8.4550 1.2300 -10.3270
v 8.4550 3.0700 -10.3270
v 8.4150 3.0700 -10.3270
f 2985 2986 2987 2988
v 8.4550 1.2300 -10.3270
v 8.4550 1.2300 -10.2730
v 8.4550 3.0700 -10.2730
v 8.4550 3.0700 -10.3270
f 2989 2990 2991 2992
v 8.4550 1.2300 -10.2730
v 8.4150 1.2300 -10.2730
v 8.4150 3.0700 -10.2730
v 8.4550 3.0700 -10.2730
f 2993 2994 2995 2996
v 8.4150 1.2300 -10.2730
v 8.4150 1.2300 -10.3270
v 8.4150 3.0700 -10.3270
v 8.4150 3.0700 -10.2730
f 2997 2998 2999 3000
g level_1_detail_sill
usemtl trim
v 8.4550 0.9800 -11.1200
v 8.4550 0.9800 -9.4800
v 8.7150 0.9800 -9.4800
v 8.7150 0.9800 -11.1200
f 3001 3002 3003 3004
v 8.4550 1.1100 -11.1200
v 8.7150 1.1100 -11.1200
v 8.7150 1.1100 -9.4800
v 8.4550 1.1100 -9.4800
f 3005 3006 3007 3008
v 8.4550 0.9800 -11.1200
v 8.7150 0.9800 -11.1200
v 8.7150 1.1100 -11.1200
v 8.4550 1.1100 -11.1200
f 3009 3010 3011 3012
v 8.7150 0.9800 -11.1200
v 8.7150 0.9800 -9.4800
v 8.7150 1.1100 -9.4800
v 8.7150 1.1100 -11.1200
f 3013 3014 3015 3016
v 8.7150 0.9800 -9.4800
v 8.4550 0.9800 -9.4800
v 8.4550 1.1100 -9.4800
v 8.7150 1.1100 -9.4800
f 3017 3018 3019 3020
v 8.4550 0.9800 -9.4800
v 8.4550 0.9800 -11.1200
v 8.4550 1.1100 -11.1200
v 8.4550 1.1100 -9.4800
f 3021 3022 3023 3024
g level_1_detail_window_frame
v -8.6150 1.1000 -7.3200
v -8.6150 1.1000 -5.8800
v -8.5150 1.1000 -5.8800
v -8.5150 1.1000 -7.3200
f 3025 3026 3027 3028
v -8.6150 3.2000 -7.3200
v -8.5150 3.2000 -7.3200
v -8.5150 3.2000 -5.8800
v -8.6150 3.2000 -5.8800
f 3029 3030 3031 3032
v -8.6150 1.1000 -7.3200
v -8.5150 1.1000 -7.3200
v -8.5150 3.2000 -7.3200
v -8.6150 3.2000 -7.3200
f 3033 3034 3035 3036
v -8.5150 1.1000 -7.3200
v -8.5150 1.1000 -5.8800
v -8.5150 3.2000 -5.8800
v -8.5150 3.2000 -7.3200
f 3037 3038 3039 3040
v -8.5150 1.1000 -5.8800
v -8.6150 1.1000 -5.8800
v -8.6150 3.2000 -5.8800
v -8.5150 3.2000 -5.8800
f 3041 3042 3043 3044
v -8.6150 1.1000 -5.8800
v -8.6150 1.1000 -7.3200
v -8.6150 3.2000 -7.3200
v -8.6150 3.2000 -5.8800
f 3045 3046 3047 3048
g level_1_detail_window_glass
usemtl glass
v -8.5150 1.2400 -7.1900
v -8.5150 1.2400 -6.0100
v -8.4550 1.2400 -6.0100
v -8.4550 1.2400 -7.1900
f 3049 3050 3051 3052
v -8.5150 3.0400 -7.1900
v -8.4550 3.0400 -7.1900
v -8.4550 3.0400 -6.0100
v -8.5150 3.0400 -6.0100
f 3053 3054 3055 3056
v -8.5150 1.2400 -7.1900
v -8.4550 1.2400 -7.1900
v -8.4550 3.0400 -7.1900
v -8.5150 3.0400 -7.1900
f 3057 3058 3059 3060
v -8.4550 1.2400 -7.1900
v -8.4550 1.2400 -6.0100
v -8.4550 3.0400 -6.0100
v -8.4550 3.0400 -7.1900
f 3061 3062 3063 3064
v -8.4550 1.2400 -6.0100
v -8.5150 1.2400 -6.0100
v -8.5150 3.0400 -6.0100
v -8.4550 3.0400 -6.0100
f 3065 3066 3067 3068
v -8.5150 1.2400 -6.0100
v -8.5150 1.2400 -7.1900
v -8.5150 3.0400 -7.1900
v -8.5150 3.0400 -6.0100
f 3069 3070 3071 3072
g level_1_detail_window_mullion
usemtl frame
v -8.4450 1.2300 -6.6270
v -8.4450 1.2300 -6.5730
v -8.4050 1.2300 -6.5730
v -8.4050 1.2300 -6.6270
f 3073 3074 3075 3076
v -8.4450 3.0700 -6.6270
v -8.4050 3.0700 -6.6270
v -8.4050 3.0700 -6.5730
v -8.4450 3.0700 -6.5730
f 3077 3078 3079 3080
v -8.4450 1.2300 -6.6270
v -8.4050 1.2300 -6.6270
v -8.4050 3.0700 -6.6270
v -8.4450 3.0700 -6.6270
f 3081 3082 3083 3084
v -8.4050 1.2300 -6.6270
v -8.4050 1.2300 -6.5730
v -8.4050 3.0700 -6.5730
v -8.4050 3.0700 -6.6270
f 3085 3086 3087 3088
v -8.4050 1.2300 -6.5730
v -8.4450 1.2300 -6.5730
v -8.4450 3.0700 -6.5730
v -8.4050 3.0700 -6.5730
f 3089 3090 3091 3092
v -8.4450 1.2300 -6.5730
v -8.4450 1.2300 -6.6270
v -8.4450 3.0700 -6.6270
v -8.4450 3.0700 -6.5730
f 3093 3094 3095 3096
g level_1_detail_sill
usemtl trim
v -8.6750 0.9800 -7.4200
v -8.6750 0.9800 -5.7800
v -8.4150 0.9800 -5.7800
v -8.4150 0.9800 -7.4200
f 3097 3098 3099 3100
v -8.6750 1.1100 -7.4200
v -8.4150 1.1100 -7.4200
v -8.4150 1.1100 -5.7800
v -8.6750 1.1100 -5.7800
f 3101 3102 3103 3104
v -8.6750 0.9800 -7.4200
v -8.4150 0.9800 -7.4200
v -8.4150 1.1100 -7.4200
v -8.6750 1.1100 -7.4200
f 3105 3106 3107 3108
v -8.4150 0.9800 -7.4200
v -8.4150 0.9800 -5.7800
v -8.4150 1.1100 -5.7800
v -8.4150 1.1100 -7.4200
f 3109 3110 3111 3112
v -8.4150 0.9800 -5.7800
v -8.6750 0.9800 -5.7800
v -8.6750 1.1100 -5.7800
v -8.4150 1.1100 -5.7800
f 3113 3114 3115 3116
v -8.6750 0.9800 -5.7800
v -8.6750 0.9800 -7.4200
v -8.6750 1.1100 -7.4200
v -8.6750 1.1100 -5.7800
f 3117 3118 3119 3120
g level_1_detail_window_frame
v 8.5150 1.1000 -7.3200
v 8.5150 1.1000 -5.8800
v 8.6150 1.1000 -5.8800
v 8.6150 1.1000 -7.3200
f 3121 3122 3123 3124
v 8.5150 3.2000 -7.3200
v 8.6150 3.2000 -7.3200
v 8.6150 3.2000 -5.8800
v 8.5150 3.2000 -5.8800
f 3125 3126 3127 3128
v 8.5150 1.1000 -7.3200
v 8.6150 1.1000 -7.3200
v 8.6150 3.2000 -7.3200
v 8.5150 3.2000 -7.3200
f 3129 3130 3131 3132
v 8.6150 1.1000 -7.3200
v 8.6150 1.1000 -5.8800
v 8.6150 3.2000 -5.8800
v 8.6150 3.2000 -7.3200
f 3133 3134 3135 3136
v 8.6150 1.1000 -5.8800
v 8.5150 1.1000 -5.8800
v 8.5150 3.2000 -5.8800
v 8.6150 3.2000 -5.8800
f 3137 3138 3139 3140
v 8.5150 1.1000 -5.8800
v 8.5150 1.1000 -7.3200
v 8.5150 3.2000 -7.3200
v 8.5150 3.2000 -5.8800
f 3141 3142 3143 3144
g level_1_detail_window_glass
usemtl glass
v 8.4550 1.2400 -7.1900
v 8.4550 1.2400 -6.0100
v 8.5150 1.2400 -6.0100
v 8.5150 1.2400 -7.1900
f 3145 3146 3147 3148
v 8.4550 3.0400 -7.1900
v 8.5150 3.0400 -7.1900
v 8.5150 3.0400 -6.0100
v 8.4550 3.0400 -6.0100
f 3149 3150 3151 3152
v 8.4550 1.2400 -7.1900
v 8.5150 1.2400 -7.1900
v 8.5150 3.0400 -7.1900
v 8.4550 3.0400 -7.1900
f 3153 3154 3155 3156
v 8.5150 1.2400 -7.1900
v 8.5150 1.2400 -6.0100
v 8.5150 3.0400 -6.0100
v 8.5150 3.0400 -7.1900
f 3157 3158 3159 3160
v 8.5150 1.2400 -6.0100
v 8.4550 1.2400 -6.0100
v 8.4550 3.0400 -6.0100
v 8.5150 3.0400 -6.0100
f 3161 3162 3163 3164
v 8.4550 1.2400 -6.0100
v 8.4550 1.2400 -7.1900
v 8.4550 3.0400 -7.1900
v 8.4550 3.0400 -6.0100
f 3165 3166 3167 3168
g level_1_detail_window_mullion
usemtl frame
v 8.4150 1.2300 -6.6270
v 8.4150 1.2300 -6.5730
v 8.4550 1.2300 -6.5730
v 8.4550 1.2300 -6.6270
f 3169 3170 3171 3172
v 8.4150 3.0700 -6.6270
v 8.4550 3.0700 -6.6270
v 8.4550 3.0700 -6.5730
v 8.4150 3.0700 -6.5730
f 3173 3174 3175 3176
v 8.4150 1.2300 -6.6270
v 8.4550 1.2300 -6.6270
v 8.4550 3.0700 -6.6270
v 8.4150 3.0700 -6.6270
f 3177 3178 3179 3180
v 8.4550 1.2300 -6.6270
v 8.4550 1.2300 -6.5730
v 8.4550 3.0700 -6.5730
v 8.4550 3.0700 -6.6270
f 3181 3182 3183 3184
v 8.4550 1.2300 -6.5730
v 8.4150 1.2300 -6.5730
v 8.4150 3.0700 -6.5730
v 8.4550 3.0700 -6.5730
f 3185 3186 3187 3188
v 8.4150 1.2300 -6.5730
v 8.4150 1.2300 -6.6270
v 8.4150 3.0700 -6.6270
v 8.4150 3.0700 -6.5730
f 3189 3190 3191 3192
g level_1_detail_sill
usemtl trim
v 8.4550 0.9800 -7.4200
v 8.4550 0.9800 -5.7800
v 8.7150 0.9800 -5.7800
v 8.7150 0.9800 -7.4200
f 3193 3194 3195 3196
v 8.4550 1.1100 -7.4200
v 8.7150 1.1100 -7.4200
v 8.7150 1.1100 -5.7800
v 8.4550 1.1100 -5.7800
f 3197 3198 3199 3200
v 8.4550 0.9800 -7.4200
v 8.7150 0.9800 -7.4200
v 8.7150 1.1100 -7.4200
v 8.4550 1.1100 -7.4200
f 3201 3202 3203 3204
v 8.7150 0.9800 -7.4200
v 8.7150 0.9800 -5.7800
v 8.7150 1.1100 -5.7800
v 8.7150 1.1100 -7.4200
f 3205 3206 3207 3208
v 8.7150 0.9800 -5.7800
v 8.4550 0.9800 -5.7800
v 8.4550 1.1100 -5.7800
v 8.7150 1.1100 -5.7800
f 3209 3210 3211 3212
v 8.4550 0.9800 -5.7800
v 8.4550 0.9800 -7.4200
v 8.4550 1.1100 -7.4200
v 8.4550 1.1100 -5.7800
f 3213 3214 3215 3216
g level_1_detail_window_frame
v -8.6150 1.1000 -3.6200
v -8.6150 1.1000 -2.1800
v -8.5150 1.1000 -2.1800
v -8.5150 1.1000 -3.6200
f 3217 3218 3219 3220
v -8.6150 3.2000 -3.6200
v -8.5150 3.2000 -3.6200
v -8.5150 3.2000 -2.1800
v -8.6150 3.2000 -2.1800
f 3221 3222 3223 3224
v -8.6150 1.1000 -3.6200
v -8.5150 1.1000 -3.6200
v -8.5150 3.2000 -3.6200
v -8.6150 3.2000 -3.6200
f 3225 3226 3227 3228
v -8.5150 1.1000 -3.6200
v -8.5150 1.1000 -2.1800
v -8.5150 3.2000 -2.1800
v -8.5150 3.2000 -3.6200
f 3229 3230 3231 3232
v -8.5150 1.1000 -2.1800
v -8.6150 1.1000 -2.1800
v -8.6150 3.2000 -2.1800
v -8.5150 3.2000 -2.1800
f 3233 3234 3235 3236
v -8.6150 1.1000 -2.1800
v -8.6150 1.1000 -3.6200
v -8.6150 3.2000 -3.6200
v -8.6150 3.2000 -2.1800
f 3237 3238 3239 3240
g level_1_detail_window_glass
usemtl glass
v -8.5150 1.2400 -3.4900
v -8.5150 1.2400 -2.3100
v -8.4550 1.2400 -2.3100
v -8.4550 1.2400 -3.4900
f 3241 3242 3243 3244
v -8.5150 3.0400 -3.4900
v -8.4550 3.0400 -3.4900
v -8.4550 3.0400 -2.3100
v -8.5150 3.0400 -2.3100
f 3245 3246 3247 3248
v -8.5150 1.2400 -3.4900
v -8.4550 1.2400 -3.4900
v -8.4550 3.0400 -3.4900
v -8.5150 3.0400 -3.4900
f 3249 3250 3251 3252
v -8.4550 1.2400 -3.4900
v -8.4550 1.2400 -2.3100
v -8.4550 3.0400 -2.3100
v -8.4550 3.0400 -3.4900
f 3253 3254 3255 3256
v -8.4550 1.2400 -2.3100
v -8.5150 1.2400 -2.3100
v -8.5150 3.0400 -2.3100
v -8.4550 3.0400 -2.3100
f 3257 3258 3259 3260
v -8.5150 1.2400 -2.3100
v -8.5150 1.2400 -3.4900
v -8.5150 3.0400 -3.4900
v -8.5150 3.0400 -2.3100
f 3261 3262 3263 3264
g level_1_detail_window_mullion
usemtl frame
v -8.4450 1.2300 -2.9270
v -8.4450 1.2300 -2.8730
v -8.4050 1.2300 -2.8730
v -8.4050 1.2300 -2.9270
f 3265 3266 3267 3268
v -8.4450 3.0700 -2.9270
v -8.4050 3.0700 -2.9270
v -8.4050 3.0700 -2.8730
v -8.4450 3.0700 -2.8730
f 3269 3270 3271 3272
v -8.4450 1.2300 -2.9270
v -8.4050 1.2300 -2.9270
v -8.4050 3.0700 -2.9270
v -8.4450 3.0700 -2.9270
f 3273 3274 3275 3276
v -8.4050 1.2300 -2.9270
v -8.4050 1.2300 -2.8730
v -8.4050 3.0700 -2.8730
v -8.4050 3.0700 -2.9270
f 3277 3278 3279 3280
v -8.4050 1.2300 -2.8730
v -8.4450 1.2300 -2.8730
v -8.4450 3.0700 -2.8730
v -8.4050 3.0700 -2.8730
f 3281 3282 3283 3284
v -8.4450 1.2300 -2.8730
v -8.4450 1.2300 -2.9270
v -8.4450 3.0700 -2.9270
v -8.4450 3.0700 -2.8730
f 3285 3286 3287 3288
g level_1_detail_sill
usemtl trim
v -8.6750 0.9800 -3.7200
v -8.6750 0.9800 -2.0800
v -8.4150 0.9800 -2.0800
v -8.4150 0.9800 -3.7200
f 3289 3290 3291 3292
v -8.6750 1.1100 -3.7200
v -8.4150 1.1100 -3.7200
v -8.4150 1.1100 -2.0800
v -8.6750 1.1100 -2.0800
f 3293 3294 3295 3296
v -8.6750 0.9800 -3.7200
v -8.4150 0.9800 -3.7200
v -8.4150 1.1100 -3.7200
v -8.6750 1.1100 -3.7200
f 3297 3298 3299 3300
v -8.4150 0.9800 -3.7200
v -8.4150 0.9800 -2.0800
v -8.4150 1.1100 -2.0800
v -8.4150 1.1100 -3.7200
f 3301 3302 3303 3304
v -8.4150 0.9800 -2.0800
v -8.6750 0.9800 -2.0800
v -8.6750 1.1100 -2.0800
v -8.4150 1.1100 -2.0800
f 3305 3306 3307 3308
v -8.6750 0.9800 -2.0800
v -8.6750 0.9800 -3.7200
v -8.6750 1.1100 -3.7200
v -8.6750 1.1100 -2.0800
f 3309 3310 3311 3312
g level_1_detail_window_frame
v 8.5150 1.1000 -3.6200
v 8.5150 1.1000 -2.1800
v 8.6150 1.1000 -2.1800
v 8.6150 1.1000 -3.6200
f 3313 3314 3315 3316
v 8.5150 3.2000 -3.6200
v 8.6150 3.2000 -3.6200
v 8.6150 3.2000 -2.1800
v 8.5150 3.2000 -2.1800
f 3317 3318 3319 3320
v 8.5150 1.1000 -3.6200
v 8.6150 1.1000 -3.6200
v 8.6150 3.2000 -3.6200
v 8.5150 3.2000 -3.6200
f 3321 3322 3323 3324
v 8.6150 1.1000 -3.6200
v 8.6150 1.1000 -2.1800
v 8.6150 3.2000 -2.1800
v 8.6150 3.2000 -3.6200
f 3325 3326 3327 3328
v 8.6150 1.1000 -2.1800
v 8.5150 1.1000 -2.1800
v 8.5150 3.2000 -2.1800
v 8.6150 3.2000 -2.1800
f 3329 3330 3331 3332
v 8.5150 1.1000 -2.1800
v 8.5150 1.1000 -3.6200
v 8.5150 3.2000 -3.6200
v 8.5150 3.2000 -2.1800
f 3333 3334 3335 3336
g level_1_detail_window_glass
usemtl glass
v 8.4550 1.2400 -3.4900
v 8.4550 1.2400 -2.3100
v 8.5150 1.2400 -2.3100
v 8.5150 1.2400 -3.4900
f 3337 3338 3339 3340
v 8.4550 3.0400 -3.4900
v 8.5150 3.0400 -3.4900
v 8.5150 3.0400 -2.3100
v 8.4550 3.0400 -2.3100
f 3341 3342 3343 3344
v 8.4550 1.2400 -3.4900
v 8.5150 1.2400 -3.4900
v 8.5150 3.0400 -3.4900
v 8.4550 3.0400 -3.4900
f 3345 3346 3347 3348
v 8.5150 1.2400 -3.4900
v 8.5150 1.2400 -2.3100
v 8.5150 3.0400 -2.3100
v 8.5150 3.0400 -3.4900
f 3349 3350 3351 3352
v 8.5150 1.2400 -2.3100
v 8.4550 1.2400 -2.3100
v 8.4550 3.0400 -2.3100
v 8.5150 3.0400 -2.3100
f 3353 3354 3355 3356
v 8.4550 1.2400 -2.3100
v 8.4550 1.2400 -3.4900
v 8.4550 3.0400 -3.4900
v 8.4550 3.0400 -2.3100
f 3357 3358 3359 3360
g level_1_detail_window_mullion
usemtl frame
v 8.4150 1.2300 -2.9270
v 8.4150 1.2300 -2.8730
v 8.4550 1.2300 -2.8730
v 8.4550 1.2300 -2.9270
f 3361 3362 3363 3364
v 8.4150 3.0700 -2.9270
v 8.4550 3.0700 -2.9270
v 8.4550 3.0700 -2.8730
v 8.4150 3.0700 -2.8730
f 3365 3366 3367 3368
v 8.4150 1.2300 -2.9270
v 8.4550 1.2300 -2.9270
v 8.4550 3.0700 -2.9270
v 8.4150 3.0700 -2.9270
f 3369 3370 3371 3372
v 8.4550 1.2300 -2.9270
v 8.4550 1.2300 -2.8730
v 8.4550 3.0700 -2.8730
v 8.4550 3.0700 -2.9270
f 3373 3374 3375 3376
v 8.4550 1.2300 -2.8730
v 8.4150 1.2300 -2.8730
v 8.4150 3.0700 -2.8730
v 8.4550 3.0700 -2.8730
f 3377 3378 3379 3380
v 8.4150 1.2300 -2.8730
v 8.4150 1.2300 -2.9270
v 8.4150 3.0700 -2.9270
v 8.4150 3.0700 -2.8730
f 3381 3382 3383 3384
g level_1_detail_sill
usemtl trim
v 8.4550 0.9800 -3.7200
v 8.4550 0.9800 -2.0800
v 8.7150 0.9800 -2.0800
v 8.7150 0.9800 -3.7200
f 3385 3386 3387 3388
v 8.4550 1.1100 -3.7200
v 8.7150 1.1100 -3.7200
v 8.7150 1.1100 -2.0800
v 8.4550 1.1100 -2.0800
f 3389 3390 3391 3392
v 8.4550 0.9800 -3.7200
v 8.7150 0.9800 -3.7200
v 8.7150 1.1100 -3.7200
v 8.4550 1.1100 -3.7200
f 3393 3394 3395 3396
v 8.7150 0.9800 -3.7200
v 8.7150 0.9800 -2.0800
v 8.7150 1.1100 -2.0800
v 8.7150 1.1100 -3.7200
f 3397 3398 3399 3400
v 8.7150 0.9800 -2.0800
v 8.4550 0.9800 -2.0800
v 8.4550 1.1100 -2.0800
v 8.7150 1.1100 -2.0800
f 3401 3402 3403 3404
v 8.4550 0.9800 -2.0800
v 8.4550 0.9800 -3.7200
v 8.4550 1.1100 -3.7200
v 8.4550 1.1100 -2.0800
f 3405 3406 3407 3408
g level_1_detail_window_frame
v -8.6150 1.1000 0.0800
v -8.6150 1.1000 1.5200
v -8.5150 1.1000 1.5200
v -8.5150 1.1000 0.0800
f 3409 3410 3411 3412
v -8.6150 3.2000 0.0800
v -8.5150 3.2000 0.0800
v -8.5150 3.2000 1.5200
v -8.6150 3.2000 1.5200
f 3413 3414 3415 3416
v -8.6150 1.1000 0.0800
v -8.5150 1.1000 0.0800
v -8.5150 3.2000 0.0800
v -8.6150 3.2000 0.0800
f 3417 3418 3419 3420
v -8.5150 1.1000 0.0800
v -8.5150 1.1000 1.5200
v -8.5150 3.2000 1.5200
v -8.5150 3.2000 0.0800
f 3421 3422 3423 3424
v -8.5150 1.1000 1.5200
v -8.6150 1.1000 1.5200
v -8.6150 3.2000 1.5200
v -8.5150 3.2000 1.5200
f 3425 3426 3427 3428
v -8.6150 1.1000 1.5200
v -8.6150 1.1000 0.0800
v -8.6150 3.2000 0.0800
v -8.6150 3.2000 1.5200
f 3429 3430 3431 3432
g level_1_detail_window_glass
usemtl glass
v -8.5150 1.2400 0.2100
v -8.5150 1.2400 1.3900
v -8.4550 1.2400 1.3900
v -8.4550 1.2400 0.2100
f 3433 3434 3435 3436
v -8.5150 3.0400 0.2100
v -8.4550 3.0400 0.2100
v -8.4550 3.0400 1.3900
v -8.5150 3.0400 1.3900
f 3437 3438 3439 3440
v -8.5150 1.2400 0.2100
v -8.4550 1.2400 0.2100
v -8.4550 3.0400 0.2100
v -8.5150 3.0400 0.2100
f 3441 3442 3443 3444
v -8.4550 1.2400 0.2100
v -8.4550 1.2400 1.3900
v -8.4550 3.0400 1.3900
v -8.4550 3.0400 0.2100
f 3445 3446 3447 3448
v -8.4550 1.2400 1.3900
v -8.5150 1.2400 1.3900
v -8.5150 3.0400 1.3900
v -8.4550 3.0400 1.3900
f 3449 3450 3451 3452
v -8.5150 1.2400 1.3900
v -8.5150 1.2400 0.2100
v -8.5150 3.0400 0.2100
v -8.5150 3.0400 1.3900
f 3453 3454 3455 3456
g level_1_detail_window_mullion
usemtl frame
v -8.4450 1.2300 0.7730
v -8.4450 1.2300 0.8270
v -8.4050 1.2300 0.8270
v -8.4050 1.2300 0.7730
f 3457 3458 3459 3460
v -8.4450 3.0700 0.7730
v -8.4050 3.0700 0.7730
v -8.4050 3.0700 0.8270
v -8.4450 3.0700 0.8270
f 3461 3462 3463 3464
v -8.4450 1.2300 0.7730
v -8.4050 1.2300 0.7730
v -8.4050 3.0700 0.7730
v -8.4450 3.0700 0.7730
f 3465 3466 3467 3468
v -8.4050 1.2300 0.7730
v -8.4050 1.2300 0.8270
v -8.4050 3.0700 0.8270
v -8.4050 3.0700 0.7730
f 3469 3470 3471 3472
v -8.4050 1.2300 0.8270
v -8.4450 1.2300 0.8270
v -8.4450 3.0700 0.8270
v -8.4050 3.0700 0.8270
f 3473 3474 3475 3476
v -8.4450 1.2300 0.8270
v -8.4450 1.2300 0.7730
v -8.4450 3.0700 0.7730
v -8.4450 3.0700 0.8270
f 3477 3478 3479 3480
g level_1_detail_sill
usemtl trim
v -8.6750 0.9800 -0.0200
v -8.6750 0.9800 1.6200
v -8.4150 0.9800 1.6200
v -8.4150 0.9800 -0.0200
f 3481 3482 3483 3484
v -8.6750 1.1100 -0.0200
v -8.4150 1.1100 -0.0200
v -8.4150 1.1100 1.6200
v -8.6750 1.1100 1.6200
f 3485 3486 3487 3488
v -8.6750 0.9800 -0.0200
v -8.4150 0.9800 -0.0200
v -8.4150 1.1100 -0.0200
v -8.6750 1.1100 -0.0200
f 3489 3490 3491 3492
v -8.4150 0.9800 -0.0200
v -8.4150 0.9800 1.6200
v -8.4150 1.1100 1.6200
v -8.4150 1.1100 -0.0200
f 3493 3494 3495 3496
v -8.4150 0.9800 1.6200
v -8.6750 0.9800 1.6200
v -8.6750 1.1100 1.6200
v -8.4150 1.1100 1.6200
f 3497 3498 3499 3500
v -8.6750 0.9800 1.6200
v -8.6750 0.9800 -0.0200
v -8.6750 1.1100 -0.0200
v -8.6750 1.1100 1.6200
f 3501 3502 3503 3504
g level_1_detail_window_frame
v 8.5150 1.1000 0.0800
v 8.5150 1.1000 1.5200
v 8.6150 1.1000 1.5200
v 8.6150 1.1000 0.0800
f 3505 3506 3507 3508
v 8.5150 3.2000 0.0800
v 8.6150 3.2000 0.0800
v 8.6150 3.2000 1.5200
v 8.5150 3.2000 1.5200
f 3509 3510 3511 3512
v 8.5150 1.1000 0.0800
v 8.6150 1.1000 0.0800
v 8.6150 3.2000 0.0800
v 8.5150 3.2000 0.0800
f 3513 3514 3515 3516
v 8.6150 1.1000 0.0800
v 8.6150 1.1000 1.5200
v 8.6150 3.2000 1.5200
v 8.6150 3.2000 0.0800
f 3517 3518 3519 3520
v 8.6150 1.1000 1.5200
v 8.5150 1.1000 1.5200
v 8.5150 3.2000 1.5200
v 8.6150 3.2000 1.5200
f 3521 3522 3523 3524
v 8.5150 1.1000 1.5200
v 8.5150 1.1000 0.0800
v 8.5150 3.2000 0.0800
v 8.5150 3.2000 1.5200
f 3525 3526 3527 3528
g level_1_detail_window_glass
usemtl glass
v 8.4550 1.2400 0.2100
v 8.4550 1.2400 1.3900
v 8.5150 1.2400 1.3900
v 8.5150 1.2400 0.2100
f 3529 3530 3531 3532
v 8.4550 3.0400 0.2100
v 8.5150 3.0400 0.2100
v 8.5150 3.0400 1.3900
v 8.4550 3.0400 1.3900
f 3533 3534 3535 3536
v 8.4550 1.2400 0.2100
v 8.5150 1.2400 0.2100
v 8.5150 3.0400 0.2100
v 8.4550 3.0400 0.2100
f 3537 3538 3539 3540
v 8.5150 1.2400 0.2100
v 8.5150 1.2400 1.3900
v 8.5150 3.0400 1.3900
v 8.5150 3.0400 0.2100
f 3541 3542 3543 3544
v 8.5150 1.2400 1.3900
v 8.4550 1.2400 1.3900
v 8.4550 3.0400 1.3900
v 8.5150 3.0400 1.3900
f 3545 3546 3547 3548
v 8.4550 1.2400 1.3900
v 8.4550 1.2400 0.2100
v 8.4550 3.0400 0.2100
v 8.4550 3.0400 1.3900
f 3549 3550 3551 3552
g level_1_detail_window_mullion
usemtl frame
v 8.4150 1.2300 0.7730
v 8.4150 1.2300 0.8270
v 8.4550 1.2300 0.8270
v 8.4550 1.2300 0.7730
f 3553 3554 3555 3556
v 8.4150 3.0700 0.7730
v 8.4550 3.0700 0.7730
v 8.4550 3.0700 0.8270
v 8.4150 3.0700 0.8270
f 3557 3558 3559 3560
v 8.4150 1.2300 0.7730
v 8.4550 1.2300 0.7730
v 8.4550 3.0700 0.7730
v 8.4150 3.0700 0.7730
f 3561 3562 3563 3564
v 8.4550 1.2300 0.7730
v 8.4550 1.2300 0.8270
v 8.4550 3.0700 0.8270
v 8.4550 3.0700 0.7730
f 3565 3566 3567 3568
v 8.4550 1.2300 0.8270
v 8.4150 1.2300 0.8270
v 8.4150 3.0700 0.8270
v 8.4550 3.0700 0.8270
f 3569 3570 3571 3572
v 8.4150 1.2300 0.8270
v 8.4150 1.2300 0.7730
v 8.4150 3.0700 0.7730
v 8.4150 3.0700 0.8270
f 3573 3574 3575 3576
g level_1_detail_sill
usemtl trim
v 8.4550 0.9800 -0.0200
v 8.4550 0.9800 1.6200
v 8.7150 0.9800 1.6200
v 8.7150 0.9800 -0.0200
f 3577 3578 3579 3580
v 8.4550 1.1100 -0.0200
v 8.7150 1.1100 -0.0200
v 8.7150 1.1100 1.6200
v 8.4550 1.1100 1.6200
f 3581 3582 3583 3584
v 8.4550 0.9800 -0.0200
v 8.7150 0.9800 -0.0200
v 8.7150 1.1100 -0.0200
v 8.4550 1.1100 -0.0200
f 3585 3586 3587 3588
v 8.7150 0.9800 -0.0200
v 8.7150 0.9800 1.6200
v 8.7150 1.1100 1.6200
v 8.7150 1.1100 -0.0200
f 3589 3590 3591 3592
v 8.7150 0.9800 1.6200
v 8.4550 0.9800 1.6200
v 8.4550 1.1100 1.6200
v 8.7150 1.1100 1.6200
f 3593 3594 3595 3596
v 8.4550 0.9800 1.6200
v 8.4550 0.9800 -0.0200
v 8.4550 1.1100 -0.0200
v 8.4550 1.1100 1.6200
f 3597 3598 3599 3600
g level_1_detail_window_frame
v -7.4200 1.1000 2.4950
v -7.4200 1.1000 2.5950
v -5.9800 1.1000 2.5950
v -5.9800 1.1000 2.4950
f 3601 3602 3603 3604
v -7.4200 3.2000 2.4950
v -5.9800 3.2000 2.4950
v -5.9800 3.2000 2.5950
v -7.4200 3.2000 2.5950
f 3605 3606 3607 3608
v -7.4200 1.1000 2.4950
v -5.9800 1.1000 2.4950
v -5.9800 3.2000 2.4950
v -7.4200 3.2000 2.4950
f 3609 3610 3611 3612
v -5.9800 1.1000 2.4950
v -5.9800 1.1000 2.5950
v -5.9800 3.2000 2.5950
v -5.9800 3.2000 2.4950
f 3613 3614 3615 3616
v -5.9800 1.1000 2.5950
v -7.4200 1.1000 2.5950
v -7.4200 3.2000 2.5950
v -5.9800 3.2000 2.5950
f 3617 3618 3619 3620
v -7.4200 1.1000 2.5950
v -7.4200 1.1000 2.4950
v -7.4200 3.2000 2.4950
v -7.4200 3.2000 2.5950
f 3621 3622 3623 3624
g level_1_detail_window_glass
usemtl glass
v -7.2900 1.2400 2.4250
v -7.2900 1.2400 2.4850
v -6.1100 1.2400 2.4850
v -6.1100 1.2400 2.4250
f 3625 3626 3627 3628
v -7.2900 3.0400 2.4250
v -6.1100 3.0400 2.4250
v -6.1100 3.0400 2.4850
v -7.2900 3.0400 2.4850
f 3629 3630 3631 3632
v -7.2900 1.2400 2.4250
v -6.1100 1.2400 2.4250
v -6.1100 3.0400 2.4250
v -7.2900 3.0400 2.4250
f 3633 3634 3635 3636
v -6.1100 1.2400 2.4250
v -6.1100 1.2400 2.4850
v -6.1100 3.0400 2.4850
v -6.1100 3.0400 2.4250
f 3637 3638 3639 3640
v -6.1100 1.2400 2.4850
v -7.2900 1.2400 2.4850
v -7.2900 3.0400 2.4850
v -6.1100 3.0400 2.4850
f 3641 3642 3643 3644
v -7.2900 1.2400 2.4850
v -7.2900 1.2400 2.4250
v -7.2900 3.0400 2.4250
v -7.2900 3.0400 2.4850
f 3645 3646 3647 3648
g level_1_detail_window_mullion
usemtl frame
v -6.7270 1.2300 2.3650
v -6.7270 1.2300 2.4100
v -6.6730 1.2300 2.4100
v -6.6730 1.2300 2.3650
f 3649 3650 3651 3652
v -6.7270 3.0700 2.3650
v -6.6730 3.0700 2.3650
v -6.6730 3.0700 2.4100
v -6.7270 3.0700 2.4100
f 3653 3654 3655 3656
v -6.7270 1.2300 2.3650
v -6.6730 1.2300 2.3650
v -6.6730 3.0700 2.3650
v -6.7270 3.0700 2.3650
f 3657 3658 3659 3660
v -6.6730 1.2300 2.3650
v -6.6730 1.2300 2.4100
v -6.6730 3.0700 2.4100
v -6.6730 3.0700 2.3650
f 3661 3662 3663 3664
v -6.6730 1.2300 2.4100
v -6.7270 1.2300 2.4100
v -6.7270 3.0700 2.4100
v -6.6730 3.0700 2.4100
f 3665 3666 3667 3668
v -6.7270 1.2300 2.4100
v -6.7270 1.2300 2.3650
v -6.7270 3.0700 2.3650
v -6.7270 3.0700 2.4100
f 3669 3670 3671 3672
g level_1_detail_window_transom
v -7.3100 2.2800 2.3650
v -7.3100 2.2800 2.4100
v -6.0900 2.2800 2.4100
v -6.0900 2.2800 2.3650
f 3673 3674 3675 3676
v -7.3100 2.3300 2.3650
v -6.0900 2.3300 2.3650
v -6.0900 2.3300 2.4100
v -7.3100 2.3300 2.4100
f 3677 3678 3679 3680
v -7.3100 2.2800 2.3650
v -6.0900 2.2800 2.3650
v -6.0900 2.3300 2.3650
v -7.3100 2.3300 2.3650
f 3681 3682 3683 3684
v -6.0900 2.2800 2.3650
v -6.0900 2.2800 2.4100
v -6.0900 2.3300 2.4100
v -6.0900 2.3300 2.3650
f 3685 3686 3687 3688
v -6.0900 2.2800 2.4100
v -7.3100 2.2800 2.4100
v -7.3100 2.3300 2.4100
v -6.0900 2.3300 2.4100
f 3689 3690 3691 3692
v -7.3100 2.2800 2.4100
v -7.3100 2.2800 2.3650
v -7.3100 2.3300 2.3650
v -7.3100 2.3300 2.4100
f 3693 3694 3695 3696
g level_1_detail_sill
usemtl trim
v -7.5300 0.9800 2.4250
v -7.5300 0.9800 2.6850
v -5.8700 0.9800 2.6850
v -5.8700 0.9800 2.4250
f 3697 3698 3699 3700
v -7.5300 1.1100 2.4250
v -5.8700 1.1100 2.4250
v -5.8700 1.1100 2.6850
v -7.5300 1.1100 2.6850
f 3701 3702 3703 3704
v -7.5300 0.9800 2.4250
v -5.8700 0.9800 2.4250
v -5.8700 1.1100 2.4250
v -7.5300 1.1100 2.4250
f 3705 3706 3707 3708
v -5.8700 0.9800 2.4250
v -5.8700 0.9800 2.6850
v -5.8700 1.1100 2.6850
v -5.8700 1.1100 2.4250
f 3709 3710 3711 3712
v -5.8700 0.9800 2.6850
v -7.5300 0.9800 2.6850
v -7.5300 1.1100 2.6850
v -5.8700 1.1100 2.6850
f 3713 3714 3715 3716
v -7.5300 0.9800 2.6850
v -7.5300 0.9800 2.4250
v -7.5300 1.1100 2.4250
v -7.5300 1.1100 2.6850
f 3717 3718 3719 3720
g level_1_detail_window_frame
v -4.0700 1.1000 2.4950
v -4.0700 1.1000 2.5950
v -2.6300 1.1000 2.5950
v -2.6300 1.1000 2.4950
f 3721 3722 3723 3724
v -4.0700 3.2000 2.4950
v -2.6300 3.2000 2.4950
v -2.6300 3.2000 2.5950
v -4.0700 3.2000 2.5950
f 3725 3726 3727 3728
v -4.0700 1.1000 2.4950
v -2.6300 1.1000 2.4950
v -2.6300 3.2000 2.4950
v -4.0700 3.2000 2.4950
f 3729 3730 3731 3732
v -2.6300 1.1000 2.4950
v -2.6300 1.1000 2.5950
v -2.6300 3.2000 2.5950
v -2.6300 3.2000 2.4950
f 3733 3734 3735 3736
v -2.6300 1.1000 2.5950
v -4.0700 1.1000 2.5950
v -4.0700 3.2000 2.5950
v -2.6300 3.2000 2.5950
f 3737 3738 3739 3740
v -4.0700 1.1000 2.5950
v -4.0700 1.1000 2.4950
v -4.0700 3.2000 2.4950
v -4.0700 3.2000 2.5950
f 3741 3742 3743 3744
g level_1_detail_window_glass
usemtl glass
v -3.9400 1.2400 2.4250
v -3.9400 1.2400 2.4850
v -2.7600 1.2400 2.4850
v -2.7600 1.2400 2.4250
f 3745 3746 3747 3748
v -3.9400 3.0400 2.4250
v -2.7600 3.0400 2.4250
v -2.7600 3.0400 2.4850
v -3.9400 3.0400 2.4850
f 3749 3750 3751 3752
v -3.9400 1.2400 2.4250
v -2.7600 1.2400 2.4250
v -2.7600 3.0400 2.4250
v -3.9400 3.0400 2.4250
f 3753 3754 3755 3756
v -2.7600 1.2400 2.4250
v -2.7600 1.2400 2.4850
v -2.7600 3.0400 2.4850
v -2.7600 3.0400 2.4250
f 3757 3758 3759 3760
v -2.7600 1.2400 2.4850
v -3.9400 1.2400 2.4850
v -3.9400 3.0400 2.4850
v -2.7600 3.0400 2.4850
f 3761 3762 3763 3764
v -3.9400 1.2400 2.4850
v -3.9400 1.2400 2.4250
v -3.9400 3.0400 2.4250
v -3.9400 3.0400 2.4850
f 3765 3766 3767 3768
g level_1_detail_window_mullion
usemtl frame
v -3.3770 1.2300 2.3650
v -3.3770 1.2300 2.4100
v -3.3230 1.2300 2.4100
v -3.3230 1.2300 2.3650
f 3769 3770 3771 3772
v -3.3770 3.0700 2.3650
v -3.3230 3.0700 2.3650
v -3.3230 3.0700 2.4100
v -3.3770 3.0700 2.4100
f 3773 3774 3775 3776
v -3.3770 1.2300 2.3650
v -3.3230 1.2300 2.3650
v -3.3230 3.0700 2.3650
v -3.3770 3.0700 2.3650
f 3777 3778 3779 3780
v -3.3230 1.2300 2.3650
v -3.3230 1.2300 2.4100
v -3.3230 3.0700 2.4100
v -3.3230 3.0700 2.3650
f 3781 3782 3783 3784
v -3.3230 1.2300 2.4100
v -3.3770 1.2300 2.4100
v -3.3770 3.0700 2.4100
v -3.3230 3.0700 2.4100
f 3785 3786 3787 3788
v -3.3770 1.2300 2.4100
v -3.3770 1.2300 2.3650
v -3.3770 3.0700 2.3650
v -3.3770 3.0700 2.4100
f 3789 3790 3791 3792
g level_1_detail_window_transom
v -3.9600 2.2800 2.3650
v -3.9600 2.2800 2.4100
v -2.7400 2.2800 2.4100
v -2.7400 2.2800 2.3650
f 3793 3794 3795 3796
v -3.9600 2.3300 2.3650
v -2.7400 2.3300 2.3650
v -2.7400 2.3300 2.4100
v -3.9600 2.3300 2.4100
f 3797 3798 3799 3800
v -3.9600 2.2800 2.3650
v -2.7400 2.2800 2.3650
v -2.7400 2.3300 2.3650
v -3.9600 2.3300 2.3650
f 3801 3802 3803 3804
v -2.7400 2.2800 2.3650
v -2.7400 2.2800 2.4100
v -2.7400 2.3300 2.4100
v -2.7400 2.3300 2.3650
f 3805 3806 3807 3808
v -2.7400 2.2800 2.4100
v -3.9600 2.2800 2.4100
v -3.9600 2.3300 2.4100
v -2.7400 2.3300 2.4100
f 3809 3810 3811 3812
v -3.9600 2.2800 2.4100
v -3.9600 2.2800 2.3650
v -3.9600 2.3300 2.3650
v -3.9600 2.3300 2.4100
f 3813 3814 3815 3816
g level_1_detail_sill
usemtl trim
v -4.1800 0.9800 2.4250
v -4.1800 0.9800 2.6850
v -2.5200 0.9800 2.6850
v -2.5200 0.9800 2.4250
f 3817 3818 3819 3820
v -4.1800 1.1100 2.4250
v -2.5200 1.1100 2.4250
v -2.5200 1.1100 2.6850
v -4.1800 1.1100 2.6850
f 3821 3822 3823 3824
v -4.1800 0.9800 2.4250
v -2.5200 0.9800 2.4250
v -2.5200 1.1100 2.4250
v -4.1800 1.1100 2.4250
f 3825 3826 3827 3828
v -2.5200 0.9800 2.4250
v -2.5200 0.9800 2.6850
v -2.5200 1.1100 2.6850
v -2.5200 1.1100 2.4250
f 3829 3830 3831 3832
v -2.5200 0.9800 2.6850
v -4.1800 0.9800 2.6850
v -4.1800 1.1100 2.6850
v -2.5200 1.1100 2.6850
f 3833 3834 3835 3836
v -4.1800 0.9800 2.6850
v -4.1800 0.9800 2.4250
v -4.1800 1.1100 2.4250
v -4.1800 1.1100 2.6850
f 3837 3838 3839 3840
g level_1_detail_window_frame
v -0.7200 1.1000 2.4950
v -0.7200 1.1000 2.5950
v 0.7200 1.1000 2.5950
v 0.7200 1.1000 2.4950
f 3841 3842 3843 3844
v -0.7200 3.2000 2.4950
v 0.7200 3.2000 2.4950
v 0.7200 3.2000 2.5950
v -0.7200 3.2000 2.5950
f 3845 3846 3847 3848
v -0.7200 1.1000 2.4950
v 0.7200 1.1000 2.4950
v 0.7200 3.2000 2.4950
v -0.7200 3.2000 2.4950
f 3849 3850 3851 3852
v 0.7200 1.1000 2.4950
v 0.7200 1.1000 2.5950
v 0.7200 3.2000 2.5950
v 0.7200 3.2000 2.4950
f 3853 3854 3855 3856
v 0.7200 1.1000 2.5950
v -0.7200 1.1000 2.5950
v -0.7200 3.2000 2.5950
v 0.7200 3.2000 2.5950
f 3857 3858 3859 3860
v -0.7200 1.1000 2.5950
v -0.7200 1.1000 2.4950
v -0.7200 3.2000 2.4950
v -0.7200 3.2000 2.5950
f 3861 3862 3863 3864
g level_1_detail_window_glass
usemtl glass
v -0.5900 1.2400 2.4250
v -0.5900 1.2400 2.4850
v 0.5900 1.2400 2.4850
v 0.5900 1.2400 2.4250
f 3865 3866 3867 3868
v -0.5900 3.0400 2.4250
v 0.5900 3.0400 2.4250
v 0.5900 3.0400 2.4850
v -0.5900 3.0400 2.4850
f 3869 3870 3871 3872
v -0.5900 1.2400 2.4250
v 0.5900 1.2400 2.4250
v 0.5900 3.0400 2.4250
v -0.5900 3.0400 2.4250
f 3873 3874 3875 3876
v 0.5900 1.2400 2.4250
v 0.5900 1.2400 2.4850
v 0.5900 3.0400 2.4850
v 0.5900 3.0400 2.4250
f 3877 3878 3879 3880
v 0.5900 1.2400 2.4850
v -0.5900 1.2400 2.4850
v -0.5900 3.0400 2.4850
v 0.5900 3.0400 2.4850
f 3881 3882 3883 3884
v -0.5900 1.2400 2.4850
v -0.5900 1.2400 2.4250
v -0.5900 3.0400 2.4250
v -0.5900 3.0400 2.4850
f 3885 3886 3887 3888
g level_1_detail_window_mullion
usemtl frame
v -0.0270 1.2300 2.3650
v -0.0270 1.2300 2.4100
v 0.0270 1.2300 2.4100
v 0.0270 1.2300 2.3650
f 3889 3890 3891 3892
v -0.0270 3.0700 2.3650
v 0.0270 3.0700 2.3650
v 0.0270 3.0700 2.4100
v -0.0270 3.0700 2.4100
f 3893 3894 3895 3896
v -0.0270 1.2300 2.3650
v 0.0270 1.2300 2.3650
v 0.0270 3.0700 2.3650
v -0.0270 3.0700 2.3650
f 3897 3898 3899 3900
v 0.0270 1.2300 2.3650
v 0.0270 1.2300 2.4100
v 0.0270 3.0700 2.4100
v 0.0270 3.0700 2.3650
f 3901 3902 3903 3904
v 0.0270 1.2300 2.4100
v -0.0270 1.2300 2.4100
v -0.0270 3.0700 2.4100
v 0.0270 3.0700 2.4100
f 3905 3906 3907 3908
v -0.0270 1.2300 2.4100
v -0.0270 1.2300 2.3650
v -0.0270 3.0700 2.3650
v -0.0270 3.0700 2.4100
f 3909 3910 3911 3912
g level_1_detail_window_transom
v -0.6100 2.2800 2.3650
v -0.6100 2.2800 2.4100
v 0.6100 2.2800 2.4100
v 0.6100 2.2800 2.3650
f 3913 3914 3915 3916
v -0.6100 2.3300 2.3650
v 0.6100 2.3300 2.3650
v 0.6100 2.3300 2.4100
v -0.6100 2.3300 2.4100
f 3917 3918 3919 3920
v -0.6100 2.2800 2.3650
v 0.6100 2.2800 2.3650
v 0.6100 2.3300 2.3650
v -0.6100 2.3300 2.3650
f 3921 3922 3923 3924
v 0.6100 2.2800 2.3650
v 0.6100 2.2800 2.4100
v 0.6100 2.3300 2.4100
v 0.6100 2.3300 2.3650
f 3925 3926 3927 3928
v 0.6100 2.2800 2.4100
v -0.6100 2.2800 2.4100
v -0.6100 2.3300 2.4100
v 0.6100 2.3300 2.4100
f 3929 3930 3931 3932
v -0.6100 2.2800 2.4100
v -0.6100 2.2800 2.3650
v -0.6100 2.3300 2.3650
v -0.6100 2.3300 2.4100
f 3933 3934 3935 3936
g level_1_detail_sill
usemtl trim
v -0.8300 0.9800 2.4250
v -0.8300 0.9800 2.6850
v 0.8300 0.9800 2.6850
v 0.8300 0.9800 2.4250
f 3937 3938 3939 3940
v -0.8300 1.1100 2.4250
v 0.8300 1.1100 2.4250
v 0.8300 1.1100 2.6850
v -0.8300 1.1100 2.6850
f 3941 3942 3943 3944
v -0.8300 0.9800 2.4250
v 0.8300 0.9800 2.4250
v 0.8300 1.1100 2.4250
v -0.8300 1.1100 2.4250
f 3945 3946 3947 3948
v 0.8300 0.9800 2.4250
v 0.8300 0.9800 2.6850
v 0.8300 1.1100 2.6850
v 0.8300 1.1100 2.4250
f 3949 3950 3951 3952
v 0.8300 0.9800 2.6850
v -0.8300 0.9800 2.6850
v -0.8300 1.1100 2.6850
v 0.8300 1.1100 2.6850
f 3953 3954 3955 3956
v -0.8300 0.9800 2.6850
v -0.8300 0.9800 2.4250
v -0.8300 1.1100 2.4250
v -0.8300 1.1100 2.6850
f 3957 3958 3959 3960
g level_1_detail_window_frame
v 2.6300 1.1000 2.4950
v 2.6300 1.1000 2.5950
v 4.0700 1.1000 2.5950
v 4.0700 1.1000 2.4950
f 3961 3962 3963 3964
v 2.6300 3.2000 2.4950
v 4.0700 3.2000 2.4950
v 4.0700 3.2000 2.5950
v 2.6300 3.2000 2.5950
f 3965 3966 3967 3968
v 2.6300 1.1000 2.4950
v 4.0700 1.1000 2.4950
v 4.0700 3.2000 2.4950
v 2.6300 3.2000 2.4950
f 3969 3970 3971 3972
v 4.0700 1.1000 2.4950
v 4.0700 1.1000 2.5950
v 4.0700 3.2000 2.5950
v 4.0700 3.2000 2.4950
f 3973 3974 3975 3976
v 4.0700 1.1000 2.5950
v 2.6300 1.1000 2.5950
v 2.6300 3.2000 2.5950
v 4.0700 3.2000 2.5950
f 3977 3978 3979 3980
v 2.6300 1.1000 2.5950
v 2.6300 1.1000 2.4950
v 2.6300 3.2000 2.4950
v 2.6300 3.2000 2.5950
f 3981 3982 3983 3984
g level_1_detail_window_glass
usemtl glass
v 2.7600 1.2400 2.4250
v 2.7600 1.2400 2.4850
v 3.9400 1.2400 2.4850
v 3.9400 1.2400 2.4250
f 3985 3986 3987 3988
v 2.7600 3.0400 2.4250
v 3.9400 3.0400 2.4250
v 3.9400 3.0400 2.4850
v 2.7600 3.0400 2.4850
f 3989 3990 3991 3992
v 2.7600 1.2400 2.4250
v 3.9400 1.2400 2.4250
v 3.9400 3.0400 2.4250
v 2.7600 3.0400 2.4250
f 3993 3994 3995 3996
v 3.9400 1.2400 2.4250
v 3.9400 1.2400 2.4850
v 3.9400 3.0400 2.4850
v 3.9400 3.0400 2.4250
f 3997 3998 3999 4000
v 3.9400 1.2400 2.4850
v 2.7600 1.2400 2.4850
v 2.7600 3.0400 2.4850
v 3.9400 3.0400 2.4850
f 4001 4002 4003 4004
v 2.7600 1.2400 2.4850
v 2.7600 1.2400 2.4250
v 2.7600 3.0400 2.4250
v 2.7600 3.0400 2.4850
f 4005 4006 4007 4008
g level_1_detail_window_mullion
usemtl frame
v 3.3230 1.2300 2.3650
v 3.3230 1.2300 2.4100
v 3.3770 1.2300 2.4100
v 3.3770 1.2300 2.3650
f 4009 4010 4011 4012
v 3.3230 3.0700 2.3650
v 3.3770 3.0700 2.3650
v 3.3770 3.0700 2.4100
v 3.3230 3.0700 2.4100
f 4013 4014 4015 4016
v 3.3230 1.2300 2.3650
v 3.3770 1.2300 2.3650
v 3.3770 3.0700 2.3650
v 3.3230 3.0700 2.3650
f 4017 4018 4019 4020
v 3.3770 1.2300 2.3650
v 3.3770 1.2300 2.4100
v 3.3770 3.0700 2.4100
v 3.3770 3.0700 2.3650
f 4021 4022 4023 4024
v 3.3770 1.2300 2.4100
v 3.3230 1.2300 2.4100
v 3.3230 3.0700 2.4100
v 3.3770 3.0700 2.4100
f 4025 4026 4027 4028
v 3.3230 1.2300 2.4100
v 3.3230 1.2300 2.3650
v 3.3230 3.0700 2.3650
v 3.3230 3.0700 2.4100
f 4029 4030 4031 4032
g level_1_detail_window_transom
v 2.7400 2.2800 2.3650
v 2.7400 2.2800 2.4100
v 3.9600 2.2800 2.4100
v 3.9600 2.2800 2.3650
f 4033 4034 4035 4036
v 2.7400 2.3300 2.3650
v 3.9600 2.3300 2.3650
v 3.9600 2.3300 2.4100
v 2.7400 2.3300 2.4100
f 4037 4038 4039 4040
v 2.7400 2.2800 2.3650
v 3.9600 2.2800 2.3650
v 3.9600 2.3300 2.3650
v 2.7400 2.3300 2.3650
f 4041 4042 4043 4044
v 3.9600 2.2800 2.3650
v 3.9600 2.2800 2.4100
v 3.9600 2.3300 2.4100
v 3.9600 2.3300 2.3650
f 4045 4046 4047 4048
v 3.9600 2.2800 2.4100
v 2.7400 2.2800 2.4100
v 2.7400 2.3300 2.4100
v 3.9600 2.3300 2.4100
f 4049 4050 4051 4052
v 2.7400 2.2800 2.4100
v 2.7400 2.2800 2.3650
v 2.7400 2.3300 2.3650
v 2.7400 2.3300 2.4100
f 4053 4054 4055 4056
g level_1_detail_sill
usemtl trim
v 2.5200 0.9800 2.4250
v 2.5200 0.9800 2.6850
v 4.1800 0.9800 2.6850
v 4.1800 0.9800 2.4250
f 4057 4058 4059 4060
v 2.5200 1.1100 2.4250
v 4.1800 1.1100 2.4250
v 4.1800 1.1100 2.6850
v 2.5200 1.1100 2.6850
f 4061 4062 4063 4064
v 2.5200 0.9800 2.4250
v 4.1800 0.9800 2.4250
v 4.1800 1.1100 2.4250
v 2.5200 1.1100 2.4250
f 4065 4066 4067 4068
v 4.1800 0.9800 2.4250
v 4.1800 0.9800 2.6850
v 4.1800 1.1100 2.6850
v 4.1800 1.1100 2.4250
f 4069 4070 4071 4072
v 4.1800 0.9800 2.6850
v 2.5200 0.9800 2.6850
v 2.5200 1.1100 2.6850
v 4.1800 1.1100 2.6850
f 4073 4074 4075 4076
v 2.5200 0.9800 2.6850
v 2.5200 0.9800 2.4250
v 2.5200 1.1100 2.4250
v 2.5200 1.1100 2.6850
f 4077 4078 4079 4080
g level_1_detail_window_frame
v 5.9800 1.1000 2.4950
v 5.9800 1.1000 2.5950
v 7.4200 1.1000 2.5950
v 7.4200 1.1000 2.4950
f 4081 4082 4083 4084
v 5.9800 3.2000 2.4950
v 7.4200 3.2000 2.4950
v 7.4200 3.2000 2.5950
v 5.9800 3.2000 2.5950
f 4085 4086 4087 4088
v 5.9800 1.1000 2.4950
v 7.4200 1.1000 2.4950
v 7.4200 3.2000 2.4950
v 5.9800 3.2000 2.4950
f 4089 4090 4091 4092
v 7.4200 1.1000 2.4950
v 7.4200 1.1000 2.5950
v 7.4200 3.2000 2.5950
v 7.4200 3.2000 2.4950
f 4093 4094 4095 4096
v 7.4200 1.1000 2.5950
v 5.9800 1.1000 2.5950
v 5.9800 3.2000 2.5950
v 7.4200 3.2000 2.5950
f 4097 4098 4099 4100
v 5.9800 1.1000 2.5950
v 5.9800 1.1000 2.4950
v 5.9800 3.2000 2.4950
v 5.9800 3.2000 2.5950
f 4101 4102 4103 4104
g level_1_detail_window_glass
usemtl glass
v 6.1100 1.2400 2.4250
v 6.1100 1.2400 2.4850
v 7.2900 1.2400 2.4850
v 7.2900 1.2400 2.4250
f 4105 4106 4107 4108
v 6.1100 3.0400 2.4250
v 7.2900 3.0400 2.4250
v 7.2900 3.0400 2.4850
v 6.1100 3.0400 2.4850
f 4109 4110 4111 4112
v 6.1100 1.2400 2.4250
v 7.2900 1.2400 2.4250
v 7.2900 3.0400 2.4250
v 6.1100 3.0400 2.4250
f 4113 4114 4115 4116
v 7.2900 1.2400 2.4250
v 7.2900 1.2400 2.4850
v 7.2900 3.0400 2.4850
v 7.2900 3.0400 2.4250
f 4117 4118 4119 4120
v 7.2900 1.2400 2.4850
v 6.1100 1.2400 2.4850
v 6.1100 3.0400 2.4850
v 7.2900 3.0400 2.4850
f 4121 4122 4123 4124
v 6.1100 1.2400 2.4850
v 6.1100 1.2400 2.4250
v 6.1100 3.0400 2.4250
v 6.1100 3.0400 2.4850
f 4125 4126 4127 4128
g level_1_detail_window_mullion
usemtl frame
v 6.6730 1.2300 2.3650
v 6.6730 1.2300 2.4100
v 6.7270 1.2300 2.4100
v 6.7270 1.2300 2.3650
f 4129 4130 4131 4132
v 6.6730 3.0700 2.3650
v 6.7270 3.0700 2.3650
v 6.7270 3.0700 2.4100
v 6.6730 3.0700 2.4100
f 4133 4134 4135 4136
v 6.6730 1.2300 2.3650
v 6.7270 1.2300 2.3650
v 6.7270 3.0700 2.3650
v 6.6730 3.0700 2.3650
f 4137 4138 4139 4140
v 6.7270 1.2300 2.3650
v 6.7270 1.2300 2.4100
v 6.7270 3.0700 2.4100
v 6.7270 3.0700 2.3650
f 4141 4142 4143 4144
v 6.7270 1.2300 2.4100
v 6.6730 1.2300 2.4100
v 6.6730 3.0700 2.4100
v 6.7270 3.0700 2.4100
f 4145 4146 4147 4148
v 6.6730 1.2300 2.4100
v 6.6730 1.2300 2.3650
v 6.6730 3.0700 2.3650
v 6.6730 3.0700 2.4100
f 4149 4150 4151 4152
g level_1_detail_window_transom
v 6.0900 2.2800 2.3650
v 6.0900 2.2800 2.4100
v 7.3100 2.2800 2.4100
v 7.3100 2.2800 2.3650
f 4153 4154 4155 4156
v 6.0900 2.3300 2.3650
v 7.3100 2.3300 2.3650
v 7.3100 2.3300 2.4100
v 6.0900 2.3300 2.4100
f 4157 4158 4159 4160
v 6.0900 2.2800 2.3650
v 7.3100 2.2800 2.3650
v 7.3100 2.3300 2.3650
v 6.0900 2.3300 2.3650
f 4161 4162 4163 4164
v 7.3100 2.2800 2.3650
v 7.3100 2.2800 2.4100
v 7.3100 2.3300 2.4100
v 7.3100 2.3300 2.3650
f 4165 4166 4167 4168
v 7.3100 2.2800 2.4100
v 6.0900 2.2800 2.4100
v 6.0900 2.3300 2.4100
v 7.3100 2.3300 2.4100
f 4169 4170 4171 4172
v 6.0900 2.2800 2.4100
v 6.0900 2.2800 2.3650
v 6.0900 2.3300 2.3650
v 6.0900 2.3300 2.4100
f 4173 4174 4175 4176
g level_1_detail_sill
usemtl trim
v 5.8700 0.9800 2.4250
v 5.8700 0.9800 2.6850
v 7.5300 0.9800 2.6850
v 7.5300 0.9800 2.4250
f 4177 4178 4179 4180
v 5.8700 1.1100 2.4250
v 7.5300 1.1100 2.4250
v 7.5300 1.1100 2.6850
v 5.8700 1.1100 2.6850
f 4181 4182 4183 4184
v 5.8700 0.9800 2.4250
v 7.5300 0.9800 2.4250
v 7.5300 1.1100 2.4250
v 5.8700 1.1100 2.4250
f 4185 4186 4187 4188
v 7.5300 0.9800 2.4250
v 7.5300 0.9800 2.6850
v 7.5300 1.1100 2.6850
v 7.5300 1.1100 2.4250
f 4189 4190 4191 4192
v 7.5300 0.9800 2.6850
v 5.8700 0.9800 2.6850
v 5.8700 1.1100 2.6850
v 7.5300 1.1100 2.6850
f 4193 4194 4195 4196
v 5.8700 0.9800 2.6850
v 5.8700 0.9800 2.4250
v 5.8700 1.1100 2.4250
v 5.8700 1.1100 2.6850
f 4197 4198 4199 4200
g level_1_detail_window_frame
v -15.2200 1.1000 -12.8000
v -15.2200 1.1000 -12.7000
v -13.7800 1.1000 -12.7000
v -13.7800 1.1000 -12.8000
f 4201 4202 4203 4204
v -15.2200 3.2000 -12.8000
v -13.7800 3.2000 -12.8000
v -13.7800 3.2000 -12.7000
v -15.2200 3.2000 -12.7000
f 4205 4206 4207 4208
v -15.2200 1.1000 -12.8000
v -13.7800 1.1000 -12.8000
v -13.7800 3.2000 -12.8000
v -15.2200 3.2000 -12.8000
f 4209 4210 4211 4212
v -13.7800 1.1000 -12.8000
v -13.7800 1.1000 -12.7000
v -13.7800 3.2000 -12.7000
v -13.7800 3.2000 -12.8000
f 4213 4214 4215 4216
v -13.7800 1.1000 -12.7000
v -15.2200 1.1000 -12.7000
v -15.2200 3.2000 -12.7000
v -13.7800 3.2000 -12.7000
f 4217 4218 4219 4220
v -15.2200 1.1000 -12.7000
v -15.2200 1.1000 -12.8000
v -15.2200 3.2000 -12.8000
v -15.2200 3.2000 -12.7000
f 4221 4222 4223 4224
g level_1_detail_window_glass
usemtl glass
v -15.0900 1.2400 -12.8700
v -15.0900 1.2400 -12.8100
v -13.9100 1.2400 -12.8100
v -13.9100 1.2400 -12.8700
f 4225 4226 4227 4228
v -15.0900 3.0400 -12.8700
v -13.9100 3.0400 -12.8700
v -13.9100 3.0400 -12.8100
v -15.0900 3.0400 -12.8100
f 4229 4230 4231 4232
v -15.0900 1.2400 -12.8700
v -13.9100 1.2400 -12.8700
v -13.9100 3.0400 -12.8700
v -15.0900 3.0400 -12.8700
f 4233 4234 4235 4236
v -13.9100 1.2400 -12.8700
v -13.9100 1.2400 -12.8100
v -13.9100 3.0400 -12.8100
v -13.9100 3.0400 -12.8700
f 4237 4238 4239 4240
v -13.9100 1.2400 -12.8100
v -15.0900 1.2400 -12.8100
v -15.0900 3.0400 -12.8100
v -13.9100 3.0400 -12.8100
f 4241 4242 4243 4244
v -15.0900 1.2400 -12.8100
v -15.0900 1.2400 -12.8700
v -15.0900 3.0400 -12.8700
v -15.0900 3.0400 -12.8100
f 4245 4246 4247 4248
g level_1_detail_window_mullion
usemtl frame
v -14.5270 1.2300 -12.9300
v -14.5270 1.2300 -12.8850
v -14.4730 1.2300 -12.8850
v -14.4730 1.2300 -12.9300
f 4249 4250 4251 4252
v -14.5270 3.0700 -12.9300
v -14.4730 3.0700 -12.9300
v -14.4730 3.0700 -12.8850
v -14.5270 3.0700 -12.8850
f 4253 4254 4255 4256
v -14.5270 1.2300 -12.9300
v -14.4730 1.2300 -12.9300
v -14.4730 3.0700 -12.9300
v -14.5270 3.0700 -12.9300
f 4257 4258 4259 4260
v -14.4730 1.2300 -12.9300
v -14.4730 1.2300 -12.8850
v -14.4730 3.0700 -12.8850
v -14.4730 3.0700 -12.9300
f 4261 4262 4263 4264
v -14.4730 1.2300 -12.8850
v -14.5270 1.2300 -12.8850
v -14.5270 3.0700 -12.8850
v -14.4730 3.0700 -12.8850
f 4265 4266 4267 4268
v -14.5270 1.2300 -12.8850
v -14.5270 1.2300 -12.9300
v -14.5270 3.0700 -12.9300
v -14.5270 3.0700 -12.8850
f 4269 4270 4271 4272
g level_1_detail_window_transom
v -15.1100 2.2800 -12.9300
v -15.1100 2.2800 -12.8850
v -13.8900 2.2800 -12.8850
v -13.8900 2.2800 -12.9300
f 4273 4274 4275 4276
v -15.1100 2.3300 -12.9300
v -13.8900 2.3300 -12.9300
v -13.8900 2.3300 -12.8850
v -15.1100 2.3300 -12.8850
f 4277 4278 4279 4280
v -15.1100 2.2800 -12.9300
v -13.8900 2.2800 -12.9300
v -13.8900 2.3300 -12.9300
v -15.1100 2.3300 -12.9300
f 4281 4282 4283 4284
v -13.8900 2.2800 -12.9300
v -13.8900 2.2800 -12.8850
v -13.8900 2.3300 -12.8850
v -13.8900 2.3300 -12.9300
f 4285 4286 4287 4288
v -13.8900 2.2800 -12.8850
v -15.1100 2.2800 -12.8850
v -15.1100 2.3300 -12.8850
v -13.8900 2.3300 -12.8850
f 4289 4290 4291 4292
v -15.1100 2.2800 -12.8850
v -15.1100 2.2800 -12.9300
v -15.1100 2.3300 -12.9300
v -15.1100 2.3300 -12.8850
f 4293 4294 4295 4296
g level_1_detail_sill
usemtl trim
v -15.3300 0.9800 -12.8700
v -15.3300 0.9800 -12.6100
v -13.6700 0.9800 -12.6100
v -13.6700 0.9800 -12.8700
f 4297 4298 4299 4300
v -15.3300 1.1100 -12.8700
v -13.6700 1.1100 -12.8700
v -13.6700 1.1100 -12.6100
v -15.3300 1.1100 -12.6100
f 4301 4302 4303 4304
v -15.3300 0.9800 -12.8700
v -13.6700 0.9800 -12.8700
v -13.6700 1.1100 -12.8700
v -15.3300 1.1100 -12.8700
f 4305 4306 4307 4308
v -13.6700 0.9800 -12.8700
v -13.6700 0.9800 -12.6100
v -13.6700 1.1100 -12.6100
v -13.6700 1.1100 -12.8700
f 4309 4310 4311 4312
v -13.6700 0.9800 -12.6100
v -15.3300 0.9800 -12.6100
v -15.3300 1.1100 -12.6100
v -13.6700 1.1100 -12.6100
f 4313 4314 4315 4316
v -15.3300 0.9800 -12.6100
v -15.3300 0.9800 -12.8700
v -15.3300 1.1100 -12.8700
v -15.3300 1.1100 -12.6100
f 4317 4318 4319 4320
g level_1_detail_window_frame
v -11.4200 1.1000 -12.8000
v -11.4200 1.1000 -12.7000
v -9.9800 1.1000 -12.7000
v -9.9800 1.1000 -12.8000
f 4321 4322 4323 4324
v -11.4200 3.2000 -12.8000
v -9.9800 3.2000 -12.8000
v -9.9800 3.2000 -12.7000
v -11.4200 3.2000 -12.7000
f 4325 4326 4327 4328
v -11.4200 1.1000 -12.8000
v -9.9800 1.1000 -12.8000
v -9.9800 3.2000 -12.8000
v -11.4200 3.2000 -12.8000
f 4329 4330 4331 4332
v -9.9800 1.1000 -12.8000
v -9.9800 1.1000 -12.7000
v -9.9800 3.2000 -12.7000
v -9.9800 3.2000 -12.8000
f 4333 4334 4335 4336
v -9.9800 1.1000 -12.7000
v -11.4200 1.1000 -12.7000
v -11.4200 3.2000 -12.7000
v -9.9800 3.2000 -12.7000
f 4337 4338 4339 4340
v -11.4200 1.1000 -12.7000
v -11.4200 1.1000 -12.8000
v -11.4200 3.2000 -12.8000
v -11.4200 3.2000 -12.7000
f 4341 4342 4343 4344
g level_1_detail_window_glass
usemtl glass
v -11.2900 1.2400 -12.8700
v -11.2900 1.2400 -12.8100
v -10.1100 1.2400 -12.8100
v -10.1100 1.2400 -12.8700
f 4345 4346 4347 4348
v -11.2900 3.0400 -12.8700
v -10.1100 3.0400 -12.8700
v -10.1100 3.0400 -12.8100
v -11.2900 3.0400 -12.8100
f 4349 4350 4351 4352
v -11.2900 1.2400 -12.8700
v -10.1100 1.2400 -12.8700
v -10.1100 3.0400 -12.8700
v -11.2900 3.0400 -12.8700
f 4353 4354 4355 4356
v -10.1100 1.2400 -12.8700
v -10.1100 1.2400 -12.8100
v -10.1100 3.0400 -12.8100
v -10.1100 3.0400 -12.8700
f 4357 4358 4359 4360
v -10.1100 1.2400 -12.8100
v -11.2900 1.2400 -12.8100
v -11.2900 3.0400 -12.8100
v -10.1100 3.0400 -12.8100
f 4361 4362 4363 4364
v -11.2900 1.2400 -12.8100
v -11.2900 1.2400 -12.8700
v -11.2900 3.0400 -12.8700
v -11.2900 3.0400 -12.8100
f 4365 4366 4367 4368
g level_1_detail_window_mullion
usemtl frame
v -10.7270 1.2300 -12.9300
v -10.7270 1.2300 -12.8850
v -10.6730 1.2300 -12.8850
v -10.6730 1.2300 -12.9300
f 4369 4370 4371 4372
v -10.7270 3.0700 -12.9300
v -10.6730 3.0700 -12.9300
v -10.6730 3.0700 -12.8850
v -10.7270 3.0700 -12.8850
f 4373 4374 4375 4376
v -10.7270 1.2300 -12.9300
v -10.6730 1.2300 -12.9300
v -10.6730 3.0700 -12.9300
v -10.7270 3.0700 -12.9300
f 4377 4378 4379 4380
v -10.6730 1.2300 -12.9300
v -10.6730 1.2300 -12.8850
v -10.6730 3.0700 -12.8850
v -10.6730 3.0700 -12.9300
f 4381 4382 4383 4384
v -10.6730 1.2300 -12.8850
v -10.7270 1.2300 -12.8850
v -10.7270 3.0700 -12.8850
v -10.6730 3.0700 -12.8850
f 4385 4386 4387 4388
v -10.7270 1.2300 -12.8850
v -10.7270 1.2300 -12.9300
v -10.7270 3.0700 -12.9300
v -10.7270 3.0700 -12.8850
f 4389 4390 4391 4392
g level_1_detail_window_transom
v -11.3100 2.2800 -12.9300
v -11.3100 2.2800 -12.8850
v -10.0900 2.2800 -12.8850
v -10.0900 2.2800 -12.9300
f 4393 4394 4395 4396
v -11.3100 2.3300 -12.9300
v -10.0900 2.3300 -12.9300
v -10.0900 2.3300 -12.8850
v -11.3100 2.3300 -12.8850
f 4397 4398 4399 4400
v -11.3100 2.2800 -12.9300
v -10.0900 2.2800 -12.9300
v -10.0900 2.3300 -12.9300
v -11.3100 2.3300 -12.9300
f 4401 4402 4403 4404
v -10.0900 2.2800 -12.9300
v -10.0900 2.2800 -12.8850
v -10.0900 2.3300 -12.8850
v -10.0900 2.3300 -12.9300
f 4405 4406 4407 4408
v -10.0900 2.2800 -12.8850
v -11.3100 2.2800 -12.8850
v -11.3100 2.3300 -12.8850
v -10.0900 2.3300 -12.8850
f 4409 4410 4411 4412
v -11.3100 2.2800 -12.8850
v -11.3100 2.2800 -12.9300
v -11.3100 2.3300 -12.9300
v -11.3100 2.3300 -12.8850
f 4413 4414 4415 4416
g level_1_detail_sill
usemtl trim
v -11.5300 0.9800 -12.8700
v -11.5300 0.9800 -12.6100
v -9.8700 0.9800 -12.6100
v -9.8700 0.9800 -12.8700
f 4417 4418 4419 4420
v -11.5300 1.1100 -12.8700
v -9.8700 1.1100 -12.8700
v -9.8700 1.1100 -12.6100
v -11.5300 1.1100 -12.6100
f 4421 4422 4423 4424
v -11.5300 0.9800 -12.8700
v -9.8700 0.9800 -12.8700
v -9.8700 1.1100 -12.8700
v -11.5300 1.1100 -12.8700
f 4425 4426 4427 4428
v -9.8700 0.9800 -12.8700
v -9.8700 0.9800 -12.6100
v -9.8700 1.1100 -12.6100
v -9.8700 1.1100 -12.8700
f 4429 4430 4431 4432
v -9.8700 0.9800 -12.6100
v -11.5300 0.9800 -12.6100
v -11.5300 1.1100 -12.6100
v -9.8700 1.1100 -12.6100
f 4433 4434 4435 4436
v -11.5300 0.9800 -12.6100
v -11.5300 0.9800 -12.8700
v -11.5300 1.1100 -12.8700
v -11.5300 1.1100 -12.6100
f 4437 4438 4439 4440
g level_1_detail_window_frame
v 9.9800 1.1000 -12.8000
v 9.9800 1.1000 -12.7000
v 11.4200 1.1000 -12.7000
v 11.4200 1.1000 -12.8000
f 4441 4442 4443 4444
v 9.9800 3.2000 -12.8000
v 11.4200 3.2000 -12.8000
v 11.4200 3.2000 -12.7000
v 9.9800 3.2000 -12.7000
f 4445 4446 4447 4448
v 9.9800 1.1000 -12.8000
v 11.4200 1.1000 -12.8000
v 11.4200 3.2000 -12.8000
v 9.9800 3.2000 -12.8000
f 4449 4450 4451 4452
v 11.4200 1.1000 -12.8000
v 11.4200 1.1000 -12.7000
v 11.4200 3.2000 -12.7000
v 11.4200 3.2000 -12.8000
f 4453 4454 4455 4456
v 11.4200 1.1000 -12.7000
v 9.9800 1.1000 -12.7000
v 9.9800 3.2000 -12.7000
v 11.4200 3.2000 -12.7000
f 4457 4458 4459 4460
v 9.9800 1.1000 -12.7000
v 9.9800 1.1000 -12.8000
v 9.9800 3.2000 -12.8000
v 9.9800 3.2000 -12.7000
f 4461 4462 4463 4464
g level_1_detail_window_glass
usemtl glass
v 10.1100 1.2400 -12.8700
v 10.1100 1.2400 -12.8100
v 11.2900 1.2400 -12.8100
v 11.2900 1.2400 -12.8700
f 4465 4466 4467 4468
v 10.1100 3.0400 -12.8700
v 11.2900 3.0400 -12.8700
v 11.2900 3.0400 -12.8100
v 10.1100 3.0400 -12.8100
f 4469 4470 4471 4472
v 10.1100 1.2400 -12.8700
v 11.2900 1.2400 -12.8700
v 11.2900 3.0400 -12.8700
v 10.1100 3.0400 -12.8700
f 4473 4474 4475 4476
v 11.2900 1.2400 -12.8700
v 11.2900 1.2400 -12.8100
v 11.2900 3.0400 -12.8100
v 11.2900 3.0400 -12.8700
f 4477 4478 4479 4480
v 11.2900 1.2400 -12.8100
v 10.1100 1.2400 -12.8100
v 10.1100 3.0400 -12.8100
v 11.2900 3.0400 -12.8100
f 4481 4482 4483 4484
v 10.1100 1.2400 -12.8100
v 10.1100 1.2400 -12.8700
v 10.1100 3.0400 -12.8700
v 10.1100 3.0400 -12.8100
f 4485 4486 4487 4488
g level_1_detail_window_mullion
usemtl frame
v 10.6730 1.2300 -12.9300
v 10.6730 1.2300 -12.8850
v 10.7270 1.2300 -12.8850
v 10.7270 1.2300 -12.9300
f 4489 4490 4491 4492
v 10.6730 3.0700 -12.9300
v 10.7270 3.0700 -12.9300
v 10.7270 3.0700 -12.8850
v 10.6730 3.0700 -12.8850
f 4493 4494 4495 4496
v 10.6730 1.2300 -12.9300
v 10.7270 1.2300 -12.9300
v 10.7270 3.0700 -12.9300
v 10.6730 3.0700 -12.9300
f 4497 4498 4499 4500
v 10.7270 1.2300 -12.9300
v 10.7270 1.2300 -12.8850
v 10.7270 3.0700 -12.8850
v 10.7270 3.0700 -12.9300
f 4501 4502 4503 4504
v 10.7270 1.2300 -12.8850
v 10.6730 1.2300 -12.8850
v 10.6730 3.0700 -12.8850
v 10.7270 3.0700 -12.8850
f 4505 4506 4507 4508
v 10.6730 1.2300 -12.8850
v 10.6730 1.2300 -12.9300
v 10.6730 3.0700 -12.9300
v 10.6730 3.0700 -12.8850
f 4509 4510 4511 4512
g level_1_detail_window_transom
v 10.0900 2.2800 -12.9300
v 10.0900 2.2800 -12.8850
v 11.3100 2.2800 -12.8850
v 11.3100 2.2800 -12.9300
f 4513 4514 4515 4516
v 10.0900 2.3300 -12.9300
v 11.3100 2.3300 -12.9300
v 11.3100 2.3300 -12.8850
v 10.0900 2.3300 -12.8850
f 4517 4518 4519 4520
v 10.0900 2.2800 -12.9300
v 11.3100 2.2800 -12.9300
v 11.3100 2.3300 -12.9300
v 10.0900 2.3300 -12.9300
f 4521 4522 4523 4524
v 11.3100 2.2800 -12.9300
v 11.3100 2.2800 -12.8850
v 11.3100 2.3300 -12.8850
v 11.3100 2.3300 -12.9300
f 4525 4526 4527 4528
v 11.3100 2.2800 -12.8850
v 10.0900 2.2800 -12.8850
v 10.0900 2.3300 -12.8850
v 11.3100 2.3300 -12.8850
f 4529 4530 4531 4532
v 10.0900 2.2800 -12.8850
v 10.0900 2.2800 -12.9300
v 10.0900 2.3300 -12.9300
v 10.0900 2.3300 -12.8850
f 4533 4534 4535 4536
g level_1_detail_sill
usemtl trim
v 9.8700 0.9800 -12.8700
v 9.8700 0.9800 -12.6100
v 11.5300 0.9800 -12.6100
v 11.5300 0.9800 -12.8700
f 4537 4538 4539 4540
v 9.8700 1.1100 -12.8700
v 11.5300 1.1100 -12.8700
v 11.5300 1.1100 -12.6100
v 9.8700 1.1100 -12.6100
f 4541 4542 4543 4544
v 9.8700 0.9800 -12.8700
v 11.5300 0.9800 -12.8700
v 11.5300 1.1100 -12.8700
v 9.8700 1.1100 -12.8700
f 4545 4546 4547 4548
v 11.5300 0.9800 -12.8700
v 11.5300 0.9800 -12.6100
v 11.5300 1.1100 -12.6100
v 11.5300 1.1100 -12.8700
f 4549 4550 4551 4552
v 11.5300 0.9800 -12.6100
v 9.8700 0.9800 -12.6100
v 9.8700 1.1100 -12.6100
v 11.5300 1.1100 -12.6100
f 4553 4554 4555 4556
v 9.8700 0.9800 -12.6100
v 9.8700 0.9800 -12.8700
v 9.8700 1.1100 -12.8700
v 9.8700 1.1100 -12.6100
f 4557 4558 4559 4560
g level_1_detail_window_frame
v 13.7800 1.1000 -12.8000
v 13.7800 1.1000 -12.7000
v 15.2200 1.1000 -12.7000
v 15.2200 1.1000 -12.8000
f 4561 4562 4563 4564
v 13.7800 3.2000 -12.8000
v 15.2200 3.2000 -12.8000
v 15.2200 3.2000 -12.7000
v 13.7800 3.2000 -12.7000
f 4565 4566 4567 4568
v 13.7800 1.1000 -12.8000
v 15.2200 1.1000 -12.8000
v 15.2200 3.2000 -12.8000
v 13.7800 3.2000 -12.8000
f 4569 4570 4571 4572
v 15.2200 1.1000 -12.8000
v 15.2200 1.1000 -12.7000
v 15.2200 3.2000 -12.7000
v 15.2200 3.2000 -12.8000
f 4573 4574 4575 4576
v 15.2200 1.1000 -12.7000
v 13.7800 1.1000 -12.7000
v 13.7800 3.2000 -12.7000
v 15.2200 3.2000 -12.7000
f 4577 4578 4579 4580
v 13.7800 1.1000 -12.7000
v 13.7800 1.1000 -12.8000
v 13.7800 3.2000 -12.8000
v 13.7800 3.2000 -12.7000
f 4581 4582 4583 4584
g level_1_detail_window_glass
usemtl glass
v 13.9100 1.2400 -12.8700
v 13.9100 1.2400 -12.8100
v 15.0900 1.2400 -12.8100
v 15.0900 1.2400 -12.8700
f 4585 4586 4587 4588
v 13.9100 3.0400 -12.8700
v 15.0900 3.0400 -12.8700
v 15.0900 3.0400 -12.8100
v 13.9100 3.0400 -12.8100
f 4589 4590 4591 4592
v 13.9100 1.2400 -12.8700
v 15.0900 1.2400 -12.8700
v 15.0900 3.0400 -12.8700
v 13.9100 3.0400 -12.8700
f 4593 4594 4595 4596
v 15.0900 1.2400 -12.8700
v 15.0900 1.2400 -12.8100
v 15.0900 3.0400 -12.8100
v 15.0900 3.0400 -12.8700
f 4597 4598 4599 4600
v 15.0900 1.2400 -12.8100
v 13.9100 1.2400 -12.8100
v 13.9100 3.0400 -12.8100
v 15.0900 3.0400 -12.8100
f 4601 4602 4603 4604
v 13.9100 1.2400 -12.8100
v 13.9100 1.2400 -12.8700
v 13.9100 3.0400 -12.8700
v 13.9100 3.0400 -12.8100
f 4605 4606 4607 4608
g level_1_detail_window_mullion
usemtl frame
v 14.4730 1.2300 -12.9300
v 14.4730 1.2300 -12.8850
v 14.5270 1.2300 -12.8850
v 14.5270 1.2300 -12.9300
f 4609 4610 4611 4612
v 14.4730 3.0700 -12.9300
v 14.5270 3.0700 -12.9300
v 14.5270 3.0700 -12.8850
v 14.4730 3.0700 -12.8850
f 4613 4614 4615 4616
v 14.4730 1.2300 -12.9300
v 14.5270 1.2300 -12.9300
v 14.5270 3.0700 -12.9300
v 14.4730 3.0700 -12.9300
f 4617 4618 4619 4620
v 14.5270 1.2300 -12.9300
v 14.5270 1.2300 -12.8850
v 14.5270 3.0700 -12.8850
v 14.5270 3.0700 -12.9300
f 4621 4622 4623 4624
v 14.5270 1.2300 -12.8850
v 14.4730 1.2300 -12.8850
v 14.4730 3.0700 -12.8850
v 14.5270 3.0700 -12.8850
f 4625 4626 4627 4628
v 14.4730 1.2300 -12.8850
v 14.4730 1.2300 -12.9300
v 14.4730 3.0700 -12.9300
v 14.4730 3.0700 -12.8850
f 4629 4630 4631 4632
g level_1_detail_window_transom
v 13.8900 2.2800 -12.9300
v 13.8900 2.2800 -12.8850
v 15.1100 2.2800 -12.8850
v 15.1100 2.2800 -12.9300
f 4633 4634 4635 4636
v 13.8900 2.3300 -12.9300
v 15.1100 2.3300 -12.9300
v 15.1100 2.3300 -12.8850
v 13.8900 2.3300 -12.8850
f 4637 4638 4639 4640
v 13.8900 2.2800 -12.9300
v 15.1100 2.2800 -12.9300
v 15.1100 2.3300 -12.9300
v 13.8900 2.3300 -12.9300
f 4641 4642 4643 4644
v 15.1100 2.2800 -12.9300
v 15.1100 2.2800 -12.8850
v 15.1100 2.3300 -12.8850
v 15.1100 2.3300 -12.9300
f 4645 4646 4647 4648
v 15.1100 2.2800 -12.8850
v 13.8900 2.2800 -12.8850
v 13.8900 2.3300 -12.8850
v 15.1100 2.3300 -12.8850
f 4649 4650 4651 4652
v 13.8900 2.2800 -12.8850
v 13.8900 2.2800 -12.9300
v 13.8900 2.3300 -12.9300
v 13.8900 2.3300 -12.8850
f 4653 4654 4655 4656
g level_1_detail_sill
usemtl trim
v 13.6700 0.9800 -12.8700
v 13.6700 0.9800 -12.6100
v 15.3300 0.9800 -12.6100
v 15.3300 0.9800 -12.8700
f 4657 4658 4659 4660
v 13.6700 1.1100 -12.8700
v 15.3300 1.1100 -12.8700
v 15.3300 1.1100 -12.6100
v 13.6700 1.1100 -12.6100
f 4661 4662 4663 4664
v 13.6700 0.9800 -12.8700
v 15.3300 0.9800 -12.8700
v 15.3300 1.1100 -12.8700
v 13.6700 1.1100 -12.8700
f 4665 4666 4667 4668
v 15.3300 0.9800 -12.8700
v 15.3300 0.9800 -12.6100
v 15.3300 1.1100 -12.6100
v 15.3300 1.1100 -12.8700
f 4669 4670 4671 4672
v 15.3300 0.9800 -12.6100
v 13.6700 0.9800 -12.6100
v 13.6700 1.1100 -12.6100
v 15.3300 1.1100 -12.6100
f 4673 4674 4675 4676
v 13.6700 0.9800 -12.6100
v 13.6700 0.9800 -12.8700
v 13.6700 1.1100 -12.8700
v 13.6700 1.1100 -12.6100
f 4677 4678 4679 4680
g level_1_detail_pilaster
v -16.3000 0.5000 12.8650
v -16.3000 0.5000 12.9850
v -16.0500 0.5000 12.9850
v -16.0500 0.5000 12.8650
f 4681 4682 4683 4684
v -16.3000 4.1000 12.8650
v -16.0500 4.1000 12.8650
v -16.0500 4.1000 12.9850
v -16.3000 4.1000 12.9850
f 4685 4686 4687 4688
v -16.3000 0.5000 12.8650
v -16.0500 0.5000 12.8650
v -16.0500 4.1000 12.8650
v -16.3000 4.1000 12.8650
f 4689 4690 4691 4692
v -16.0500 0.5000 12.8650
v -16.0500 0.5000 12.9850
v -16.0500 4.1000 12.9850
v -16.0500 4.1000 12.8650
f 4693 4694 4695 4696
v -16.0500 0.5000 12.9850
v -16.3000 0.5000 12.9850
v -16.3000 4.1000 12.9850
v -16.0500 4.1000 12.9850
f 4697 4698 4699 4700
v -16.3000 0.5000 12.9850
v -16.3000 0.5000 12.8650
v -16.3000 4.1000 12.8650
v -16.3000 4.1000 12.9850
f 4701 4702 4703 4704
v -12.6000 0.5000 12.8650
v -12.6000 0.5000 12.9850
v -12.3500 0.5000 12.9850
v -12.3500 0.5000 12.8650
f 4705 4706 4707 4708
v -12.6000 4.1000 12.8650
v -12.3500 4.1000 12.8650
v -12.3500 4.1000 12.9850
v -12.6000 4.1000 12.9850
f 4709 4710 4711 4712
v -12.6000 0.5000 12.8650
v -12.3500 0.5000 12.8650
v -12.3500 4.1000 12.8650
v -12.6000 4.1000 12.8650
f 4713 4714 4715 4716
v -12.3500 0.5000 12.8650
v -12.3500 0.5000 12.9850
v -12.3500 4.1000 12.9850
v -12.3500 4.1000 12.8650
f 4717 4718 4719 4720
v -12.3500 0.5000 12.9850
v -12.6000 0.5000 12.9850
v -12.6000 4.1000 12.9850
v -12.3500 4.1000 12.9850
f 4721 4722 4723 4724
v -12.6000 0.5000 12.9850
v -12.6000 0.5000 12.8650
v -12.6000 4.1000 12.8650
v -12.6000 4.1000 12.9850
f 4725 4726 4727 4728
v -9.0000 0.5000 12.8650
v -9.0000 0.5000 12.9850
v -8.7500 0.5000 12.9850
v -8.7500 0.5000 12.8650
f 4729 4730 4731 4732
v -9.0000 4.1000 12.8650
v -8.7500 4.1000 12.8650
v -8.7500 4.1000 12.9850
v -9.0000 4.1000 12.9850
f 4733 4734 4735 4736
v -9.0000 0.5000 12.8650
v -8.7500 0.5000 12.8650
v -8.7500 4.1000 12.8650
v -9.0000 4.1000 12.8650
f 4737 4738 4739 4740
v -8.7500 0.5000 12.8650
v -8.7500 0.5000 12.9850
v -8.7500 4.1000 12.9850
v -8.7500 4.1000 12.8650
f 4741 4742 4743 4744
v -8.7500 0.5000 12.9850
v -9.0000 0.5000 12.9850
v -9.0000 4.1000 12.9850
v -8.7500 4.1000 12.9850
f 4745 4746 4747 4748
v -9.0000 0.5000 12.9850
v -9.0000 0.5000 12.8650
v -9.0000 4.1000 12.8650
v -9.0000 4.1000 12.9850
f 4749 4750 4751 4752
v -5.4000 0.5000 12.8650
v -5.4000 0.5000 12.9850
v -5.1500 0.5000 12.9850
v -5.1500 0.5000 12.8650
f 4753 4754 4755 4756
v -5.4000 4.1000 12.8650
v -5.1500 4.1000 12.8650
v -5.1500 4.1000 12.9850
v -5.4000 4.1000 12.9850
f 4757 4758 4759 4760
v -5.4000 0.5000 12.8650
v -5.1500 0.5000 12.8650
v -5.1500 4.1000 12.8650
v -5.4000 4.1000 12.8650
f 4761 4762 4763 4764
v -5.1500 0.5000 12.8650
v -5.1500 0.5000 12.9850
v -5.1500 4.1000 12.9850
v -5.1500 4.1000 12.8650
f 4765 4766 4767 4768
v -5.1500 0.5000 12.9850
v -5.4000 0.5000 12.9850
v -5.4000 4.1000 12.9850
v -5.1500 4.1000 12.9850
f 4769 4770 4771 4772
v -5.4000 0.5000 12.9850
v -5.4000 0.5000 12.8650
v -5.4000 4.1000 12.8650
v -5.4000 4.1000 12.9850
f 4773 4774 4775 4776
v 5.4000 0.5000 12.8650
v 5.4000 0.5000 12.9850
v 5.6500 0.5000 12.9850
v 5.6500 0.5000 12.8650
f 4777 4778 4779 4780
v 5.4000 4.1000 12.8650
v 5.6500 4.1000 12.8650
v 5.6500 4.1000 12.9850
v 5.4000 4.1000 12.9850
f 4781 4782 4783 4784
v 5.4000 0.5000 12.8650
v 5.6500 0.5000 12.8650
v 5.6500 4.1000 12.8650
v 5.4000 4.1000 12.8650
f 4785 4786 4787 4788
v 5.6500 0.5000 12.8650
v 5.6500 0.5000 12.9850
v 5.6500 4.1000 12.9850
v 5.6500 4.1000 12.8650
f 4789 4790 4791 4792
v 5.6500 0.5000 12.9850
v 5.4000 0.5000 12.9850
v 5.4000 4.1000 12.9850
v 5.6500 4.1000 12.9850
f 4793 4794 4795 4796
v 5.4000 0.5000 12.9850
v 5.4000 0.5000 12.8650
v 5.4000 4.1000 12.8650
v 5.4000 4.1000 12.9850
f 4797 4798 4799 4800
v 9.0000 0.5000 12.8650
v 9.0000 0.5000 12.9850
v 9.2500 0.5000 12.9850
v 9.2500 0.5000 12.8650
f 4801 4802 4803 4804
v 9.0000 4.1000 12.8650
v 9.2500 4.1000 12.8650
v 9.2500 4.1000 12.9850
v 9.0000 4.1000 12.9850
f 4805 4806 4807 4808
v 9.0000 0.5000 12.8650
v 9.2500 0.5000 12.8650
v 9.2500 4.1000 12.8650
v 9.0000 4.1000 12.8650
f 4809 4810 4811 4812
v 9.2500 0.5000 12.8650
v 9.2500 0.5000 12.9850
v 9.2500 4.1000 12.9850
v 9.2500 4.1000 12.8650
f 4813 4814 4815 4816
v 9.2500 0.5000 12.9850
v 9.0000 0.5000 12.9850
v 9.0000 4.1000 12.9850
v 9.2500 4.1000 12.9850
f 4817 4818 4819 4820
v 9.0000 0.5000 12.9850
v 9.0000 0.5000 12.8650
v 9.0000 4.1000 12.8650
v 9.0000 4.1000 12.9850
f 4821 4822 4823 4824
v 12.6000 0.5000 12.8650
v 12.6000 0.5000 12.9850
v 12.8500 0.5000 12.9850
v 12.8500 0.5000 12.8650
f 4825 4826 4827 4828
v 12.6000 4.1000 12.8650
v 12.8500 4.1000 12.8650
v 12.8500 4.1000 12.9850
v 12.6000 4.1000 12.9850
f 4829 4830 4831 4832
v 12.6000 0.5000 12.8650
v 12.8500 0.5000 12.8650
v 12.8500 4.1000 12.8650
v 12.6000 4.1000 12.8650
f 4833 4834 4835 4836
v 12.8500 0.5000 12.8650
v 12.8500 0.5000 12.9850
v 12.8500 4.1000 12.9850
v 12.8500 4.1000 12.8650
f 4837 4838 4839 4840
v 12.8500 0.5000 12.9850
v 12.6000 0.5000 12.9850
v 12.6000 4.1000 12.9850
v 12.8500 4.1000 12.9850
f 4841 4842 4843 4844
v 12.6000 0.5000 12.9850
v 12.6000 0.5000 12.8650
v 12.6000 4.1000 12.8650
v 12.6000 4.1000 12.9850
f 4845 4846 4847 4848
v 16.0000 0.5000 12.8650
v 16.0000 0.5000 12.9850
v 16.2500 0.5000 12.9850
v 16.2500 0.5000 12.8650
f 4849 4850 4851 4852
v 16.0000 4.1000 12.8650
v 16.2500 4.1000 12.8650
v 16.2500 4.1000 12.9850
v 16.0000 4.1000 12.9850
f 4853 4854 4855 4856
v 16.0000 0.5000 12.8650
v 16.2500 0.5000 12.8650
v 16.2500 4.1000 12.8650
v 16.0000 4.1000 12.8650
f 4857 4858 4859 4860
v 16.2500 0.5000 12.8650
v 16.2500 0.5000 12.9850
v 16.2500 4.1000 12.9850
v 16.2500 4.1000 12.8650
f 4861 4862 4863 4864
v 16.2500 0.5000 12.9850
v 16.0000 0.5000 12.9850
v 16.0000 4.1000 12.9850
v 16.2500 4.1000 12.9850
f 4865 4866 4867 4868
v 16.0000 0.5000 12.9850
v 16.0000 0.5000 12.8650
v 16.0000 4.1000 12.8650
v 16.0000 4.1000 12.9850
f 4869 4870 4871 4872
g level_1_detail_side_pilaster
v -16.9750 0.5000 -12.4000
v -16.9750 0.5000 -12.1500
v -16.8750 0.5000 -12.1500
v -16.8750 0.5000 -12.4000
f 4873 4874 4875 4876
v -16.9750 4.1000 -12.4000
v -16.8750 4.1000 -12.4000
v -16.8750 4.1000 -12.1500
v -16.9750 4.1000 -12.1500
f 4877 4878 4879 4880
v -16.9750 0.5000 -12.4000
v -16.8750 0.5000 -12.4000
v -16.8750 4.1000 -12.4000
v -16.9750 4.1000 -12.4000
f 4881 4882 4883 4884
v -16.8750 0.5000 -12.4000
v -16.8750 0.5000 -12.1500
v -16.8750 4.1000 -12.1500
v -16.8750 4.1000 -12.4000
f 4885 4886 4887 4888
v -16.8750 0.5000 -12.1500
v -16.9750 0.5000 -12.1500
v -16.9750 4.1000 -12.1500
v -16.8750 4.1000 -12.1500
f 4889 4890 4891 4892
v -16.9750 0.5000 -12.1500
v -16.9750 0.5000 -12.4000
v -16.9750 4.1000 -12.4000
v -16.9750 4.1000 -12.1500
f 4893 4894 4895 4896
v -16.9750 0.5000 -8.8000
v -16.9750 0.5000 -8.5500
v -16.8750 0.5000 -8.5500
v -16.8750 0.5000 -8.8000
f 4897 4898 4899 4900
v -16.9750 4.1000 -8.8000
v -16.8750 4.1000 -8.8000
v -16.8750 4.1000 -8.5500
v -16.9750 4.1000 -8.5500
f 4901 4902 4903 4904
v -16.9750 0.5000 -8.8000
v -16.8750 0.5000 -8.8000
v -16.8750 4.1000 -8.8000
v -16.9750 4.1000 -8.8000
f 4905 4906 4907 4908
v -16.8750 0.5000 -8.8000
v -16.8750 0.5000 -8.5500
v -16.8750 4.1000 -8.5500
v -16.8750 4.1000 -8.8000
f 4909 4910 4911 4912
v -16.8750 0.5000 -8.5500
v -16.9750 0.5000 -8.5500
v -16.9750 4.1000 -8.5500
v -16.8750 4.1000 -8.5500
f 4913 4914 4915 4916
v -16.9750 0.5000 -8.5500
v -16.9750 0.5000 -8.8000
v -16.9750 4.1000 -8.8000
v -16.9750 4.1000 -8.5500
f 4917 4918 4919 4920
v -16.9750 0.5000 -5.2000
v -16.9750 0.5000 -4.9500
v -16.8750 0.5000 -4.9500
v -16.8750 0.5000 -5.2000
f 4921 4922 4923 4924
v -16.9750 4.1000 -5.2000
v -16.8750 4.1000 -5.2000
v -16.8750 4.1000 -4.9500
v -16.9750 4.1000 -4.9500
f 4925 4926 4927 4928
v -16.9750 0.5000 -5.2000
v -16.8750 0.5000 -5.2000
v -16.8750 4.1000 -5.2000
v -16.9750 4.1000 -5.2000
f 4929 4930 4931 4932
v -16.8750 0.5000 -5.2000
v -16.8750 0.5000 -4.9500
v -16.8750 4.1000 -4.9500
v -16.8750 4.1000 -5.2000
f 4933 4934 4935 4936
v -16.8750 0.5000 -4.9500
v -16.9750 0.5000 -4.9500
v -16.9750 4.1000 -4.9500
v -16.8750 4.1000 -4.9500
f 4937 4938 4939 4940
v -16.9750 0.5000 -4.9500
v -16.9750 0.5000 -5.2000
v -16.9750 4.1000 -5.2000
v -16.9750 4.1000 -4.9500
f 4941 4942 4943 4944
v -16.9750 0.5000 -1.6000
v -16.9750 0.5000 -1.3500
v -16.8750 0.5000 -1.3500
v -16.8750 0.5000 -1.6000
f 4945 4946 4947 4948
v -16.9750 4.1000 -1.6000
v -16.8750 4.1000 -1.6000
v -16.8750 4.1000 -1.3500
v -16.9750 4.1000 -1.3500
f 4949 4950 4951 4952
v -16.9750 0.5000 -1.6000
v -16.8750 0.5000 -1.6000
v -16.8750 4.1000 -1.6000
v -16.9750 4.1000 -1.6000
f 4953 4954 4955 4956
v -16.8750 0.5000 -1.6000
v -16.8750 0.5000 -1.3500
v -16.8750 4.1000 -1.3500
v -16.8750 4.1000 -1.6000
f 4957 4958 4959 4960
v -16.8750 0.5000 -1.3500
v -16.9750 0.5000 -1.3500
v -16.9750 4.1000 -1.3500
v -16.8750 4.1000 -1.3500
f 4961 4962 4963 4964
v -16.9750 0.5000 -1.3500
v -16.9750 0.5000 -1.6000
v -16.9750 4.1000 -1.6000
v -16.9750 4.1000 -1.3500
f 4965 4966 4967 4968
v -16.9750 0.5000 2.0000
v -16.9750 0.5000 2.2500
v -16.8750 0.5000 2.2500
v -16.8750 0.5000 2.0000
f 4969 4970 4971 4972
v -16.9750 4.1000 2.0000
v -16.8750 4.1000 2.0000
v -16.8750 4.1000 2.2500
v -16.9750 4.1000 2.2500
f 4973 4974 4975 4976
v -16.9750 0.5000 2.0000
v -16.8750 0.5000 2.0000
v -16.8750 4.1000 2.0000
v -16.9750 4.1000 2.0000
f 4977 4978 4979 4980
v -16.8750 0.5000 2.0000
v -16.8750 0.5000 2.2500
v -16.8750 4.1000 2.2500
v -16.8750 4.1000 2.0000
f 4981 4982 4983 4984
v -16.8750 0.5000 2.2500
v -16.9750 0.5000 2.2500
v -16.9750 4.1000 2.2500
v -16.8750 4.1000 2.2500
f 4985 4986 4987 4988
v -16.9750 0.5000 2.2500
v -16.9750 0.5000 2.0000
v -16.9750 4.1000 2.0000
v -16.9750 4.1000 2.2500
f 4989 4990 4991 4992
v -16.9750 0.5000 5.6000
v -16.9750 0.5000 5.8500
v -16.8750 0.5000 5.8500
v -16.8750 0.5000 5.6000
f 4993 4994 4995 4996
v -16.9750 4.1000 5.6000
v -16.8750 4.1000 5.6000
v -16.8750 4.1000 5.8500
v -16.9750 4.1000 5.8500
f 4997 4998 4999 5000
v -16.9750 0.5000 5.6000
v -16.8750 0.5000 5.6000
v -16.8750 4.1000 5.6000
v -16.9750 4.1000 5.6000
f 5001 5002 5003 5004
v -16.8750 0.5000 5.6000
v -16.8750 0.5000 5.8500
v -16.8750 4.1000 5.8500
v -16.8750 4.1000 5.6000
f 5005 5006 5007 5008
v -16.8750 0.5000 5.8500
v -16.9750 0.5000 5.8500
v -16.9750 4.1000 5.8500
v -16.8750 4.1000 5.8500
f 5009 5010 5011 5012
v -16.9750 0.5000 5.8500
v -16.9750 0.5000 5.6000
v -16.9750 4.1000 5.6000
v -16.9750 4.1000 5.8500
f 5013 5014 5015 5016
v -16.9750 0.5000 9.2000
v -16.9750 0.5000 9.4500
v -16.8750 0.5000 9.4500
v -16.8750 0.5000 9.2000
f 5017 5018 5019 5020
v -16.9750 4.1000 9.2000
v -16.8750 4.1000 9.2000
v -16.8750 4.1000 9.4500
v -16.9750 4.1000 9.4500
f 5021 5022 5023 5024
v -16.9750 0.5000 9.2000
v -16.8750 0.5000 9.2000
v -16.8750 4.1000 9.2000
v -16.9750 4.1000 9.2000
f 5025 5026 5027 5028
v -16.8750 0.5000 9.2000
v -16.8750 0.5000 9.4500
v -16.8750 4.1000 9.4500
v -16.8750 4.1000 9.2000
f 5029 5030 5031 5032
v -16.8750 0.5000 9.4500
v -16.9750 0.5000 9.4500
v -16.9750 4.1000 9.4500
v -16.8750 4.1000 9.4500
f 5033 5034 5035 5036
v -16.9750 0.5000 9.4500
v -16.9750 0.5000 9.2000
v -16.9750 4.1000 9.2000
v -16.9750 4.1000 9.4500
f 5037 5038 5039 5040
v -16.9750 0.5000 12.2000
v -16.9750 0.5000 12.4500
v -16.8750 0.5000 12.4500
v -16.8750 0.5000 12.2000
f 5041 5042 5043 5044
v -16.9750 4.1000 12.2000
v -16.8750 4.1000 12.2000
v -16.8750 4.1000 12.4500
v -16.9750 4.1000 12.4500
f 5045 5046 5047 5048
v -16.9750 0.5000 12.2000
v -16.8750 0.5000 12.2000
v -16.8750 4.1000 12.2000
v -16.9750 4.1000 12.2000
f 5049 5050 5051 5052
v -16.8750 0.5000 12.2000
v -16.8750 0.5000 12.4500
v -16.8750 4.1000 12.4500
v -16.8750 4.1000 12.2000
f 5053 5054 5055 5056
v -16.8750 0.5000 12.4500
v -16.9750 0.5000 12.4500
v -16.9750 4.1000 12.4500
v -16.8750 4.1000 12.4500
f 5057 5058 5059 5060
v -16.9750 0.5000 12.4500
v -16.9750 0.5000 12.2000
v -16.9750 4.1000 12.2000
v -16.9750 4.1000 12.4500
f 5061 5062 5063 5064
v 16.8750 0.5000 -12.4000
v 16.8750 0.5000 -12.1500
v 16.9750 0.5000 -12.1500
v 16.9750 0.5000 -12.4000
f 5065 5066 5067 5068
v 16.8750 4.1000 -12.4000
v 16.9750 4.1000 -12.4000
v 16.9750 4.1000 -12.1500
v 16.8750 4.1000 -12.1500
f 5069 5070 5071 5072
v 16.8750 0.5000 -12.4000
v 16.9750 0.5000 -12.4000
v 16.9750 4.1000 -12.4000
v 16.8750 4.1000 -12.4000
f 5073 5074 5075 5076
v 16.9750 0.5000 -12.4000
v 16.9750 0.5000 -12.1500
v 16.9750 4.1000 -12.1500
v 16.9750 4.1000 -12.4000
f 5077 5078 5079 5080
v 16.9750 0.5000 -12.1500
v 16.8750 0.5000 -12.1500
v 16.8750 4.1000 -12.1500
v 16.9750 4.1000 -12.1500
f 5081 5082 5083 5084
v 16.8750 0.5000 -12.1500
v 16.8750 0.5000 -12.4000
v 16.8750 4.1000 -12.4000
v 16.8750 4.1000 -12.1500
f 5085 5086 5087 5088
v 16.8750 0.5000 -8.8000
v 16.8750 0.5000 -8.5500
v 16.9750 0.5000 -8.5500
v 16.9750 0.5000 -8.8000
f 5089 5090 5091 5092
v 16.8750 4.1000 -8.8000
v 16.9750 4.1000 -8.8000
v 16.9750 4.1000 -8.5500
v 16.8750 4.1000 -8.5500
f 5093 5094 5095 5096
v 16.8750 0.5000 -8.8000
v 16.9750 0.5000 -8.8000
v 16.9750 4.1000 -8.8000
v 16.8750 4.1000 -8.8000
f 5097 5098 5099 5100
v 16.9750 0.5000 -8.8000
v 16.9750 0.5000 -8.5500
v 16.9750 4.1000 -8.5500
v 16.9750 4.1000 -8.8000
f 5101 5102 5103 5104
v 16.9750 0.5000 -8.5500
v 16.8750 0.5000 -8.5500
v 16.8750 4.1000 -8.5500
v 16.9750 4.1000 -8.5500
f 5105 5106 5107 5108
v 16.8750 0.5000 -8.5500
v 16.8750 0.5000 -8.8000
v 16.8750 4.1000 -8.8000
v 16.8750 4.1000 -8.5500
f 5109 5110 5111 5112
v 16.8750 0.5000 -5.2000
v 16.8750 0.5000 -4.9500
v 16.9750 0.5000 -4.9500
v 16.9750 0.5000 -5.2000
f 5113 5114 5115 5116
v 16.8750 4.1000 -5.2000
v 16.9750 4.1000 -5.2000
v 16.9750 4.1000 -4.9500
v 16.8750 4.1000 -4.9500
f 5117 5118 5119 5120
v 16.8750 0.5000 -5.2000
v 16.9750 0.5000 -5.2000
v 16.9750 4.1000 -5.2000
v 16.8750 4.1000 -5.2000
f 5121 5122 5123 5124
v 16.9750 0.5000 -5.2000
v 16.9750 0.5000 -4.9500
v 16.9750 4.1000 -4.9500
v 16.9750 4.1000 -5.2000
f 5125 5126 5127 5128
v 16.9750 0.5000 -4.9500
v 16.8750 0.5000 -4.9500
v 16.8750 4.1000 -4.9500
v 16.9750 4.1000 -4.9500
f 5129 5130 5131 5132
v 16.8750 0.5000 -4.9500
v 16.8750 0.5000 -5.2000
v 16.8750 4.1000 -5.2000
v 16.8750 4.1000 -4.9500
f 5133 5134 5135 5136
v 16.8750 0.5000 -1.6000
v 16.8750 0.5000 -1.3500
v 16.9750 0.5000 -1.3500
v 16.9750 0.5000 -1.6000
f 5137 5138 5139 5140
v 16.8750 4.1000 -1.6000
v 16.9750 4.1000 -1.6000
v 16.9750 4.1000 -1.3500
v 16.8750 4.1000 -1.3500
f 5141 5142 5143 5144
v 16.8750 0.5000 -1.6000
v 16.9750 0.5000 -1.6000
v 16.9750 4.1000 -1.6000
v 16.8750 4.1000 -1.6000
f 5145 5146 5147 5148
v 16.9750 0.5000 -1.6000
v 16.9750 0.5000 -1.3500
v 16.9750 4.1000 -1.3500
v 16.9750 4.1000 -1.6000
f 5149 5150 5151 5152
v 16.9750 0.5000 -1.3500
v 16.8750 0.5000 -1.3500
v 16.8750 4.1000 -1.3500
v 16.9750 4.1000 -1.3500
f 5153 5154 5155 5156
v 16.8750 0.5000 -1.3500
v 16.8750 0.5000 -1.6000
v 16.8750 4.1000 -1.6000
v 16.8750 4.1000 -1.3500
f 5157 5158 5159 5160
v 16.8750 0.5000 2.0000
v 16.8750 0.5000 2.2500
v 16.9750 0.5000 2.2500
v 16.9750 0.5000 2.0000
f 5161 5162 5163 5164
v 16.8750 4.1000 2.0000
v 16.9750 4.1000 2.0000
v 16.9750 4.1000 2.2500
v 16.8750 4.1000 2.2500
f 5165 5166 5167 5168
v 16.8750 0.5000 2.0000
v 16.9750 0.5000 2.0000
v 16.9750 4.1000 2.0000
v 16.8750 4.1000 2.0000
f 5169 5170 5171 5172
v 16.9750 0.5000 2.0000
v 16.9750 0.5000 2.2500
v 16.9750 4.1000 2.2500
v 16.9750 4.1000 2.0000
f 5173 5174 5175 5176
v 16.9750 0.5000 2.2500
v 16.8750 0.5000 2.2500
v 16.8750 4.1000 2.2500
v 16.9750 4.1000 2.2500
f 5177 5178 5179 5180
v 16.8750 0.5000 2.2500
v 16.8750 0.5000 2.0000
v 16.8750 4.1000 2.0000
v 16.8750 4.1000 2.2500
f 5181 5182 5183 5184
v 16.8750 0.5000 5.6000
v 16.8750 0.5000 5.8500
v 16.9750 0.5000 5.8500
v 16.9750 0.5000 5.6000
f 5185 5186 5187 5188
v 16.8750 4.1000 5.6000
v 16.9750 4.1000 5.6000
v 16.9750 4.1000 5.8500
v 16.8750 4.1000 5.8500
f 5189 5190 5191 5192
v 16.8750 0.5000 5.6000
v 16.9750 0.5000 5.6000
v 16.9750 4.1000 5.6000
v 16.8750 4.1000 5.6000
f 5193 5194 5195 5196
v 16.9750 0.5000 5.6000
v 16.9750 0.5000 5.8500
v 16.9750 4.1000 5.8500
v 16.9750 4.1000 5.6000
f 5197 5198 5199 5200
v 16.9750 0.5000 5.8500
v 16.8750 0.5000 5.8500
v 16.8750 4.1000 5.8500
v 16.9750 4.1000 5.8500
f 5201 5202 5203 5204
v 16.8750 0.5000 5.8500
v 16.8750 0.5000 5.6000
v 16.8750 4.1000 5.6000
v 16.8750 4.1000 5.8500
f 5205 5206 5207 5208
v 16.8750 0.5000 9.2000
v 16.8750 0.5000 9.4500
v 16.9750 0.5000 9.4500
v 16.9750 0.5000 9.2000
f 5209 5210 5211 5212
v 16.8750 4.1000 9.2000
v 16.9750 4.1000 9.2000
v 16.9750 4.1000 9.4500
v 16.8750 4.1000 9.4500
f 5213 5214 5215 5216
v 16.8750 0.5000 9.2000
v 16.9750 0.5000 9.2000
v 16.9750 4.1000 9.2000
v 16.8750 4.1000 9.2000
f 5217 5218 5219 5220
v 16.9750 0.5000 9.2000
v 16.9750 0.5000 9.4500
v 16.9750 4.1000 9.4500
v 16.9750 4.1000 9.2000
f 5221 5222 5223 5224
v 16.9750 0.5000 9.4500
v 16.8750 0.5000 9.4500
v 16.8750 4.1000 9.4500
v 16.9750 4.1000 9.4500
f 5225 5226 5227 5228
v 16.8750 0.5000 9.4500
v 16.8750 0.5000 9.2000
v 16.8750 4.1000 9.2000
v 16.8750 4.1000 9.4500
f 5229 5230 5231 5232
v 16.8750 0.5000 12.2000
v 16.8750 0.5000 12.4500
v 16.9750 0.5000 12.4500
v 16.9750 0.5000 12.2000
f 5233 5234 5235 5236
v 16.8750 4.1000 12.2000
v 16.9750 4.1000 12.2000
v 16.9750 4.1000 12.4500
v 16.8750 4.1000 12.4500
f 5237 5238 5239 5240
v 16.8750 0.5000 12.2000
v 16.9750 0.5000 12.2000
v 16.9750 4.1000 12.2000
v 16.8750 4.1000 12.2000
f 5241 5242 5243 5244
v 16.9750 0.5000 12.2000
v 16.9750 0.5000 12.4500
v 16.9750 4.1000 12.4500
v 16.9750 4.1000 12.2000
f 5245 5246 5247 5248
v 16.9750 0.5000 12.4500
v 16.8750 0.5000 12.4500
v 16.8750 4.1000 12.4500
v 16.9750 4.1000 12.4500
f 5249 5250 5251 5252
v 16.8750 0.5000 12.4500
v 16.8750 0.5000 12.2000
v 16.8750 4.1000 12.2000
v 16.8750 4.1000 12.4500
f 5253 5254 5255 5256
g level_1_cornice_cornice
v -16.9150 3.9500 2.4300
v -16.9150 3.9500 12.8650
v 16.9150 3.9500 12.8650
v 16.9150 3.9500 2.4300
f 5257 5258 5259 5260
v -16.9150 4.1000 2.4300
v 16.9150 4.1000 2.4300
v 16.9150 4.1000 12.8650
v -16.9150 4.1000 12.8650
f 5261 5262 5263 5264
v -16.9150 3.9500 2.4300
v 16.9150 3.9500 2.4300
v 16.9150 4.1000 2.4300
v -16.9150 4.1000 2.4300
f 5265 5266 5267 5268
v 16.9150 3.9500 2.4300
v 16.9150 3.9500 12.8650
v 16.9150 4.1000 12.8650
v 16.9150 4.1000 2.4300
f 5269 5270 5271 5272
v 16.9150 3.9500 12.8650
v -16.9150 3.9500 12.8650
v -16.9150 4.1000 12.8650
v 16.9150 4.1000 12.8650
f 5273 5274 5275 5276
v -16.9150 3.9500 12.8650
v -16.9150 3.9500 2.4300
v -16.9150 4.1000 2.4300
v -16.9150 4.1000 12.8650
f 5277 5278 5279 5280
v -16.9150 3.9500 -12.8650
v -16.9150 3.9500 2.6700
v -8.5250 3.9500 2.6700
v -8.5250 3.9500 -12.8650
f 5281 5282 5283 5284
v -16.9150 4.1000 -12.8650
v -8.5250 4.1000 -12.8650
v -8.5250 4.1000 2.6700
v -16.9150 4.1000 2.6700
f 5285 5286 5287 5288
v -16.9150 3.9500 -12.8650
v -8.5250 3.9500 -12.8650
v -8.5250 4.1000 -12.8650
v -16.9150 4.1000 -12.8650
f 5289 5290 5291 5292
v -8.5250 3.9500 -12.8650
v -8.5250 3.9500 2.6700
v -8.5250 4.1000 2.6700
v -8.5250 4.1000 -12.8650
f 5293 5294 5295 5296
v -8.5250 3.9500 2.6700
v -16.9150 3.9500 2.6700
v -16.9150 4.1000 2.6700
v -8.5250 4.1000 2.6700
f 5297 5298 5299 5300
v -16.9150 3.9500 2.6700
v -16.9150 3.9500 -12.8650
v -16.9150 4.1000 -12.8650
v -16.9150 4.1000 2.6700
f 5301 5302 5303 5304
v 8.5250 3.9500 -12.8650
v 8.5250 3.9500 2.6700
v 16.9150 3.9500 2.6700
v 16.9150 3.9500 -12.8650
f 5305 5306 5307 5308
v 8.5250 4.1000 -12.8650
v 16.9150 4.1000 -12.8650
v 16.9150 4.1000 2.6700
v 8.5250 4.1000 2.6700
f 5309 5310 5311 5312
v 8.5250 3.9500 -12.8650
v 16.9150 3.9500 -12.8650
v 16.9150 4.1000 -12.8650
v 8.5250 4.1000 -12.8650
f 5313 5314 5315 5316
v 16.9150 3.9500 -12.8650
v 16.9150 3.9500 2.6700
v 16.9150 4.1000 2.6700
v 16.9150 4.1000 -12.8650
f 5317 5318 5319 5320
v 16.9150 3.9500 2.6700
v 8.5250 3.9500 2.6700
v 8.5250 4.1000 2.6700
v 16.9150 4.1000 2.6700
f 5321 5322 5323 5324
v 8.5250 3.9500 2.6700
v 8.5250 3.9500 -12.8650
v 8.5250 4.1000 -12.8650
v 8.5250 4.1000 2.6700
f 5325 5326 5327 5328
g level_2_detail_window_frame
v -15.1200 4.7000 12.8000
v -15.1200 4.7000 12.9000
v -13.6800 4.7000 12.9000
v -13.6800 4.7000 12.8000
f 5329 5330 5331 5332
v -15.1200 6.8000 12.8000
v -13.6800 6.8000 12.8000
v -13.6800 6.8000 12.9000
v -15.1200 6.8000 12.9000
f 5333 5334 5335 5336
v -15.1200 4.7000 12.8000
v -13.6800 4.7000 12.8000
v -13.6800 6.8000 12.8000
v -15.1200 6.8000 12.8000
f 5337 5338 5339 5340
v -13.6800 4.7000 12.8000
v -13.6800 4.7000 12.9000
v -13.6800 6.8000 12.9000
v -13.6800 6.8000 12.8000
f 5341 5342 5343 5344
v -13.6800 4.7000 12.9000
v -15.1200 4.7000 12.9000
v -15.1200 6.8000 12.9000
v -13.6800 6.8000 12.9000
f 5345 5346 5347 5348
v -15.1200 4.7000 12.9000
v -15.1200 4.7000 12.8000
v -15.1200 6.8000 12.8000
v -15.1200 6.8000 12.9000
f 5349 5350 5351 5352
g level_2_detail_window_glass
usemtl glass
v -14.9900 4.8400 12.8700
v -14.9900 4.8400 12.9300
v -13.8100 4.8400 12.9300
v -13.8100 4.8400 12.8700
f 5353 5354 5355 5356
v -14.9900 6.6400 12.8700
v -13.8100 6.6400 12.8700
v -13.8100 6.6400 12.9300
v -14.9900 6.6400 12.9300
f 5357 5358 5359 5360
v -14.9900 4.8400 12.8700
v -13.8100 4.8400 12.8700
v -13.8100 6.6400 12.8700
v -14.9900 6.6400 12.8700
f 5361 5362 5363 5364
v -13.8100 4.8400 12.8700
v -13.8100 4.8400 12.9300
v -13.8100 6.6400 12.9300
v -13.8100 6.6400 12.8700
f 5365 5366 5367 5368
v -13.8100 4.8400 12.9300
v -14.9900 4.8400 12.9300
v -14.9900 6.6400 12.9300
v -13.8100 6.6400 12.9300
f 5369 5370 5371 5372
v -14.9900 4.8400 12.9300
v -14.9900 4.8400 12.8700
v -14.9900 6.6400 12.8700
v -14.9900 6.6400 12.9300
f 5373 5374 5375 5376
g level_2_detail_window_mullion
usemtl frame
v -14.4270 4.8300 12.9300
v -14.4270 4.8300 12.9750
v -14.3730 4.8300 12.9750
v -14.3730 4.8300 12.9300
f 5377 5378 5379 5380
v -14.4270 6.6700 12.9300
v -14.3730 6.6700 12.9300
v -14.3730 6.6700 12.9750
v -14.4270 6.6700 12.9750
f 5381 5382 5383 5384
v -14.4270 4.8300 12.9300
v -14.3730 4.8300 12.9300
v -14.3730 6.6700 12.9300
v -14.4270 6.6700 12.9300
f 5385 5386 5387 5388
v -14.3730 4.8300 12.9300
v -14.3730 4.8300 12.9750
v -14.3730 6.6700 12.9750
v -14.3730 6.6700 12.9300
f 5389 5390 5391 5392
v -14.3730 4.8300 12.9750
v -14.4270 4.8300 12.9750
v -14.4270 6.6700 12.9750
v -14.3730 6.6700 12.9750
f 5393 5394 5395 5396
v -14.4270 4.8300 12.9750
v -14.4270 4.8300 12.9300
v -14.4270 6.6700 12.9300
v -14.4270 6.6700 12.9750
f 5397 5398 5399 5400
g level_2_detail_window_transom
v -15.0100 5.8800 12.9300
v -15.0100 5.8800 12.9750
v -13.7900 5.8800 12.9750
v -13.7900 5.8800 12.9300
f 5401 5402 5403 5404
v -15.0100 5.9300 12.9300
v -13.7900 5.9300 12.9300
v -13.7900 5.9300 12.9750
v -15.0100 5.9300 12.9750
f 5405 5406 5407 5408
v -15.0100 5.8800 12.9300
v -13.7900 5.8800 12.9300
v -13.7900 5.9300 12.9300
v -15.0100 5.9300 12.9300
f 5409 5410 5411 5412
v -13.7900 5.8800 12.9300
v -13.7900 5.8800 12.9750
v -13.7900 5.9300 12.9750
v -13.7900 5.9300 12.9300
f 5413 5414 5415 5416
v -13.7900 5.8800 12.9750
v -15.0100 5.8800 12.9750
v -15.0100 5.9300 12.9750
v -13.7900 5.9300 12.9750
f 5417 5418 5419 5420
v -15.0100 5.8800 12.9750
v -15.0100 5.8800 12.9300
v -15.0100 5.9300 12.9300
v -15.0100 5.9300 12.9750
f 5421 5422 5423 5424
g level_2_detail_sill
usemtl trim
v -15.2300 4.5800 12.7300
v -15.2300 4.5800 12.9900
v -13.5700 4.5800 12.9900
v -13.5700 4.5800 12.7300
f 5425 5426 5427 5428
v -15.2300 4.7100 12.7300
v -13.5700 4.7100 12.7300
v -13.5700 4.7100 12.9900
v -15.2300 4.7100 12.9900
f 5429 5430 5431 5432
v -15.2300 4.5800 12.7300
v -13.5700 4.5800 12.7300
v -13.5700 4.7100 12.7300
v -15.2300 4.7100 12.7300
f 5433 5434 5435 5436
v -13.5700 4.5800 12.7300
v -13.5700 4.5800 12.9900
v -13.5700 4.7100 12.9900
v -13.5700 4.7100 12.7300
f 5437 5438 5439 5440
v -13.5700 4.5800 12.9900
v -15.2300 4.5800 12.9900
v -15.2300 4.7100 12.9900
v -13.5700 4.7100 12.9900
f 5441 5442 5443 5444
v -15.2300 4.5800 12.9900
v -15.2300 4.5800 12.7300
v -15.2300 4.7100 12.7300
v -15.2300 4.7100 12.9900
f 5445 5446 5447 5448
g level_2_detail_window_frame
v -11.5200 4.7000 12.8000
v -11.5200 4.7000 12.9000
v -10.0800 4.7000 12.9000
v -10.0800 4.7000 12.8000
f 5449 5450 5451 5452
v -11.5200 6.8000 12.8000
v -10.0800 6.8000 12.8000
v -10.0800 6.8000 12.9000
v -11.5200 6.8000 12.9000
f 5453 5454 5455 5456
v -11.5200 4.7000 12.8000
v -10.0800 4.7000 12.8000
v -10.0800 6.8000 12.8000
v -11.5200 6.8000 12.8000
f 5457 5458 5459 5460
v -10.0800 4.7000 12.8000
v -10.0800 4.7000 12.9000
v -10.0800 6.8000 12.9000
v -10.0800 6.8000 12.8000
f 5461 5462 5463 5464
v -10.0800 4.7000 12.9000
v -11.5200 4.7000 12.9000
v -11.5200 6.8000 12.9000
v -10.0800 6.8000 12.9000
f 5465 5466 5467 5468
v -11.5200 4.7000 12.9000
v -11.5200 4.7000 12.8000
v -11.5200 6.8000 12.8000
v -11.5200 6.8000 12.9000
f 5469 5470 5471 5472
g level_2_detail_window_glass
usemtl glass
v -11.3900 4.8400 12.8700
v -11.3900 4.8400 12.9300
v -10.2100 4.8400 12.9300
v -10.2100 4.8400 12.8700
f 5473 5474 5475 5476
v -11.3900 6.6400 12.8700
v -10.2100 6.6400 12.8700
v -10.2100 6.6400 12.9300
v -11.3900 6.6400 12.9300
f 5477 5478 5479 5480
v -11.3900 4.8400 12.8700
v -10.2100 4.8400 12.8700
v -10.2100 6.6400 12.8700
v -11.3900 6.6400 12.8700
f 5481 5482 5483 5484
v -10.2100 4.8400 12.8700
v -10.2100 4.8400 12.9300
v -10.2100 6.6400 12.9300
v -10.2100 6.6400 12.8700
f 5485 5486 5487 5488
v -10.2100 4.8400 12.9300
v -11.3900 4.8400 12.9300
v -11.3900 6.6400 12.9300
v -10.2100 6.6400 12.9300
f 5489 5490 5491 5492
v -11.3900 4.8400 12.9300
v -11.3900 4.8400 12.8700
v -11.3900 6.6400 12.8700
v -11.3900 6.6400 12.9300
f 5493 5494 5495 5496
g level_2_detail_window_mullion
usemtl frame
v -10.8270 4.8300 12.9300
v -10.8270 4.8300 12.9750
v -10.7730 4.8300 12.9750
v -10.7730 4.8300 12.9300
f 5497 5498 5499 5500
v -10.8270 6.6700 12.9300
v -10.7730 6.6700 12.9300
v -10.7730 6.6700 12.9750
v -10.8270 6.6700 12.9750
f 5501 5502 5503 5504
v -10.8270 4.8300 12.9300
v -10.7730 4.8300 12.9300
v -10.7730 6.6700 12.9300
v -10.8270 6.6700 12.9300
f 5505 5506 5507 5508
v -10.7730 4.8300 12.9300
v -10.7730 4.8300 12.9750
v -10.7730 6.6700 12.9750
v -10.7730 6.6700 12.9300
f 5509 5510 5511 5512
v -10.7730 4.8300 12.9750
v -10.8270 4.8300 12.9750
v -10.8270 6.6700 12.9750
v -10.7730 6.6700 12.9750
f 5513 5514 5515 5516
v -10.8270 4.8300 12.9750
v -10.8270 4.8300 12.9300
v -10.8270 6.6700 12.9300
v -10.8270 6.6700 12.9750
f 5517 5518 5519 5520
g level_2_detail_window_transom
v -11.4100 5.8800 12.9300
v -11.4100 5.8800 12.9750
v -10.1900 5.8800 12.9750
v -10.1900 5.8800 12.9300
f 5521 5522 5523 5524
v -11.4100 5.9300 12.9300
v -10.1900 5.9300 12.9300
v -10.1900 5.9300 12.9750
v -11.4100 5.9300 12.9750
f 5525 5526 5527 5528
v -11.4100 5.8800 12.9300
v -10.1900 5.8800 12.9300
v -10.1900 5.9300 12.9300
v -11.4100 5.9300 12.9300
f 5529 5530 5531 5532
v -10.1900 5.8800 12.9300
v -10.1900 5.8800 12.9750
v -10.1900 5.9300 12.9750
v -10.1900 5.9300 12.9300
f 5533 5534 5535 5536
v -10.1900 5.8800 12.9750
v -11.4100 5.8800 12.9750
v -11.4100 5.9300 12.9750
v -10.1900 5.9300 12.9750
f 5537 5538 5539 5540
v -11.4100 5.8800 12.9750
v -11.4100 5.8800 12.9300
v -11.4100 5.9300 12.9300
v -11.4100 5.9300 12.9750
f 5541 5542 5543 5544
g level_2_detail_sill
usemtl trim
v -11.6300 4.5800 12.7300
v -11.6300 4.5800 12.9900
v -9.9700 4.5800 12.9900
v -9.9700 4.5800 12.7300
f 5545 5546 5547 5548
v -11.6300 4.7100 12.7300
v -9.9700 4.7100 12.7300
v -9.9700 4.7100 12.9900
v -11.6300 4.7100 12.9900
f 5549 5550 5551 5552
v -11.6300 4.5800 12.7300
v -9.9700 4.5800 12.7300
v -9.9700 4.7100 12.7300
v -11.6300 4.7100 12.7300
f 5553 5554 5555 5556
v -9.9700 4.5800 12.7300
v -9.9700 4.5800 12.9900
v -9.9700 4.7100 12.9900
v -9.9700 4.7100 12.7300
f 5557 5558 5559 5560
v -9.9700 4.5800 12.9900
v -11.6300 4.5800 12.9900
v -11.6300 4.7100 12.9900
v -9.9700 4.7100 12.9900
f 5561 5562 5563 5564
v -11.6300 4.5800 12.9900
v -11.6300 4.5800 12.7300
v -11.6300 4.7100 12.7300
v -11.6300 4.7100 12.9900
f 5565 5566 5567 5568
g level_2_detail_window_frame
v -7.9200 4.7000 12.8000
v -7.9200 4.7000 12.9000
v -6.4800 4.7000 12.9000
v -6.4800 4.7000 12.8000
f 5569 5570 5571 5572
v -7.9200 6.8000 12.8000
v -6.4800 6.8000 12.8000
v -6.4800 6.8000 12.9000
v -7.9200 6.8000 12.9000
f 5573 5574 5575 5576
v -7.9200 4.7000 12.8000
v -6.4800 4.7000 12.8000
v -6.4800 6.8000 12.8000
v -7.9200 6.8000 12.8000
f 5577 5578 5579 5580
v -6.4800 4.7000 12.8000
v -6.4800 4.7000 12.9000
v -6.4800 6.8000 12.9000
v -6.4800 6.8000 12.8000
f 5581 5582 5583 5584
v -6.4800 4.7000 12.9000
v -7.9200 4.7000 12.9000
v -7.9200 6.8000 12.9000
v -6.4800 6.8000 12.9000
f 5585 5586 5587 5588
v -7.9200 4.7000 12.9000
v -7.9200 4.7000 12.8000
v -7.9200 6.8000 12.8000
v -7.9200 6.8000 12.9000
f 5589 5590 5591 5592
g level_2_detail_window_glass
usemtl glass
v -7.7900 4.8400 12.8700
v -7.7900 4.8400 12.9300
v -6.6100 4.8400 12.9300
v -6.6100 4.8400 12.8700
f 5593 5594 5595 5596
v -7.7900 6.6400 12.8700
v -6.6100 6.6400 12.8700
v -6.6100 6.6400 12.9300
v -7.7900 6.6400 12.9300
f 5597 5598 5599 5600
v -7.7900 4.8400 12.8700
v -6.6100 4.8400 12.8700
v -6.6100 6.6400 12.8700
v -7.7900 6.6400 12.8700
f 5601 5602 5603 5604
v -6.6100 4.8400 12.8700
v -6.6100 4.8400 12.9300
v -6.6100 6.6400 12.9300
v -6.6100 6.6400 12.8700
f 5605 5606 5607 5608
v -6.6100 4.8400 12.9300
v -7.7900 4.8400 12.9300
v -7.7900 6.6400 12.9300
v -6.6100 6.6400 12.9300
f 5609 5610 5611 5612
v -7.7900 4.8400 12.9300
v -7.7900 4.8400 12.8700
v -7.7900 6.6400 12.8700
v -7.7900 6.6400 12.9300
f 5613 5614 5615 5616
g level_2_detail_window_mullion
usemtl frame
v -7.2270 4.8300 12.9300
v -7.2270 4.8300 12.9750
v -7.1730 4.8300 12.9750
v -7.1730 4.8300 12.9300
f 5617 5618 5619 5620
v -7.2270 6.6700 12.9300
v -7.1730 6.6700 12.9300
v -7.1730 6.6700 12.9750
v -7.2270 6.6700 12.9750
f 5621 5622 5623 5624
v -7.2270 4.8300 12.9300
v -7.1730 4.8300 12.9300
v -7.1730 6.6700 12.9300
v -7.2270 6.6700 12.9300
f 5625 5626 5627 5628
v -7.1730 4.8300 12.9300
v -7.1730 4.8300 12.9750
v -7.1730 6.6700 12.9750
v -7.1730 6.6700 12.9300
f 5629 5630 5631 5632
v -7.1730 4.8300 12.9750
v -7.2270 4.8300 12.9750
v -7.2270 6.6700 12.9750
v -7.1730 6.6700 12.9750
f 5633 5634 5635 5636
v -7.2270 4.8300 12.9750
v -7.2270 4.8300 12.9300
v -7.2270 6.6700 12.9300
v -7.2270 6.6700 12.9750
f 5637 5638 5639 5640
g level_2_detail_window_transom
v -7.8100 5.8800 12.9300
v -7.8100 5.8800 12.9750
v -6.5900 5.8800 12.9750
v -6.5900 5.8800 12.9300
f 5641 5642 5643 5644
v -7.8100 5.9300 12.9300
v -6.5900 5.9300 12.9300
v -6.5900 5.9300 12.9750
v -7.8100 5.9300 12.9750
f 5645 5646 5647 5648
v -7.8100 5.8800 12.9300
v -6.5900 5.8800 12.9300
v -6.5900 5.9300 12.9300
v -7.8100 5.9300 12.9300
f 5649 5650 5651 5652
v -6.5900 5.8800 12.9300
v -6.5900 5.8800 12.9750
v -6.5900 5.9300 12.9750
v -6.5900 5.9300 12.9300
f 5653 5654 5655 5656
v -6.5900 5.8800 12.9750
v -7.8100 5.8800 12.9750
v -7.8100 5.9300 12.9750
v -6.5900 5.9300 12.9750
f 5657 5658 5659 5660
v -7.8100 5.8800 12.9750
v -7.8100 5.8800 12.9300
v -7.8100 5.9300 12.9300
v -7.8100 5.9300 12.9750
f 5661 5662 5663 5664
g level_2_detail_sill
usemtl trim
v -8.0300 4.5800 12.7300
v -8.0300 4.5800 12.9900
v -6.3700 4.5800 12.9900
v -6.3700 4.5800 12.7300
f 5665 5666 5667 5668
v -8.0300 4.7100 12.7300
v -6.3700 4.7100 12.7300
v -6.3700 4.7100 12.9900
v -8.0300 4.7100 12.9900
f 5669 5670 5671 5672
v -8.0300 4.5800 12.7300
v -6.3700 4.5800 12.7300
v -6.3700 4.7100 12.7300
v -8.0300 4.7100 12.7300
f 5673 5674 5675 5676
v -6.3700 4.5800 12.7300
v -6.3700 4.5800 12.9900
v -6.3700 4.7100 12.9900
v -6.3700 4.7100 12.7300
f 5677 5678 5679 5680
v -6.3700 4.5800 12.9900
v -8.0300 4.5800 12.9900
v -8.0300 4.7100 12.9900
v -6.3700 4.7100 12.9900
f 5681 5682 5683 5684
v -8.0300 4.5800 12.9900
v -8.0300 4.5800 12.7300
v -8.0300 4.7100 12.7300
v -8.0300 4.7100 12.9900
f 5685 5686 5687 5688
g level_2_detail_window_frame
v -4.3200 4.7000 12.8000
v -4.3200 4.7000 12.9000
v -2.8800 4.7000 12.9000
v -2.8800 4.7000 12.8000
f 5689 5690 5691 5692
v -4.3200 6.8000 12.8000
v -2.8800 6.8000 12.8000
v -2.8800 6.8000 12.9000
v -4.3200 6.8000 12.9000
f 5693 5694 5695 5696
v -4.3200 4.7000 12.8000
v -2.8800 4.7000 12.8000
v -2.8800 6.8000 12.8000
v -4.3200 6.8000 12.8000
f 5697 5698 5699 5700
v -2.8800 4.7000 12.8000
v -2.8800 4.7000 12.9000
v -2.8800 6.8000 12.9000
v -2.8800 6.8000 12.8000
f 5701 5702 5703 5704
v -2.8800 4.7000 12.9000
v -4.3200 4.7000 12.9000
v -4.3200 6.8000 12.9000
v -2.8800 6.8000 12.9000
f 5705 5706 5707 5708
v -4.3200 4.7000 12.9000
v -4.3200 4.7000 12.8000
v -4.3200 6.8000 12.8000
v -4.3200 6.8000 12.9000
f 5709 5710 5711 5712
g level_2_detail_window_glass
usemtl glass
v -4.1900 4.8400 12.8700
v -4.1900 4.8400 12.9300
v -3.0100 4.8400 12.9300
v -3.0100 4.8400 12.8700
f 5713 5714 5715 5716
v -4.1900 6.6400 12.8700
v -3.0100 6.6400 12.8700
v -3.0100 6.6400 12.9300
v -4.1900 6.6400 12.9300
f 5717 5718 5719 5720
v -4.1900 4.8400 12.8700
v -3.0100 4.8400 12.8700
v -3.0100 6.6400 12.8700
v -4.1900 6.6400 12.8700
f 5721 5722 5723 5724
v -3.0100 4.8400 12.8700
v -3.0100 4.8400 12.9300
v -3.0100 6.6400 12.9300
v -3.0100 6.6400 12.8700
f 5725 5726 5727 5728
v -3.0100 4.8400 12.9300
v -4.1900 4.8400 12.9300
v -4.1900 6.6400 12.9300
v -3.0100 6.6400 12.9300
f 5729 5730 5731 5732
v -4.1900 4.8400 12.9300
v -4.1900 4.8400 12.8700
v -4.1900 6.6400 12.8700
v -4.1900 6.6400 12.9300
f 5733 5734 5735 5736
g level_2_detail_window_mullion
usemtl frame
v -3.6270 4.8300 12.9300
v -3.6270 4.8300 12.9750
v -3.5730 4.8300 12.9750
v -3.5730 4.8300 12.9300
f 5737 5738 5739 5740
v -3.6270 6.6700 12.9300
v -3.5730 6.6700 12.9300
v -3.5730 6.6700 12.9750
v -3.6270 6.6700 12.9750
f 5741 5742 5743 5744
v -3.6270 4.8300 12.9300
v -3.5730 4.8300 12.9300
v -3.5730 6.6700 12.9300
v -3.6270 6.6700 12.9300
f 5745 5746 5747 5748
v -3.5730 4.8300 12.9300
v -3.5730 4.8300 12.9750
v -3.5730 6.6700 12.9750
v -3.5730 6.6700 12.9300
f 5749 5750 5751 5752
v -3.5730 4.8300 12.9750
v -3.6270 4.8300 12.9750
v -3.6270 6.6700 12.9750
v -3.5730 6.6700 12.9750
f 5753 5754 5755 5756
v -3.6270 4.8300 12.9750
v -3.6270 4.8300 12.9300
v -3.6270 6.6700 12.9300
v -3.6270 6.6700 12.9750
f 5757 5758 5759 5760
g level_2_detail_window_transom
v -4.2100 5.8800 12.9300
v -4.2100 5.8800 12.9750
v -2.9900 5.8800 12.9750
v -2.9900 5.8800 12.9300
f 5761 5762 5763 5764
v -4.2100 5.9300 12.9300
v -2.9900 5.9300 12.9300
v -2.9900 5.9300 12.9750
v -4.2100 5.9300 12.9750
f 5765 5766 5767 5768
v -4.2100 5.8800 12.9300
v -2.9900 5.8800 12.9300
v -2.9900 5.9300 12.9300
v -4.2100 5.9300 12.9300
f 5769 5770 5771 5772
v -2.9900 5.8800 12.9300
v -2.9900 5.8800 12.9750
v -2.9900 5.9300 12.9750
v -2.9900 5.9300 12.9300
f 5773 5774 5775 5776
v -2.9900 5.8800 12.9750
v -4.2100 5.8800 12.9750
v -4.2100 5.9300 12.9750
v -2.9900 5.9300 12.9750
f 5777 5778 5779 5780
v -4.2100 5.8800 12.9750
v -4.2100 5.8800 12.9300
v -4.2100 5.9300 12.9300
v -4.2100 5.9300 12.9750
f 5781 5782 5783 5784
g level_2_detail_sill
usemtl trim
v -4.4300 4.5800 12.7300
v -4.4300 4.5800 12.9900
v -2.7700 4.5800 12.9900
v -2.7700 4.5800 12.7300
f 5785 5786 5787 5788
v -4.4300 4.7100 12.7300
v -2.7700 4.7100 12.7300
v -2.7700 4.7100 12.9900
v -4.4300 4.7100 12.9900
f 5789 5790 5791 5792
v -4.4300 4.5800 12.7300
v -2.7700 4.5800 12.7300
v -2.7700 4.7100 12.7300
v -4.4300 4.7100 12.7300
f 5793 5794 5795 5796
v -2.7700 4.5800 12.7300
v -2.7700 4.5800 12.9900
v -2.7700 4.7100 12.9900
v -2.7700 4.7100 12.7300
f 5797 5798 5799 5800
v -2.7700 4.5800 12.9900
v -4.4300 4.5800 12.9900
v -4.4300 4.7100 12.9900
v -2.7700 4.7100 12.9900
f 5801 5802 5803 5804
v -4.4300 4.5800 12.9900
v -4.4300 4.5800 12.7300
v -4.4300 4.7100 12.7300
v -4.4300 4.7100 12.9900
f 5805 5806 5807 5808
g level_2_detail_window_frame
v -0.7200 4.7000 12.8000
v -0.7200 4.7000 12.9000
v 0.7200 4.7000 12.9000
v 0.7200 4.7000 12.8000
f 5809 5810 5811 5812
v -0.7200 6.8000 12.8000
v 0.7200 6.8000 12.8000
v 0.7200 6.8000 12.9000
v -0.7200 6.8000 12.9000
f 5813 5814 5815 5816
v -0.7200 4.7000 12.8000
v 0.7200 4.7000 12.8000
v 0.7200 6.8000 12.8000
v -0.7200 6.8000 12.8000
f 5817 5818 5819 5820
v 0.7200 4.7000 12.8000
v 0.7200 4.7000 12.9000
v 0.7200 6.8000 12.9000
v 0.7200 6.8000 12.8000
f 5821 5822 5823 5824
v 0.7200 4.7000 12.9000
v -0.7200 4.7000 12.9000
v -0.7200 6.8000 12.9000
v 0.7200 6.8000 12.9000
f 5825 5826 5827 5828
v -0.7200 4.7000 12.9000
v -0.7200 4.7000 12.8000
v -0.7200 6.8000 12.8000
v -0.7200 6.8000 12.9000
f 5829 5830 5831 5832
g level_2_detail_window_glass
usemtl glass
v -0.5900 4.8400 12.8700
v -0.5900 4.8400 12.9300
v 0.5900 4.8400 12.9300
v 0.5900 4.8400 12.8700
f 5833 5834 5835 5836
v -0.5900 6.6400 12.8700
v 0.5900 6.6400 12.8700
v 0.5900 6.6400 12.9300
v -0.5900 6.6400 12.9300
f 5837 5838 5839 5840
v -0.5900 4.8400 12.8700
v 0.5900 4.8400 12.8700
v 0.5900 6.6400 12.8700
v -0.5900 6.6400 12.8700
f 5841 5842 5843 5844
v 0.5900 4.8400 12.8700
v 0.5900 4.8400 12.9300
v 0.5900 6.6400 12.9300
v 0.5900 6.6400 12.8700
f 5845 5846 5847 5848
v 0.5900 4.8400 12.9300
v -0.5900 4.8400 12.9300
v -0.5900 6.6400 12.9300
v 0.5900 6.6400 12.9300
f 5849 5850 5851 5852
v -0.5900 4.8400 12.9300
v -0.5900 4.8400 12.8700
v -0.5900 6.6400 12.8700
v -0.5900 6.6400 12.9300
f 5853 5854 5855 5856
g level_2_detail_window_mullion
usemtl frame
v -0.0270 4.8300 12.9300
v -0.0270 4.8300 12.9750
v 0.0270 4.8300 12.9750
v 0.0270 4.8300 12.9300
f 5857 5858 5859 5860
v -0.0270 6.6700 12.9300
v 0.0270 6.6700 12.9300
v 0.0270 6.6700 12.9750
v -0.0270 6.6700 12.9750
f 5861 5862 5863 5864
v -0.0270 4.8300 12.9300
v 0.0270 4.8300 12.9300
v 0.0270 6.6700 12.9300
v -0.0270 6.6700 12.9300
f 5865 5866 5867 5868
v 0.0270 4.8300 12.9300
v 0.0270 4.8300 12.9750
v 0.0270 6.6700 12.9750
v 0.0270 6.6700 12.9300
f 5869 5870 5871 5872
v 0.0270 4.8300 12.9750
v -0.0270 4.8300 12.9750
v -0.0270 6.6700 12.9750
v 0.0270 6.6700 12.9750
f 5873 5874 5875 5876
v -0.0270 4.8300 12.9750
v -0.0270 4.8300 12.9300
v -0.0270 6.6700 12.9300
v -0.0270 6.6700 12.9750
f 5877 5878 5879 5880
g level_2_detail_window_transom
v -0.6100 5.8800 12.9300
v -0.6100 5.8800 12.9750
v 0.6100 5.8800 12.9750
v 0.6100 5.8800 12.9300
f 5881 5882 5883 5884
v -0.6100 5.9300 12.9300
v 0.6100 5.9300 12.9300
v 0.6100 5.9300 12.9750
v -0.6100 5.9300 12.9750
f 5885 5886 5887 5888
v -0.6100 5.8800 12.9300
v 0.6100 5.8800 12.9300
v 0.6100 5.9300 12.9300
v -0.6100 5.9300 12.9300
f 5889 5890 5891 5892
v 0.6100 5.8800 12.9300
v 0.6100 5.8800 12.9750
v 0.6100 5.9300 12.9750
v 0.6100 5.9300 12.9300
f 5893 5894 5895 5896
v 0.6100 5.8800 12.9750
v -0.6100 5.8800 12.9750
v -0.6100 5.9300 12.9750
v 0.6100 5.9300 12.9750
f 5897 5898 5899 5900
v -0.6100 5.8800 12.9750
v -0.6100 5.8800 12.9300
v -0.6100 5.9300 12.9300
v -0.6100 5.9300 12.9750
f 5901 5902 5903 5904
g level_2_detail_sill
usemtl trim
v -0.8300 4.5800 12.7300
v -0.8300 4.5800 12.9900
v 0.8300 4.5800 12.9900
v 0.8300 4.5800 12.7300
f 5905 5906 5907 5908
v -0.8300 4.7100 12.7300
v 0.8300 4.7100 12.7300
v 0.8300 4.7100 12.9900
v -0.8300 4.7100 12.9900
f 5909 5910 5911 5912
v -0.8300 4.5800 12.7300
v 0.8300 4.5800 12.7300
v 0.8300 4.7100 12.7300
v -0.8300 4.7100 12.7300
f 5913 5914 5915 5916
v 0.8300 4.5800 12.7300
v 0.8300 4.5800 12.9900
v 0.8300 4.7100 12.9900
v 0.8300 4.7100 12.7300
f 5917 5918 5919 5920
v 0.8300 4.5800 12.9900
v -0.8300 4.5800 12.9900
v -0.8300 4.7100 12.9900
v 0.8300 4.7100 12.9900
f 5921 5922 5923 5924
v -0.8300 4.5800 12.9900
v -0.8300 4.5800 12.7300
v -0.8300 4.7100 12.7300
v -0.8300 4.7100 12.9900
f 5925 5926 5927 5928
g level_2_detail_window_frame
v 2.8800 4.7000 12.8000
v 2.8800 4.7000 12.9000
v 4.3200 4.7000 12.9000
v 4.3200 4.7000 12.8000
f 5929 5930 5931 5932
v 2.8800 6.8000 12.8000
v 4.3200 6.8000 12.8000
v 4.3200 6.8000 12.9000
v 2.8800 6.8000 12.9000
f 5933 5934 5935 5936
v 2.8800 4.7000 12.8000
v 4.3200 4.7000 12.8000
v 4.3200 6.8000 12.8000
v 2.8800 6.8000 12.8000
f 5937 5938 5939 5940
v 4.3200 4.7000 12.8000
v 4.3200 4.7000 12.9000
v 4.3200 6.8000 12.9000
v 4.3200 6.8000 12.8000
f 5941 5942 5943 5944
v 4.3200 4.7000 12.9000
v 2.8800 4.7000 12.9000
v 2.8800 6.8000 12.9000
v 4.3200 6.8000 12.9000
f 5945 5946 5947 5948
v 2.8800 4.7000 12.9000
v 2.8800 4.7000 12.8000
v 2.8800 6.8000 12.8000
v 2.8800 6.8000 12.9000
f 5949 5950 5951 5952
g level_2_detail_window_glass
usemtl glass
v 3.0100 4.8400 12.8700
v 3.0100 4.8400 12.9300
v 4.1900 4.8400 12.9300
v 4.1900 4.8400 12.8700
f 5953 5954 5955 5956
v 3.0100 6.6400 12.8700
v 4.1900 6.6400 12.8700
v 4.1900 6.6400 12.9300
v 3.0100 6.6400 12.9300
f 5957 5958 5959 5960
v 3.0100 4.8400 12.8700
v 4.1900 4.8400 12.8700
v 4.1900 6.6400 12.8700
v 3.0100 6.6400 12.8700
f 5961 5962 5963 5964
v 4.1900 4.8400 12.8700
v 4.1900 4.8400 12.9300
v 4.1900 6.6400 12.9300
v 4.1900 6.6400 12.8700
f 5965 5966 5967 5968
v 4.1900 4.8400 12.9300
v 3.0100 4.8400 12.9300
v 3.0100 6.6400 12.9300
v 4.1900 6.6400 12.9300
f 5969 5970 5971 5972
v 3.0100 4.8400 12.9300
v 3.0100 4.8400 12.8700
v 3.0100 6.6400 12.8700
v 3.0100 6.6400 12.9300
f 5973 5974 5975 5976
g level_2_detail_window_mullion
usemtl frame
v 3.5730 4.8300 12.9300
v 3.5730 4.8300 12.9750
v 3.6270 4.8300 12.9750
v 3.6270 4.8300 12.9300
f 5977 5978 5979 5980
v 3.5730 6.6700 12.9300
v 3.6270 6.6700 12.9300
v 3.6270 6.6700 12.9750
v 3.5730 6.6700 12.9750
f 5981 5982 5983 5984
v 3.5730 4.8300 12.9300
v 3.6270 4.8300 12.9300
v 3.6270 6.6700 12.9300
v 3.5730 6.6700 12.9300
f 5985 5986 5987 5988
v 3.6270 4.8300 12.9300
v 3.6270 4.8300 12.9750
v 3.6270 6.6700 12.9750
v 3.6270 6.6700 12.9300
f 5989 5990 5991 5992
v 3.6270 4.8300 12.9750
v 3.5730 4.8300 12.9750
v 3.5730 6.6700 12.9750
v 3.6270 6.6700 12.9750
f 5993 5994 5995 5996
v 3.5730 4.8300 12.9750
v 3.5730 4.8300 12.9300
v 3.5730 6.6700 12.9300
v 3.5730 6.6700 12.9750
f 5997 5998 5999 6000
g level_2_detail_window_transom
v 2.9900 5.8800 12.9300
v 2.9900 5.8800 12.9750
v 4.2100 5.8800 12.9750
v 4.2100 5.8800 12.9300
f 6001 6002 6003 6004
v 2.9900 5.9300 12.9300
v 4.2100 5.9300 12.9300
v 4.2100 5.9300 12.9750
v 2.9900 5.9300 12.9750
f 6005 6006 6007 6008
v 2.9900 5.8800 12.9300
v 4.2100 5.8800 12.9300
v 4.2100 5.9300 12.9300
v 2.9900 5.9300 12.9300
f 6009 6010 6011 6012
v 4.2100 5.8800 12.9300
v 4.2100 5.8800 12.9750
v 4.2100 5.9300 12.9750
v 4.2100 5.9300 12.9300
f 6013 6014 6015 6016
v 4.2100 5.8800 12.9750
v 2.9900 5.8800 12.9750
v 2.9900 5.9300 12.9750
v 4.2100 5.9300 12.9750
f 6017 6018 6019 6020
v 2.9900 5.8800 12.9750
v 2.9900 5.8800 12.9300
v 2.9900 5.9300 12.9300
v 2.9900 5.9300 12.9750
f 6021 6022 6023 6024
g level_2_detail_sill
usemtl trim
v 2.7700 4.5800 12.7300
v 2.7700 4.5800 12.9900
v 4.4300 4.5800 12.9900
v 4.4300 4.5800 12.7300
f 6025 6026 6027 6028
v 2.7700 4.7100 12.7300
v 4.4300 4.7100 12.7300
v 4.4300 4.7100 12.9900
v 2.7700 4.7100 12.9900
f 6029 6030 6031 6032
v 2.7700 4.5800 12.7300
v 4.4300 4.5800 12.7300
v 4.4300 4.7100 12.7300
v 2.7700 4.7100 12.7300
f 6033 6034 6035 6036
v 4.4300 4.5800 12.7300
v 4.4300 4.5800 12.9900
v 4.4300 4.7100 12.9900
v 4.4300 4.7100 12.7300
f 6037 6038 6039 6040
v 4.4300 4.5800 12.9900
v 2.7700 4.5800 12.9900
v 2.7700 4.7100 12.9900
v 4.4300 4.7100 12.9900
f 6041 6042 6043 6044
v 2.7700 4.5800 12.9900
v 2.7700 4.5800 12.7300
v 2.7700 4.7100 12.7300
v 2.7700 4.7100 12.9900
f 6045 6046 6047 6048
g level_2_detail_window_frame
v 6.4800 4.7000 12.8000
v 6.4800 4.7000 12.9000
v 7.9200 4.7000 12.9000
v 7.9200 4.7000 12.8000
f 6049 6050 6051 6052
v 6.4800 6.8000 12.8000
v 7.9200 6.8000 12.8000
v 7.9200 6.8000 12.9000
v 6.4800 6.8000 12.9000
f 6053 6054 6055 6056
v 6.4800 4.7000 12.8000
v 7.9200 4.7000 12.8000
v 7.9200 6.8000 12.8000
v 6.4800 6.8000 12.8000
f 6057 6058 6059 6060
v 7.9200 4.7000 12.8000
v 7.9200 4.7000 12.9000
v 7.9200 6.8000 12.9000
v 7.9200 6.8000 12.8000
f 6061 6062 6063 6064
v 7.9200 4.7000 12.9000
v 6.4800 4.7000 12.9000
v 6.4800 6.8000 12.9000
v 7.9200 6.8000 12.9000
f 6065 6066 6067 6068
v 6.4800 4.7000 12.9000
v 6.4800 4.7000 12.8000
v 6.4800 6.8000 12.8000
v 6.4800 6.8000 12.9000
f 6069 6070 6071 6072
g level_2_detail_window_glass
usemtl glass
v 6.6100 4.8400 12.8700
v 6.6100 4.8400 12.9300
v 7.7900 4.8400 12.9300
v 7.7900 4.8400 12.8700
f 6073 6074 6075 6076
v 6.6100 6.6400 12.8700
v 7.7900 6.6400 12.8700
v 7.7900 6.6400 12.9300
v 6.6100 6.6400 12.9300
f 6077 6078 6079 6080
v 6.6100 4.8400 12.8700
v 7.7900 4.8400 12.8700
v 7.7900 6.6400 12.8700
v 6.6100 6.6400 12.8700
f 6081 6082 6083 6084
v 7.7900 4.8400 12.8700
v 7.7900 4.8400 12.9300
v 7.7900 6.6400 12.9300
v 7.7900 6.6400 12.8700
f 6085 6086 6087 6088
v 7.7900 4.8400 12.9300
v 6.6100 4.8400 12.9300
v 6.6100 6.6400 12.9300
v 7.7900 6.6400 12.9300
f 6089 6090 6091 6092
v 6.6100 4.8400 12.9300
v 6.6100 4.8400 12.8700
v 6.6100 6.6400 12.8700
v 6.6100 6.6400 12.9300
f 6093 6094 6095 6096
g level_2_detail_window_mullion
usemtl frame
v 7.1730 4.8300 12.9300
v 7.1730 4.8300 12.9750
v 7.2270 4.8300 12.9750
v 7.2270 4.8300 12.9300
f 6097 6098 6099 6100
v 7.1730 6.6700 12.9300
v 7.2270 6.6700 12.9300
v 7.2270 6.6700 12.9750
v 7.1730 6.6700 12.9750
f 6101 6102 6103 6104
v 7.1730 4.8300 12.9300
v 7.2270 4.8300 12.9300
v 7.2270 6.6700 12.9300
v 7.1730 6.6700 12.9300
f 6105 6106 6107 6108
v 7.2270 4.8300 12.9300
v 7.2270 4.8300 12.9750
v 7.2270 6.6700 12.9750
v 7.2270 6.6700 12.9300
f 6109 6110 6111 6112
v 7.2270 4.8300 12.9750
v 7.1730 4.8300 12.9750
v 7.1730 6.6700 12.9750
v 7.2270 6.6700 12.9750
f 6113 6114 6115 6116
v 7.1730 4.8300 12.9750
v 7.1730 4.8300 12.9300
v 7.1730 6.6700 12.9300
v 7.1730 6.6700 12.9750
f 6117 6118 6119 6120
g level_2_detail_window_transom
v 6.5900 5.8800 12.9300
v 6.5900 5.8800 12.9750
v 7.8100 5.8800 12.9750
v 7.8100 5.8800 12.9300
f 6121 6122 6123 6124
v 6.5900 5.9300 12.9300
v 7.8100 5.9300 12.9300
v 7.8100 5.9300 12.9750
v 6.5900 5.9300 12.9750
f 6125 6126 6127 6128
v 6.5900 5.8800 12.9300
v 7.8100 5.8800 12.9300
v 7.8100 5.9300 12.9300
v 6.5900 5.9300 12.9300
f 6129 6130 6131 6132
v 7.8100 5.8800 12.9300
v 7.8100 5.8800 12.9750
v 7.8100 5.9300 12.9750
v 7.8100 5.9300 12.9300
f 6133 6134 6135 6136
v 7.8100 5.8800 12.9750
v 6.5900 5.8800 12.9750
v 6.5900 5.9300 12.9750
v 7.8100 5.9300 12.9750
f 6137 6138 6139 6140
v 6.5900 5.8800 12.9750
v 6.5900 5.8800 12.9300
v 6.5900 5.9300 12.9300
v 6.5900 5.9300 12.9750
f 6141 6142 6143 6144
g level_2_detail_sill
usemtl trim
v 6.3700 4.5800 12.7300
v 6.3700 4.5800 12.9900
v 8.0300 4.5800 12.9900
v 8.0300 4.5800 12.7300
f 6145 6146 6147 6148
v 6.3700 4.7100 12.7300
v 8.0300 4.7100 12.7300
v 8.0300 4.7100 12.9900
v 6.3700 4.7100 12.9900
f 6149 6150 6151 6152
v 6.3700 4.5800 12.7300
v 8.0300 4.5800 12.7300
v 8.0300 4.7100 12.7300
v 6.3700 4.7100 12.7300
f 6153 6154 6155 6156
v 8.0300 4.5800 12.7300
v 8.0300 4.5800 12.9900
v 8.0300 4.7100 12.9900
v 8.0300 4.7100 12.7300
f 6157 6158 6159 6160
v 8.0300 4.5800 12.9900
v 6.3700 4.5800 12.9900
v 6.3700 4.7100 12.9900
v 8.0300 4.7100 12.9900
f 6161 6162 6163 6164
v 6.3700 4.5800 12.9900
v 6.3700 4.5800 12.7300
v 6.3700 4.7100 12.7300
v 6.3700 4.7100 12.9900
f 6165 6166 6167 6168
g level_2_detail_window_frame
v 10.0800 4.7000 12.8000
v 10.0800 4.7000 12.9000
v 11.5200 4.7000 12.9000
v 11.5200 4.7000 12.8000
f 6169 6170 6171 6172
v 10.0800 6.8000 12.8000
v 11.5200 6.8000 12.8000
v 11.5200 6.8000 12.9000
v 10.0800 6.8000 12.9000
f 6173 6174 6175 6176
v 10.0800 4.7000 12.8000
v 11.5200 4.7000 12.8000
v 11.5200 6.8000 12.8000
v 10.0800 6.8000 12.8000
f 6177 6178 6179 6180
v 11.5200 4.7000 12.8000
v 11.5200 4.7000 12.9000
v 11.5200 6.8000 12.9000
v 11.5200 6.8000 12.8000
f 6181 6182 6183 6184
v 11.5200 4.7000 12.9000
v 10.0800 4.7000 12.9000
v 10.0800 6.8000 12.9000
v 11.5200 6.8000 12.9000
f 6185 6186 6187 6188
v 10.0800 4.7000 12.9000
v 10.0800 4.7000 12.8000
v 10.0800 6.8000 12.8000
v 10.0800 6.8000 12.9000
f 6189 6190 6191 6192
g level_2_detail_window_glass
usemtl glass
v 10.2100 4.8400 12.8700
v 10.2100 4.8400 12.9300
v 11.3900 4.8400 12.9300
v 11.3900 4.8400 12.8700
f 6193 6194 6195 6196
v 10.2100 6.6400 12.8700
v 11.3900 6.6400 12.8700
v 11.3900 6.6400 12.9300
v 10.2100 6.6400 12.9300
f 6197 6198 6199 6200
v 10.2100 4.8400 12.8700
v 11.3900 4.8400 12.8700
v 11.3900 6.6400 12.8700
v 10.2100 6.6400 12.8700
f 6201 6202 6203 6204
v 11.3900 4.8400 12.8700
v 11.3900 4.8400 12.9300
v 11.3900 6.6400 12.9300
v 11.3900 6.6400 12.8700
f 6205 6206 6207 6208
v 11.3900 4.8400 12.9300
v 10.2100 4.8400 12.9300
v 10.2100 6.6400 12.9300
v 11.3900 6.6400 12.9300
f 6209 6210 6211 6212
v 10.2100 4.8400 12.9300
v 10.2100 4.8400 12.8700
v 10.2100 6.6400 12.8700
v 10.2100 6.6400 12.9300
f 6213 6214 6215 6216
g level_2_detail_window_mullion
usemtl frame
v 10.7730 4.8300 12.9300
v 10.7730 4.8300 12.9750
v 10.8270 4.8300 12.9750
v 10.8270 4.8300 12.9300
f 6217 6218 6219 6220
v 10.7730 6.6700 12.9300
v 10.8270 6.6700 12.9300
v 10.8270 6.6700 12.9750
v 10.7730 6.6700 12.9750
f 6221 6222 6223 6224
v 10.7730 4.8300 12.9300
v 10.8270 4.8300 12.9300
v 10.8270 6.6700 12.9300
v 10.7730 6.6700 12.9300
f 6225 6226 6227 6228
v 10.8270 4.8300 12.9300
v 10.8270 4.8300 12.9750
v 10.8270 6.6700 12.9750
v 10.8270 6.6700 12.9300
f 6229 6230 6231 6232
v 10.8270 4.8300 12.9750
v 10.7730 4.8300 12.9750
v 10.7730 6.6700 12.9750
v 10.8270 6.6700 12.9750
f 6233 6234 6235 6236
v 10.7730 4.8300 12.9750
v 10.7730 4.8300 12.9300
v 10.7730 6.6700 12.9300
v 10.7730 6.6700 12.9750
f 6237 6238 6239 6240
g level_2_detail_window_transom
v 10.1900 5.8800 12.9300
v 10.1900 5.8800 12.9750
v 11.4100 5.8800 12.9750
v 11.4100 5.8800 12.9300
f 6241 6242 6243 6244
v 10.1900 5.9300 12.9300
v 11.4100 5.9300 12.9300
v 11.4100 5.9300 12.9750
v 10.1900 5.9300 12.9750
f 6245 6246 6247 6248
v 10.1900 5.8800 12.9300
v 11.4100 5.8800 12.9300
v 11.4100 5.9300 12.9300
v 10.1900 5.9300 12.9300
f 6249 6250 6251 6252
v 11.4100 5.8800 12.9300
v 11.4100 5.8800 12.9750
v 11.4100 5.9300 12.9750
v 11.4100 5.9300 12.9300
f 6253 6254 6255 6256
v 11.4100 5.8800 12.9750
v 10.1900 5.8800 12.9750
v 10.1900 5.9300 12.9750
v 11.4100 5.9300 12.9750
f 6257 6258 6259 6260
v 10.1900 5.8800 12.9750
v 10.1900 5.8800 12.9300
v 10.1900 5.9300 12.9300
v 10.1900 5.9300 12.9750
f 6261 6262 6263 6264
g level_2_detail_sill
usemtl trim
v 9.9700 4.5800 12.7300
v 9.9700 4.5800 12.9900
v 11.6300 4.5800 12.9900
v 11.6300 4.5800 12.7300
f 6265 6266 6267 6268
v 9.9700 4.7100 12.7300
v 11.6300 4.7100 12.7300
v 11.6300 4.7100 12.9900
v 9.9700 4.7100 12.9900
f 6269 6270 6271 6272
v 9.9700 4.5800 12.7300
v 11.6300 4.5800 12.7300
v 11.6300 4.7100 12.7300
v 9.9700 4.7100 12.7300
f 6273 6274 6275 6276
v 11.6300 4.5800 12.7300
v 11.6300 4.5800 12.9900
v 11.6300 4.7100 12.9900
v 11.6300 4.7100 12.7300
f 6277 6278 6279 6280
v 11.6300 4.5800 12.9900
v 9.9700 4.5800 12.9900
v 9.9700 4.7100 12.9900
v 11.6300 4.7100 12.9900
f 6281 6282 6283 6284
v 9.9700 4.5800 12.9900
v 9.9700 4.5800 12.7300
v 9.9700 4.7100 12.7300
v 9.9700 4.7100 12.9900
f 6285 6286 6287 6288
g level_2_detail_window_frame
v 13.6800 4.7000 12.8000
v 13.6800 4.7000 12.9000
v 15.1200 4.7000 12.9000
v 15.1200 4.7000 12.8000
f 6289 6290 6291 6292
v 13.6800 6.8000 12.8000
v 15.1200 6.8000 12.8000
v 15.1200 6.8000 12.9000
v 13.6800 6.8000 12.9000
f 6293 6294 6295 6296
v 13.6800 4.7000 12.8000
v 15.1200 4.7000 12.8000
v 15.1200 6.8000 12.8000
v 13.6800 6.8000 12.8000
f 6297 6298 6299 6300
v 15.1200 4.7000 12.8000
v 15.1200 4.7000 12.9000
v 15.1200 6.8000 12.9000
v 15.1200 6.8000 12.8000
f 6301 6302 6303 6304
v 15.1200 4.7000 12.9000
v 13.6800 4.7000 12.9000
v 13.6800 6.8000 12.9000
v 15.1200 6.8000 12.9000
f 6305 6306 6307 6308
v 13.6800 4.7000 12.9000
v 13.6800 4.7000 12.8000
v 13.6800 6.8000 12.8000
v 13.6800 6.8000 12.9000
f 6309 6310 6311 6312
g level_2_detail_window_glass
usemtl glass
v 13.8100 4.8400 12.8700
v 13.8100 4.8400 12.9300
v 14.9900 4.8400 12.9300
v 14.9900 4.8400 12.8700
f 6313 6314 6315 6316
v 13.8100 6.6400 12.8700
v 14.9900 6.6400 12.8700
v 14.9900 6.6400 12.9300
v 13.8100 6.6400 12.9300
f 6317 6318 6319 6320
v 13.8100 4.8400 12.8700
v 14.9900 4.8400 12.8700
v 14.9900 6.6400 12.8700
v 13.8100 6.6400 12.8700
f 6321 6322 6323 6324
v 14.9900 4.8400 12.8700
v 14.9900 4.8400 12.9300
v 14.9900 6.6400 12.9300
v 14.9900 6.6400 12.8700
f 6325 6326 6327 6328
v 14.9900 4.8400 12.9300
v 13.8100 4.8400 12.9300
v 13.8100 6.6400 12.9300
v 14.9900 6.6400 12.9300
f 6329 6330 6331 6332
v 13.8100 4.8400 12.9300
v 13.8100 4.8400 12.8700
v 13.8100 6.6400 12.8700
v 13.8100 6.6400 12.9300
f 6333 6334 6335 6336
g level_2_detail_window_mullion
usemtl frame
v 14.3730 4.8300 12.9300
v 14.3730 4.8300 12.9750
v 14.4270 4.8300 12.9750
v 14.4270 4.8300 12.9300
f 6337 6338 6339 6340
v 14.3730 6.6700 12.9300
v 14.4270 6.6700 12.9300
v 14.4270 6.6700 12.9750
v 14.3730 6.6700 12.9750
f 6341 6342 6343 6344
v 14.3730 4.8300 12.9300
v 14.4270 4.8300 12.9300
v 14.4270 6.6700 12.9300
v 14.3730 6.6700 12.9300
f 6345 6346 6347 6348
v 14.4270 4.8300 12.9300
v 14.4270 4.8300 12.9750
v 14.4270 6.6700 12.9750
v 14.4270 6.6700 12.9300
f 6349 6350 6351 6352
v 14.4270 4.8300 12.9750
v 14.3730 4.8300 12.9750
v 14.3730 6.6700 12.9750
v 14.4270 6.6700 12.9750
f 6353 6354 6355 6356
v 14.3730 4.8300 12.9750
v 14.3730 4.8300 12.9300
v 14.3730 6.6700 12.9300
v 14.3730 6.6700 12.9750
f 6357 6358 6359 6360
g level_2_detail_window_transom
v 13.7900 5.8800 12.9300
v 13.7900 5.8800 12.9750
v 15.0100 5.8800 12.9750
v 15.0100 5.8800 12.9300
f 6361 6362 6363 6364
v 13.7900 5.9300 12.9300
v 15.0100 5.9300 12.9300
v 15.0100 5.9300 12.9750
v 13.7900 5.9300 12.9750
f 6365 6366 6367 6368
v 13.7900 5.8800 12.9300
v 15.0100 5.8800 12.9300
v 15.0100 5.9300 12.9300
v 13.7900 5.9300 12.9300
f 6369 6370 6371 6372
v 15.0100 5.8800 12.9300
v 15.0100 5.8800 12.9750
v 15.0100 5.9300 12.9750
v 15.0100 5.9300 12.9300
f 6373 6374 6375 6376
v 15.0100 5.8800 12.9750
v 13.7900 5.8800 12.9750
v 13.7900 5.9300 12.9750
v 15.0100 5.9300 12.9750
f 6377 6378 6379 6380
v 13.7900 5.8800 12.9750
v 13.7900 5.8800 12.9300
v 13.7900 5.9300 12.9300
v 13.7900 5.9300 12.9750
f 6381 6382 6383 6384
g level_2_detail_sill
usemtl trim
v 13.5700 4.5800 12.7300
v 13.5700 4.5800 12.9900
v 15.2300 4.5800 12.9900
v 15.2300 4.5800 12.7300
f 6385 6386 6387 6388
v 13.5700 4.7100 12.7300
v 15.2300 4.7100 12.7300
v 15.2300 4.7100 12.9900
v 13.5700 4.7100 12.9900
f 6389 6390 6391 6392
v 13.5700 4.5800 12.7300
v 15.2300 4.5800 12.7300
v 15.2300 4.7100 12.7300
v 13.5700 4.7100 12.7300
f 6393 6394 6395 6396
v 15.2300 4.5800 12.7300
v 15.2300 4.5800 12.9900
v 15.2300 4.7100 12.9900
v 15.2300 4.7100 12.7300
f 6397 6398 6399 6400
v 15.2300 4.5800 12.9900
v 13.5700 4.5800 12.9900
v 13.5700 4.7100 12.9900
v 15.2300 4.7100 12.9900
f 6401 6402 6403 6404
v 13.5700 4.5800 12.9900
v 13.5700 4.5800 12.7300
v 13.5700 4.7100 12.7300
v 13.5700 4.7100 12.9900
f 6405 6406 6407 6408
g level_2_detail_window_frame
v -16.9250 4.7000 -11.4200
v -16.9250 4.7000 -9.9800
v -16.8250 4.7000 -9.9800
v -16.8250 4.7000 -11.4200
f 6409 6410 6411 6412
v -16.9250 6.8000 -11.4200
v -16.8250 6.8000 -11.4200
v -16.8250 6.8000 -9.9800
v -16.9250 6.8000 -9.9800
f 6413 6414 6415 6416
v -16.9250 4.7000 -11.4200
v -16.8250 4.7000 -11.4200
v -16.8250 6.8000 -11.4200
v -16.9250 6.8000 -11.4200
f 6417 6418 6419 6420
v -16.8250 4.7000 -11.4200
v -16.8250 4.7000 -9.9800
v -16.8250 6.8000 -9.9800
v -16.8250 6.8000 -11.4200
f 6421 6422 6423 6424
v -16.8250 4.7000 -9.9800
v -16.9250 4.7000 -9.9800
v -16.9250 6.8000 -9.9800
v -16.8250 6.8000 -9.9800
f 6425 6426 6427 6428
v -16.9250 4.7000 -9.9800
v -16.9250 4.7000 -11.4200
v -16.9250 6.8000 -11.4200
v -16.9250 6.8000 -9.9800
f 6429 6430 6431 6432
g level_2_detail_window_glass
usemtl glass
v -16.9850 4.8400 -11.2900
v -16.9850 4.8400 -10.1100
v -16.9250 4.8400 -10.1100
v -16.9250 4.8400 -11.2900
f 6433 6434 6435 6436
v -16.9850 6.6400 -11.2900
v -16.9250 6.6400 -11.2900
v -16.9250 6.6400 -10.1100
v -16.9850 6.6400 -10.1100
f 6437 6438 6439 6440
v -16.9850 4.8400 -11.2900
v -16.9250 4.8400 -11.2900
v -16.9250 6.6400 -11.2900
v -16.9850 6.6400 -11.2900
f 6441 6442 6443 6444
v -16.9250 4.8400 -11.2900
v -16.9250 4.8400 -10.1100
v -16.9250 6.6400 -10.1100
v -16.9250 6.6400 -11.2900
f 6445 6446 6447 6448
v -16.9250 4.8400 -10.1100
v -16.9850 4.8400 -10.1100
v -16.9850 6.6400 -10.1100
v -16.9250 6.6400 -10.1100
f 6449 6450 6451 6452
v -16.9850 4.8400 -10.1100
v -16.9850 4.8400 -11.2900
v -16.9850 6.6400 -11.2900
v -16.9850 6.6400 -10.1100
f 6453 6454 6455 6456
g level_2_detail_window_mullion
usemtl frame
v -17.0250 4.8300 -10.7270
v -17.0250 4.8300 -10.6730
v -16.9850 4.8300 -10.6730
v -16.9850 4.8300 -10.7270
f 6457 6458 6459 6460
v -17.0250 6.6700 -10.7270
v -16.9850 6.6700 -10.7270
v -16.9850 6.6700 -10.6730
v -17.0250 6.6700 -10.6730
f 6461 6462 6463 6464
v -17.0250 4.8300 -10.7270
v -16.9850 4.8300 -10.7270
v -16.9850 6.6700 -10.7270
v -17.0250 6.6700 -10.7270
f 6465 6466 6467 6468
v -16.9850 4.8300 -10.7270
v -16.9850 4.8300 -10.6730
v -16.9850 6.6700 -10.6730
v -16.9850 6.6700 -10.7270
f 6469 6470 6471 6472
v -16.9850 4.8300 -10.6730
v -17.0250 4.8300 -10.6730
v -17.0250 6.6700 -10.6730
v -16.9850 6.6700 -10.6730
f 6473 6474 6475 6476
v -17.0250 4.8300 -10.6730
v -17.0250 4.8300 -10.7270
v -17.0250 6.6700 -10.7270
v -17.0250 6.6700 -10.6730
f 6477 6478 6479 6480
g level_2_detail_sill
usemtl trim
v -16.9850 4.5800 -11.5200
v -16.9850 4.5800 -9.8800
v -16.7250 4.5800 -9.8800
v -16.7250 4.5800 -11.5200
f 6481 6482 6483 6484
v -16.9850 4.7100 -11.5200
v -16.7250 4.7100 -11.5200
v -16.7250 4.7100 -9.8800
v -16.9850 4.7100 -9.8800
f 6485 6486 6487 6488
v -16.9850 4.5800 -11.5200
v -16.7250 4.5800 -11.5200
v -16.7250 4.7100 -11.5200
v -16.9850 4.7100 -11.5200
f 6489 6490 6491 6492
v -16.7250 4.5800 -11.5200
v -16.7250 4.5800 -9.8800
v -16.7250 4.7100 -9.8800
v -16.7250 4.7100 -11.5200
f 6493 6494 6495 6496
v -16.7250 4.5800 -9.8800
v -16.9850 4.5800 -9.8800
v -16.9850 4.7100 -9.8800
v -16.7250 4.7100 -9.8800
f 6497 6498 6499 6500
v -16.9850 4.5800 -9.8800
v -16.9850 4.5800 -11.5200
v -16.9850 4.7100 -11.5200
v -16.9850 4.7100 -9.8800
f 6501 6502 6503 6504
g level_2_detail_window_frame
v 16.8250 4.7000 -11.4200
v 16.8250 4.7000 -9.9800
v 16.9250 4.7000 -9.9800
v 16.9250 4.7000 -11.4200
f 6505 6506 6507 6508
v 16.8250 6.8000 -11.4200
v 16.9250 6.8000 -11.4200
v 16.9250 6.8000 -9.9800
v 16.8250 6.8000 -9.9800
f 6509 6510 6511 6512
v 16.8250 4.7000 -11.4200
v 16.9250 4.7000 -11.4200
v 16.9250 6.8000 -11.4200
v 16.8250 6.8000 -11.4200
f 6513 6514 6515 6516
v 16.9250 4.7000 -11.4200
v 16.9250 4.7000 -9.9800
v 16.9250 6.8000 -9.9800
v 16.9250 6.8000 -11.4200
f 6517 6518 6519 6520
v 16.9250 4.7000 -9.9800
v 16.8250 4.7000 -9.9800
v 16.8250 6.8000 -9.9800
v 16.9250 6.8000 -9.9800
f 6521 6522 6523 6524
v 16.8250 4.7000 -9.9800
v 16.8250 4.7000 -11.4200
v 16.8250 6.8000 -11.4200
v 16.8250 6.8000 -9.9800
f 6525 6526 6527 6528
g level_2_detail_window_glass
usemtl glass
v 16.9250 4.8400 -11.2900
v 16.9250 4.8400 -10.1100
v 16.9850 4.8400 -10.1100
v 16.9850 4.8400 -11.2900
f 6529 6530 6531 6532
v 16.9250 6.6400 -11.2900
v 16.9850 6.6400 -11.2900
v 16.9850 6.6400 -10.1100
v 16.9250 6.6400 -10.1100
f 6533 6534 6535 6536
v 16.9250 4.8400 -11.2900
v 16.9850 4.8400 -11.2900
v 16.9850 6.6400 -11.2900
v 16.9250 6.6400 -11.2900
f 6537 6538 6539 6540
v 16.9850 4.8400 -11.2900
v 16.9850 4.8400 -10.1100
v 16.9850 6.6400 -10.1100
v 16.9850 6.6400 -11.2900
f 6541 6542 6543 6544
v 16.9850 4.8400 -10.1100
v 16.9250 4.8400 -10.1100
v 16.9250 6.6400 -10.1100
v 16.9850 6.6400 -10.1100
f 6545 6546 6547 6548
v 16.9250 4.8400 -10.1100
v 16.9250 4.8400 -11.2900
v 16.9250 6.6400 -11.2900
v 16.9250 6.6400 -10.1100
f 6549 6550 6551 6552
g level_2_detail_window_mullion
usemtl frame
v 16.9950 4.8300 -10.7270
v 16.9950 4.8300 -10.6730
v 17.0350 4.8300 -10.6730
v 17.0350 4.8300 -10.7270
f 6553 6554 6555 6556
v 16.9950 6.6700 -10.7270
v 17.0350 6.6700 -10.7270
v 17.0350 6.6700 -10.6730
v 16.9950 6.6700 -10.6730
f 6557 6558 6559 6560
v 16.9950 4.8300 -10.7270
v 17.0350 4.8300 -10.7270
v 17.0350 6.6700 -10.7270
v 16.9950 6.6700 -10.7270
f 6561 6562 6563 6564
v 17.0350 4.8300 -10.7270
v 17.0350 4.8300 -10.6730
v 17.0350 6.6700 -10.6730
v 17.0350 6.6700 -10.7270
f 6565 6566 6567 6568
v 17.0350 4.8300 -10.6730
v 16.9950 4.8300 -10.6730
v 16.9950 6.6700 -10.6730
v 17.0350 6.6700 -10.6730
f 6569 6570 6571 6572
v 16.9950 4.8300 -10.6730
v 16.9950 4.8300 -10.7270
v 16.9950 6.6700 -10.7270
v 16.9950 6.6700 -10.6730
f 6573 6574 6575 6576
g level_2_detail_sill
usemtl trim
v 16.7650 4.5800 -11.5200
v 16.7650 4.5800 -9.8800
v 17.0250 4.5800 -9.8800
v 17.0250 4.5800 -11.5200
f 6577 6578 6579 6580
v 16.7650 4.7100 -11.5200
v 17.0250 4.7100 -11.5200
v 17.0250 4.7100 -9.8800
v 16.7650 4.7100 -9.8800
f 6581 6582 6583 6584
v 16.7650 4.5800 -11.5200
v 17.0250 4.5800 -11.5200
v 17.0250 4.7100 -11.5200
v 16.7650 4.7100 -11.5200
f 6585 6586 6587 6588
v 17.0250 4.5800 -11.5200
v 17.0250 4.5800 -9.8800
v 17.0250 4.7100 -9.8800
v 17.0250 4.7100 -11.5200
f 6589 6590 6591 6592
v 17.0250 4.5800 -9.8800
v 16.7650 4.5800 -9.8800
v 16.7650 4.7100 -9.8800
v 17.0250 4.7100 -9.8800
f 6593 6594 6595 6596
v 16.7650 4.5800 -9.8800
v 16.7650 4.5800 -11.5200
v 16.7650 4.7100 -11.5200
v 16.7650 4.7100 -9.8800
f 6597 6598 6599 6600
g level_2_detail_window_frame
v -16.9250 4.7000 -7.8200
v -16.9250 4.7000 -6.3800
v -16.8250 4.7000 -6.3800
v -16.8250 4.7000 -7.8200
f 6601 6602 6603 6604
v -16.9250 6.8000 -7.8200
v -16.8250 6.8000 -7.8200
v -16.8250 6.8000 -6.3800
v -16.9250 6.8000 -6.3800
f 6605 6606 6607 6608
v -16.9250 4.7000 -7.8200
v -16.8250 4.7000 -7.8200
v -16.8250 6.8000 -7.8200
v -16.9250 6.8000 -7.8200
f 6609 6610 6611 6612
v -16.8250 4.7000 -7.8200
v -16.8250 4.7000 -6.3800
v -16.8250 6.8000 -6.3800
v -16.8250 6.8000 -7.8200
f 6613 6614 6615 6616
v -16.8250 4.7000 -6.3800
v -16.9250 4.7000 -6.3800
v -16.9250 6.8000 -6.3800
v -16.8250 6.8000 -6.3800
f 6617 6618 6619 6620
v -16.9250 4.7000 -6.3800
v -16.9250 4.7000 -7.8200
v -16.9250 6.8000 -7.8200
v -16.9250 6.8000 -6.3800
f 6621 6622 6623 6624
g level_2_detail_window_glass
usemtl glass
v -16.9850 4.8400 -7.6900
v -16.9850 4.8400 -6.5100
v -16.9250 4.8400 -6.5100
v -16.9250 4.8400 -7.6900
f 6625 6626 6627 6628
v -16.9850 6.6400 -7.6900
v -16.9250 6.6400 -7.6900
v -16.9250 6.6400 -6.5100
v -16.9850 6.6400 -6.5100
f 6629 6630 6631 6632
v -16.9850 4.8400 -7.6900
v -16.9250 4.8400 -7.6900
v -16.9250 6.6400 -7.6900
v -16.9850 6.6400 -7.6900
f 6633 6634 6635 6636
v -16.9250 4.8400 -7.6900
v -16.9250 4.8400 -6.5100
v -16.9250 6.6400 -6.5100
v -16.9250 6.6400 -7.6900
f 6637 6638 6639 6640
v -16.9250 4.8400 -6.5100
v -16.9850 4.8400 -6.5100
v -16.9850 6.6400 -6.5100
v -16.9250 6.6400 -6.5100
f 6641 6642 6643 6644
v -16.9850 4.8400 -6.5100
v -16.9850 4.8400 -7.6900
v -16.9850 6.6400 -7.6900
v -16.9850 6.6400 -6.5100
f 6645 6646 6647 6648
g level_2_detail_window_mullion
usemtl frame
v -17.0250 4.8300 -7.1270
v -17.0250 4.8300 -7.0730
v -16.9850 4.8300 -7.0730
v -16.9850 4.8300 -7.1270
f 6649 6650 6651 6652
v -17.0250 6.6700 -7.1270
v -16.9850 6.6700 -7.1270
v -16.9850 6.6700 -7.0730
v -17.0250 6.6700 -7.0730
f 6653 6654 6655 6656
v -17.0250 4.8300 -7.1270
v -16.9850 4.8300 -7.1270
v -16.9850 6.6700 -7.1270
v -17.0250 6.6700 -7.1270
f 6657 6658 6659 6660
v -16.9850 4.8300 -7.1270
v -16.9850 4.8300 -7.0730
v -16.9850 6.6700 -7.0730
v -16.9850 6.6700 -7.1270
f 6661 6662 6663 6664
v -16.9850 4.8300 -7.0730
v -17.0250 4.8300 -7.0730
v -17.0250 6.6700 -7.0730
v -16.9850 6.6700 -7.0730
f 6665 6666 6667 6668
v -17.0250 4.8300 -7.0730
v -17.0250 4.8300 -7.1270
v -17.0250 6.6700 -7.1270
v -17.0250 6.6700 -7.0730
f 6669 6670 6671 6672
g level_2_detail_sill
usemtl trim
v -16.9850 4.5800 -7.9200
v -16.9850 4.5800 -6.2800
v -16.7250 4.5800 -6.2800
v -16.7250 4.5800 -7.9200
f 6673 6674 6675 6676
v -16.9850 4.7100 -7.9200
v -16.7250 4.7100 -7.9200
v -16.7250 4.7100 -6.2800
v -16.9850 4.7100 -6.2800
f 6677 6678 6679 6680
v -16.9850 4.5800 -7.9200
v -16.7250 4.5800 -7.9200
v -16.7250 4.7100 -7.9200
v -16.9850 4.7100 -7.9200
f 6681 6682 6683 6684
v -16.7250 4.5800 -7.9200
v -16.7250 4.5800 -6.2800
v -16.7250 4.7100 -6.2800
v -16.7250 4.7100 -7.9200
f 6685 6686 6687 6688
v -16.7250 4.5800 -6.2800
v -16.9850 4.5800 -6.2800
v -16.9850 4.7100 -6.2800
v -16.7250 4.7100 -6.2800
f 6689 6690 6691 6692
v -16.9850 4.5800 -6.2800
v -16.9850 4.5800 -7.9200
v -16.9850 4.7100 -7.9200
v -16.9850 4.7100 -6.2800
f 6693 6694 6695 6696
g level_2_detail_window_frame
v 16.8250 4.7000 -7.8200
v 16.8250 4.7000 -6.3800
v 16.9250 4.7000 -6.3800
v 16.9250 4.7000 -7.8200
f 6697 6698 6699 6700
v 16.8250 6.8000 -7.8200
v 16.9250 6.8000 -7.8200
v 16.9250 6.8000 -6.3800
v 16.8250 6.8000 -6.3800
f 6701 6702 6703 6704
v 16.8250 4.7000 -7.8200
v 16.9250 4.7000 -7.8200
v 16.9250 6.8000 -7.8200
v 16.8250 6.8000 -7.8200
f 6705 6706 6707 6708
v 16.9250 4.7000 -7.8200
v 16.9250 4.7000 -6.3800
v 16.9250 6.8000 -6.3800
v 16.9250 6.8000 -7.8200
f 6709 6710 6711 6712
v 16.9250 4.7000 -6.3800
v 16.8250 4.7000 -6.3800
v 16.8250 6.8000 -6.3800
v 16.9250 6.8000 -6.3800
f 6713 6714 6715 6716
v 16.8250 4.7000 -6.3800
v 16.8250 4.7000 -7.8200
v 16.8250 6.8000 -7.8200
v 16.8250 6.8000 -6.3800
f 6717 6718 6719 6720
g level_2_detail_window_glass
usemtl glass
v 16.9250 4.8400 -7.6900
v 16.9250 4.8400 -6.5100
v 16.9850 4.8400 -6.5100
v 16.9850 4.8400 -7.6900
f 6721 6722 6723 6724
v 16.9250 6.6400 -7.6900
v 16.9850 6.6400 -7.6900
v 16.9850 6.6400 -6.5100
v 16.9250 6.6400 -6.5100
f 6725 6726 6727 6728
v 16.9250 4.8400 -7.6900
v 16.9850 4.8400 -7.6900
v 16.9850 6.6400 -7.6900
v 16.9250 6.6400 -7.6900
f 6729 6730 6731 6732
v 16.9850 4.8400 -7.6900
v 16.9850 4.8400 -6.5100
v 16.9850 6.6400 -6.5100
v 16.9850 6.6400 -7.6900
f 6733 6734 6735 6736
v 16.9850 4.8400 -6.5100
v 16.9250 4.8400 -6.5100
v 16.9250 6.6400 -6.5100
v 16.9850 6.6400 -6.5100
f 6737 6738 6739 6740
v 16.9250 4.8400 -6.5100
v 16.9250 4.8400 -7.6900
v 16.9250 6.6400 -7.6900
v 16.9250 6.6400 -6.5100
f 6741 6742 6743 6744
g level_2_detail_window_mullion
usemtl frame
v 16.9950 4.8300 -7.1270
v 16.9950 4.8300 -7.0730
v 17.0350 4.8300 -7.0730
v 17.0350 4.8300 -7.1270
f 6745 6746 6747 6748
v 16.9950 6.6700 -7.1270
v 17.0350 6.6700 -7.1270
v 17.0350 6.6700 -7.0730
v 16.9950 6.6700 -7.0730
f 6749 6750 6751 6752
v 16.9950 4.8300 -7.1270
v 17.0350 4.8300 -7.1270
v 17.0350 6.6700 -7.1270
v 16.9950 6.6700 -7.1270
f 6753 6754 6755 6756
v 17.0350 4.8300 -7.1270
v 17.0350 4.8300 -7.0730
v 17.0350 6.6700 -7.0730
v 17.0350 6.6700 -7.1270
f 6757 6758 6759 6760
v 17.0350 4.8300 -7.0730
v 16.9950 4.8300 -7.0730
v 16.9950 6.6700 -7.0730
v 17.0350 6.6700 -7.0730
f 6761 6762 6763 6764
v 16.9950 4.8300 -7.0730
v 16.9950 4.8300 -7.1270
v 16.9950 6.6700 -7.1270
v 16.9950 6.6700 -7.0730
f 6765 6766 6767 6768
g level_2_detail_sill
usemtl trim
v 16.7650 4.5800 -7.9200
v 16.7650 4.5800 -6.2800
v 17.0250 4.5800 -6.2800
v 17.0250 4.5800 -7.9200
f 6769 6770 6771 6772
v 16.7650 4.7100 -7.9200
v 17.0250 4.7100 -7.9200
v 17.0250 4.7100 -6.2800
v 16.7650 4.7100 -6.2800
f 6773 6774 6775 6776
v 16.7650 4.5800 -7.9200
v 17.0250 4.5800 -7.9200
v 17.0250 4.7100 -7.9200
v 16.7650 4.7100 -7.9200
f 6777 6778 6779 6780
v 17.0250 4.5800 -7.9200
v 17.0250 4.5800 -6.2800
v 17.0250 4.7100 -6.2800
v 17.0250 4.7100 -7.9200
f 6781 6782 6783 6784
v 17.0250 4.5800 -6.2800
v 16.7650 4.5800 -6.2800
v 16.7650 4.7100 -6.2800
v 17.0250 4.7100 -6.2800
f 6785 6786 6787 6788
v 16.7650 4.5800 -6.2800
v 16.7650 4.5800 -7.9200
v 16.7650 4.7100 -7.9200
v 16.7650 4.7100 -6.2800
f 6789 6790 6791 6792
g level_2_detail_window_frame
v -16.9250 4.7000 -4.2200
v -16.9250 4.7000 -2.7800
v -16.8250 4.7000 -2.7800
v -16.8250 4.7000 -4.2200
f 6793 6794 6795 6796
v -16.9250 6.8000 -4.2200
v -16.8250 6.8000 -4.2200
v -16.8250 6.8000 -2.7800
v -16.9250 6.8000 -2.7800
f 6797 6798 6799 6800
v -16.9250 4.7000 -4.2200
v -16.8250 4.7000 -4.2200
v -16.8250 6.8000 -4.2200
v -16.9250 6.8000 -4.2200
f 6801 6802 6803 6804
v -16.8250 4.7000 -4.2200
v -16.8250 4.7000 -2.7800
v -16.8250 6.8000 -2.7800
v -16.8250 6.8000 -4.2200
f 6805 6806 6807 6808
v -16.8250 4.7000 -2.7800
v -16.9250 4.7000 -2.7800
v -16.9250 6.8000 -2.7800
v -16.8250 6.8000 -2.7800
f 6809 6810 6811 6812
v -16.9250 4.7000 -2.7800
v -16.9250 4.7000 -4.2200
v -16.9250 6.8000 -4.2200
v -16.9250 6.8000 -2.7800
f 6813 6814 6815 6816
g level_2_detail_window_glass
usemtl glass
v -16.9850 4.8400 -4.0900
v -16.9850 4.8400 -2.9100
v -16.9250 4.8400 -2.9100
v -16.9250 4.8400 -4.0900
f 6817 6818 6819 6820
v -16.9850 6.6400 -4.0900
v -16.9250 6.6400 -4.0900
v -16.9250 6.6400 -2.9100
v -16.9850 6.6400 -2.9100
f 6821 6822 6823 6824
v -16.9850 4.8400 -4.0900
v -16.9250 4.8400 -4.0900
v -16.9250 6.6400 -4.0900
v -16.9850 6.6400 -4.0900
f 6825 6826 6827 6828
v -16.9250 4.8400 -4.0900
v -16.9250 4.8400 -2.9100
v -16.9250 6.6400 -2.9100
v -16.9250 6.6400 -4.0900
f 6829 6830 6831 6832
v -16.9250 4.8400 -2.9100
v -16.9850 4.8400 -2.9100
v -16.9850 6.6400 -2.9100
v -16.9250 6.6400 -2.9100
f 6833 6834 6835 6836
v -16.9850 4.8400 -2.9100
v -16.9850 4.8400 -4.0900
v -16.9850 6.6400 -4.0900
v -16.9850 6.6400 -2.9100
f 6837 6838 6839 6840
g level_2_detail_window_mullion
usemtl frame
v -17.0250 4.8300 -3.5270
v -17.0250 4.8300 -3.4730
v -16.9850 4.8300 -3.4730
v -16.9850 4.8300 -3.5270
f 6841 6842 6843 6844
v -17.0250 6.6700 -3.5270
v -16.9850 6.6700 -3.5270
v -16.9850 6.6700 -3.4730
v -17.0250 6.6700 -3.4730
f 6845 6846 6847 6848
v -17.0250 4.8300 -3.5270
v -16.9850 4.8300 -3.5270
v -16.9850 6.6700 -3.5270
v -17.0250 6.6700 -3.5270
f 6849 6850 6851 6852
v -16.9850 4.8300 -3.5270
v -16.9850 4.8300 -3.4730
v -16.9850 6.6700 -3.4730
v -16.9850 6.6700 -3.5270
f 6853 6854 6855 6856
v -16.9850 4.8300 -3.4730
v -17.0250 4.8300 -3.4730
v -17.0250 6.6700 -3.4730
v -16.9850 6.6700 -3.4730
f 6857 6858 6859 6860
v -17.0250 4.8300 -3.4730
v -17.0250 4.8300 -3.5270
v -17.0250 6.6700 -3.5270
v -17.0250 6.6700 -3.4730
f 6861 6862 6863 6864
g level_2_detail_sill
usemtl trim
v -16.9850 4.5800 -4.3200
v -16.9850 4.5800 -2.6800
v -16.7250 4.5800 -2.6800
v -16.7250 4.5800 -4.3200
f 6865 6866 6867 6868
v -16.9850 4.7100 -4.3200
v -16.7250 4.7100 -4.3200
v -16.7250 4.7100 -2.6800
v -16.9850 4.7100 -2.6800
f 6869 6870 6871 6872
v -16.9850 4.5800 -4.3200
v -16.7250 4.5800 -4.3200
v -16.7250 4.7100 -4.3200
v -16.9850 4.7100 -4.3200
f 6873 6874 6875 6876
v -16.7250 4.5800 -4.3200
v -16.7250 4.5800 -2.6800
v -16.7250 4.7100 -2.6800
v -16.7250 4.7100 -4.3200
f 6877 6878 6879 6880
v -16.7250 4.5800 -2.6800
v -16.9850 4.5800 -2.6800
v -16.9850 4.7100 -2.6800
v -16.7250 4.7100 -2.6800
f 6881 6882 6883 6884
v -16.9850 4.5800 -2.6800
v -16.9850 4.5800 -4.3200
v -16.9850 4.7100 -4.3200
v -16.9850 4.7100 -2.6800
f 6885 6886 6887 6888
g level_2_detail_window_frame
v 16.8250 4.7000 -4.2200
v 16.8250 4.7000 -2.7800
v 16.9250 4.7000 -2.7800
v 16.9250 4.7000 -4.2200
f 6889 6890 6891 6892
v 16.8250 6.8000 -4.2200
v 16.9250 6.8000 -4.2200
v 16.9250 6.8000 -2.7800
v 16.8250 6.8000 -2.7800
f 6893 6894 6895 6896
v 16.8250 4.7000 -4.2200
v 16.9250 4.7000 -4.2200
v 16.9250 6.8000 -4.2200
v 16.8250 6.8000 -4.2200
f 6897 6898 6899 6900
v 16.9250 4.7000 -4.2200
v 16.9250 4.7000 -2.7800
v 16.9250 6.8000 -2.7800
v 16.9250 6.8000 -4.2200
f 6901 6902 6903 6904
v 16.9250 4.7000 -2.7800
v 16.8250 4.7000 -2.7800
v 16.8250 6.8000 -2.7800
v 16.9250 6.8000 -2.7800
f 6905 6906 6907 6908
v 16.8250 4.7000 -2.7800
v 16.8250 4.7000 -4.2200
v 16.8250 6.8000 -4.2200
v 16.8250 6.8000 -2.7800
f 6909 6910 6911 6912
g level_2_detail_window_glass
usemtl glass
v 16.9250 4.8400 -4.0900
v 16.9250 4.8400 -2.9100
v 16.9850 4.8400 -2.9100
v 16.9850 4.8400 -4.0900
f 6913 6914 6915 6916
v 16.9250 6.6400 -4.0900
v 16.9850 6.6400 -4.0900
v 16.9850 6.6400 -2.9100
v 16.9250 6.6400 -2.9100
f 6917 6918 6919 6920
v 16.9250 4.8400 -4.0900
v 16.9850 4.8400 -4.0900
v 16.9850 6.6400 -4.0900
v 16.9250 6.6400 -4.0900
f 6921 6922 6923 6924
v 16.9850 4.8400 -4.0900
v 16.9850 4.8400 -2.9100
v 16.9850 6.6400 -2.9100
v 16.9850 6.6400 -4.0900
f 6925 6926 6927 6928
v 16.9850 4.8400 -2.9100
v 16.9250 4.8400 -2.9100
v 16.9250 6.6400 -2.9100
v 16.9850 6.6400 -2.9100
f 6929 6930 6931 6932
v 16.9250 4.8400 -2.9100
v 16.9250 4.8400 -4.0900
v 16.9250 6.6400 -4.0900
v 16.9250 6.6400 -2.9100
f 6933 6934 6935 6936
g level_2_detail_window_mullion
usemtl frame
v 16.9950 4.8300 -3.5270
v 16.9950 4.8300 -3.4730
v 17.0350 4.8300 -3.4730
v 17.0350 4.8300 -3.5270
f 6937 6938 6939 6940
v 16.9950 6.6700 -3.5270
v 17.0350 6.6700 -3.5270
v 17.0350 6.6700 -3.4730
v 16.9950 6.6700 -3.4730
f 6941 6942 6943 6944
v 16.9950 4.8300 -3.5270
v 17.0350 4.8300 -3.5270
v 17.0350 6.6700 -3.5270
v 16.9950 6.6700 -3.5270
f 6945 6946 6947 6948
v 17.0350 4.8300 -3.5270
v 17.0350 4.8300 -3.4730
v 17.0350 6.6700 -3.4730
v 17.0350 6.6700 -3.5270
f 6949 6950 6951 6952
v 17.0350 4.8300 -3.4730
v 16.9950 4.8300 -3.4730
v 16.9950 6.6700 -3.4730
v 17.0350 6.6700 -3.4730
f 6953 6954 6955 6956
v 16.9950 4.8300 -3.4730
v 16.9950 4.8300 -3.5270
v 16.9950 6.6700 -3.5270
v 16.9950 6.6700 -3.4730
f 6957 6958 6959 6960
g level_2_detail_sill
usemtl trim
v 16.7650 4.5800 -4.3200
v 16.7650 4.5800 -2.6800
v 17.0250 4.5800 -2.6800
v 17.0250 4.5800 -4.3200
f 6961 6962 6963 6964
v 16.7650 4.7100 -4.3200
v 17.0250 4.7100 -4.3200
v 17.0250 4.7100 -2.6800
v 16.7650 4.7100 -2.6800
f 6965 6966 6967 6968
v 16.7650 4.5800 -4.3200
v 17.0250 4.5800 -4.3200
v 17.0250 4.7100 -4.3200
v 16.7650 4.7100 -4.3200
f 6969 6970 6971 6972
v 17.0250 4.5800 -4.3200
v 17.0250 4.5800 -2.6800
v 17.0250 4.7100 -2.6800
v 17.0250 4.7100 -4.3200
f 6973 6974 6975 6976
v 17.0250 4.5800 -2.6800
v 16.7650 4.5800 -2.6800
v 16.7650 4.7100 -2.6800
v 17.0250 4.7100 -2.6800
f 6977 6978 6979 6980
v 16.7650 4.5800 -2.6800
v 16.7650 4.5800 -4.3200
v 16.7650 4.7100 -4.3200
v 16.7650 4.7100 -2.6800
f 6981 6982 6983 6984
g level_2_detail_window_frame
v -16.9250 4.7000 -0.6200
v -16.9250 4.7000 0.8200
v -16.8250 4.7000 0.8200
v -16.8250 4.7000 -0.6200
f 6985 6986 6987 6988
v -16.9250 6.8000 -0.6200
v -16.8250 6.8000 -0.6200
v -16.8250 6.8000 0.8200
v -16.9250 6.8000 0.8200
f 6989 6990 6991 6992
v -16.9250 4.7000 -0.6200
v -16.8250 4.7000 -0.6200
v -16.8250 6.8000 -0.6200
v -16.9250 6.8000 -0.6200
f 6993 6994 6995 6996
v -16.8250 4.7000 -0.6200
v -16.8250 4.7000 0.8200
v -16.8250 6.8000 0.8200
v -16.8250 6.8000 -0.6200
f 6997 6998 6999 7000
v -16.8250 4.7000 0.8200
v -16.9250 4.7000 0.8200
v -16.9250 6.8000 0.8200
v -16.8250 6.8000 0.8200
f 7001 7002 7003 7004
v -16.9250 4.7000 0.8200
v -16.9250 4.7000 -0.6200
v -16.9250 6.8000 -0.6200
v -16.9250 6.8000 0.8200
f 7005 7006 7007 7008
g level_2_detail_window_glass
usemtl glass
v -16.9850 4.8400 -0.4900
v -16.9850 4.8400 0.6900
v -16.9250 4.8400 0.6900
v -16.9250 4.8400 -0.4900
f 7009 7010 7011 7012
v -16.9850 6.6400 -0.4900
v -16.9250 6.6400 -0.4900
v -16.9250 6.6400 0.6900
v -16.9850 6.6400 0.6900
f 7013 7014 7015 7016
v -16.9850 4.8400 -0.4900
v -16.9250 4.8400 -0.4900
v -16.9250 6.6400 -0.4900
v -16.9850 6.6400 -0.4900
f 7017 7018 7019 7020
v -16.9250 4.8400 -0.4900
v -16.9250 4.8400 0.6900
v -16.9250 6.6400 0.6900
v -16.9250 6.6400 -0.4900
f 7021 7022 7023 7024
v -16.9250 4.8400 0.6900
v -16.9850 4.8400 0.6900
v -16.9850 6.6400 0.6900
v -16.9250 6.6400 0.6900
f 7025 7026 7027 7028
v -16.9850 4.8400 0.6900
v -16.9850 4.8400 -0.4900
v -16.9850 6.6400 -0.4900
v -16.9850 6.6400 0.6900
f 7029 7030 7031 7032
g level_2_detail_window_mullion
usemtl frame
v -17.0250 4.8300 0.0730
v -17.0250 4.8300 0.1270
v -16.9850 4.8300 0.1270
v -16.9850 4.8300 0.0730
f 7033 7034 7035 7036
v -17.0250 6.6700 0.0730
v -16.9850 6.6700 0.0730
v -16.9850 6.6700 0.1270
v -17.0250 6.6700 0.1270
f 7037 7038 7039 7040
v -17.0250 4.8300 0.0730
v -16.9850 4.8300 0.0730
v -16.9850 6.6700 0.0730
v -17.0250 6.6700 0.0730
f 7041 7042 7043 7044
v -16.9850 4.8300 0.0730
v -16.9850 4.8300 0.1270
v -16.9850 6.6700 0.1270
v -16.9850 6.6700 0.0730
f 7045 7046 7047 7048
v -16.9850 4.8300 0.1270
v -17.0250 4.8300 0.1270
v -17.0250 6.6700 0.1270
v -16.9850 6.6700 0.1270
f 7049 7050 7051 7052
v -17.0250 4.8300 0.1270
v -17.0250 4.8300 0.0730
v -17.0250 6.6700 0.0730
v -17.0250 6.6700 0.1270
f 7053 7054 7055 7056
g level_2_detail_sill
usemtl trim
v -16.9850 4.5800 -0.7200
v -16.9850 4.5800 0.9200
v -16.7250 4.5800 0.9200
v -16.7250 4.5800 -0.7200
f 7057 7058 7059 7060
v -16.9850 4.7100 -0.7200
v -16.7250 4.7100 -0.7200
v -16.7250 4.7100 0.9200
v -16.9850 4.7100 0.9200
f 7061 7062 7063 7064
v -16.9850 4.5800 -0.7200
v -16.7250 4.5800 -0.7200
v -16.7250 4.7100 -0.7200
v -16.9850 4.7100 -0.7200
f 7065 7066 7067 7068
v -16.7250 4.5800 -0.7200
v -16.7250 4.5800 0.9200
v -16.7250 4.7100 0.9200
v -16.7250 4.7100 -0.7200
f 7069 7070 7071 7072
v -16.7250 4.5800 0.9200
v -16.9850 4.5800 0.9200
v -16.9850 4.7100 0.9200
v -16.7250 4.7100 0.9200
f 7073 7074 7075 7076
v -16.9850 4.5800 0.9200
v -16.9850 4.5800 -0.7200
v -16.9850 4.7100 -0.7200
v -16.9850 4.7100 0.9200
f 7077 7078 7079 7080
g level_2_detail_window_frame
v 16.8250 4.7000 -0.6200
v 16.8250 4.7000 0.8200
v 16.9250 4.7000 0.8200
v 16.9250 4.7000 -0.6200
f 7081 7082 7083 7084
v 16.8250 6.8000 -0.6200
v 16.9250 6.8000 -0.6200
v 16.9250 6.8000 0.8200
v 16.8250 6.8000 0.8200
f 7085 7086 7087 7088
v 16.8250 4.7000 -0.6200
v 16.9250 4.7000 -0.6200
v 16.9250 6.8000 -0.6200
v 16.8250 6.8000 -0.6200
f 7089 7090 7091 7092
v 16.9250 4.7000 -0.6200
v 16.9250 4.7000 0.8200
v 16.9250 6.8000 0.8200
v 16.9250 6.8000 -0.6200
f 7093 7094 7095 7096
v 16.9250 4.7000 0.8200
v 16.8250 4.7000 0.8200
v 16.8250 6.8000 0.8200
v 16.9250 6.8000 0.8200
f 7097 7098 7099 7100
v 16.8250 4.7000 0.8200
v 16.8250 4.7000 -0.6200
v 16.8250 6.8000 -0.6200
v 16.8250 6.8000 0.8200
f 7101 7102 7103 7104
g level_2_detail_window_glass
usemtl glass
v 16.9250 4.8400 -0.4900
v 16.9250 4.8400 0.6900
v 16.9850 4.8400 0.6900
v 16.9850 4.8400 -0.4900
f 7105 7106 7107 7108
v 16.9250 6.6400 -0.4900
v 16.9850 6.6400 -0.4900
v 16.9850 6.6400 0.6900
v 16.9250 6.6400 0.6900
f 7109 7110 7111 7112
v 16.9250 4.8400 -0.4900
v 16.9850 4.8400 -0.4900
v 16.9850 6.6400 -0.4900
v 16.9250 6.6400 -0.4900
f 7113 7114 7115 7116
v 16.9850 4.8400 -0.4900
v 16.9850 4.8400 0.6900
v 16.9850 6.6400 0.6900
v 16.9850 6.6400 -0.4900
f 7117 7118 7119 7120
v 16.9850 4.8400 0.6900
v 16.9250 4.8400 0.6900
v 16.9250 6.6400 0.6900
v 16.9850 6.6400 0.6900
f 7121 7122 7123 7124
v 16.9250 4.8400 0.6900
v 16.9250 4.8400 -0.4900
v 16.9250 6.6400 -0.4900
v 16.9250 6.6400 0.6900
f 7125 7126 7127 7128
g level_2_detail_window_mullion
usemtl frame
v 16.9950 4.8300 0.0730
v 16.9950 4.8300 0.1270
v 17.0350 4.8300 0.1270
v 17.0350 4.8300 0.0730
f 7129 7130 7131 7132
v 16.9950 6.6700 0.0730
v 17.0350 6.6700 0.0730
v 17.0350 6.6700 0.1270
v 16.9950 6.6700 0.1270
f 7133 7134 7135 7136
v 16.9950 4.8300 0.0730
v 17.0350 4.8300 0.0730
v 17.0350 6.6700 0.0730
v 16.9950 6.6700 0.0730
f 7137 7138 7139 7140
v 17.0350 4.8300 0.0730
v 17.0350 4.8300 0.1270
v 17.0350 6.6700 0.1270
v 17.0350 6.6700 0.0730
f 7141 7142 7143 7144
v 17.0350 4.8300 0.1270
v 16.9950 4.8300 0.1270
v 16.9950 6.6700 0.1270
v 17.0350 6.6700 0.1270
f 7145 7146 7147 7148
v 16.9950 4.8300 0.1270
v 16.9950 4.8300 0.0730
v 16.9950 6.6700 0.0730
v 16.9950 6.6700 0.1270
f 7149 7150 7151 7152
g level_2_detail_sill
usemtl trim
v 16.7650 4.5800 -0.7200
v 16.7650 4.5800 0.9200
v 17.0250 4.5800 0.9200
v 17.0250 4.5800 -0.7200
f 7153 7154 7155 7156
v 16.7650 4.7100 -0.7200
v 17.0250 4.7100 -0.7200
v 17.0250 4.7100 0.9200
v 16.7650 4.7100 0.9200
f 7157 7158 7159 7160
v 16.7650 4.5800 -0.7200
v 17.0250 4.5800 -0.7200
v 17.0250 4.7100 -0.7200
v 16.7650 4.7100 -0.7200
f 7161 7162 7163 7164
v 17.0250 4.5800 -0.7200
v 17.0250 4.5800 0.9200
v 17.0250 4.7100 0.9200
v 17.0250 4.7100 -0.7200
f 7165 7166 7167 7168
v 17.0250 4.5800 0.9200
v 16.7650 4.5800 0.9200
v 16.7650 4.7100 0.9200
v 17.0250 4.7100 0.9200
f 7169 7170 7171 7172
v 16.7650 4.5800 0.9200
v 16.7650 4.5800 -0.7200
v 16.7650 4.7100 -0.7200
v 16.7650 4.7100 0.9200
f 7173 7174 7175 7176
g level_2_detail_window_frame
v -16.9250 4.7000 2.9800
v -16.9250 4.7000 4.4200
v -16.8250 4.7000 4.4200
v -16.8250 4.7000 2.9800
f 7177 7178 7179 7180
v -16.9250 6.8000 2.9800
v -16.8250 6.8000 2.9800
v -16.8250 6.8000 4.4200
v -16.9250 6.8000 4.4200
f 7181 7182 7183 7184
v -16.9250 4.7000 2.9800
v -16.8250 4.7000 2.9800
v -16.8250 6.8000 2.9800
v -16.9250 6.8000 2.9800
f 7185 7186 7187 7188
v -16.8250 4.7000 2.9800
v -16.8250 4.7000 4.4200
v -16.8250 6.8000 4.4200
v -16.8250 6.8000 2.9800
f 7189 7190 7191 7192
v -16.8250 4.7000 4.4200
v -16.9250 4.7000 4.4200
v -16.9250 6.8000 4.4200
v -16.8250 6.8000 4.4200
f 7193 7194 7195 7196
v -16.9250 4.7000 4.4200
v -16.9250 4.7000 2.9800
v -16.9250 6.8000 2.9800
v -16.9250 6.8000 4.4200
f 7197 7198 7199 7200
g level_2_detail_window_glass
usemtl glass
v -16.9850 4.8400 3.1100
v -16.9850 4.8400 4.2900
v -16.9250 4.8400 4.2900
v -16.9250 4.8400 3.1100
f 7201 7202 7203 7204
v -16.9850 6.6400 3.1100
v -16.9250 6.6400 3.1100
v -16.9250 6.6400 4.2900
v -16.9850 6.6400 4.2900
f 7205 7206 7207 7208
v -16.9850 4.8400 3.1100
v -16.9250 4.8400 3.1100
v -16.9250 6.6400 3.1100
v -16.9850 6.6400 3.1100
f 7209 7210 7211 7212
v -16.9250 4.8400 3.1100
v -16.9250 4.8400 4.2900
v -16.9250 6.6400 4.2900
v -16.9250 6.6400 3.1100
f 7213 7214 7215 7216
v -16.9250 4.8400 4.2900
v -16.9850 4.8400 4.2900
v -16.9850 6.6400 4.2900
v -16.9250 6.6400 4.2900
f 7217 7218 7219 7220
v -16.9850 4.8400 4.2900
v -16.9850 4.8400 3.1100
v -16.9850 6.6400 3.1100
v -16.9850 6.6400 4.2900
f 7221 7222 7223 7224
g level_2_detail_window_mullion
usemtl frame
v -17.0250 4.8300 3.6730
v -17.0250 4.8300 3.7270
v -16.9850 4.8300 3.7270
v -16.9850 4.8300 3.6730
f 7225 7226 7227 7228
v -17.0250 6.6700 3.6730
v -16.9850 6.6700 3.6730
v -16.9850 6.6700 3.7270
v -17.0250 6.6700 3.7270
f 7229 7230 7231 7232
v -17.0250 4.8300 3.6730
v -16.9850 4.8300 3.6730
v -16.9850 6.6700 3.6730
v -17.0250 6.6700 3.6730
f 7233 7234 7235 7236
v -16.9850 4.8300 3.6730
v -16.9850 4.8300 3.7270
v -16.9850 6.6700 3.7270
v -16.9850 6.6700 3.6730
f 7237 7238 7239 7240
v -16.9850 4.8300 3.7270
v -17.0250 4.8300 3.7270
v -17.0250 6.6700 3.7270
v -16.9850 6.6700 3.7270
f 7241 7242 7243 7244
v -17.0250 4.8300 3.7270
v -17.0250 4.8300 3.6730
v -17.0250 6.6700 3.6730
v -17.0250 6.6700 3.7270
f 7245 7246 7247 7248
g level_2_detail_sill
usemtl trim
v -16.9850 4.5800 2.8800
v -16.9850 4.5800 4.5200
v -16.7250 4.5800 4.5200
v -16.7250 4.5800 2.8800
f 7249 7250 7251 7252
v -16.9850 4.7100 2.8800
v -16.7250 4.7100 2.8800
v -16.7250 4.7100 4.5200
v -16.9850 4.7100 4.5200
f 7253 7254 7255 7256
v -16.9850 4.5800 2.8800
v -16.7250 4.5800 2.8800
v -16.7250 4.7100 2.8800
v -16.9850 4.7100 2.8800
f 7257 7258 7259 7260
v -16.7250 4.5800 2.8800
v -16.7250 4.5800 4.5200
v -16.7250 4.7100 4.5200
v -16.7250 4.7100 2.8800
f 7261 7262 7263 7264
v -16.7250 4.5800 4.5200
v -16.9850 4.5800 4.5200
v -16.9850 4.7100 4.5200
v -16.7250 4.7100 4.5200
f 7265 7266 7267 7268
v -16.9850 4.5800 4.5200
v -16.9850 4.5800 2.8800
v -16.9850 4.7100 2.8800
v -16.9850 4.7100 4.5200
f 7269 7270 7271 7272
g level_2_detail_window_frame
v 16.8250 4.7000 2.9800
v 16.8250 4.7000 4.4200
v 16.9250 4.7000 4.4200
v 16.9250 4.7000 2.9800
f 7273 7274 7275 7276
v 16.8250 6.8000 2.9800
v 16.9250 6.8000 2.9800
v 16.9250 6.8000 4.4200
v 16.8250 6.8000 4.4200
f 7277 7278 7279 7280
v 16.8250 4.7000 2.9800
v 16.9250 4.7000 2.9800
v 16.9250 6.8000 2.9800
v 16.8250 6.8000 2.9800
f 7281 7282 7283 7284
v 16.9250 4.7000 2.9800
v 16.9250 4.7000 4.4200
v 16.9250 6.8000 4.4200
v 16.9250 6.8000 2.9800
f 7285 7286 7287 7288
v 16.9250 4.7000 4.4200
v 16.8250 4.7000 4.4200
v 16.8250 6.8000 4.4200
v 16.9250 6.8000 4.4200
f 7289 7290 7291 7292
v 16.8250 4.7000 4.4200
v 16.8250 4.7000 2.9800
v 16.8250 6.8000 2.9800
v 16.8250 6.8000 4.4200
f 7293 7294 7295 7296
g level_2_detail_window_glass
usemtl glass
v 16.9250 4.8400 3.1100
v 16.9250 4.8400 4.2900
v 16.9850 4.8400 4.2900
v 16.9850 4.8400 3.1100
f 7297 7298 7299 7300
v 16.9250 6.6400 3.1100
v 16.9850 6.6400 3.1100
v 16.9850 6.6400 4.2900
v 16.9250 6.6400 4.2900
f 7301 7302 7303 7304
v 16.9250 4.8400 3.1100
v 16.9850 4.8400 3.1100
v 16.9850 6.6400 3.1100
v 16.9250 6.6400 3.1100
f 7305 7306 7307 7308
v 16.9850 4.8400 3.1100
v 16.9850 4.8400 4.2900
v 16.9850 6.6400 4.2900
v 16.9850 6.6400 3.1100
f 7309 7310 7311 7312
v 16.9850 4.8400 4.2900
v 16.9250 4.8400 4.2900
v 16.9250 6.6400 4.2900
v 16.9850 6.6400 4.2900
f 7313 7314 7315 7316
v 16.9250 4.8400 4.2900
v 16.9250 4.8400 3.1100
v 16.9250 6.6400 3.1100
v 16.9250 6.6400 4.2900
f 7317 7318 7319 7320
g level_2_detail_window_mullion
usemtl frame
v 16.9950 4.8300 3.6730
v 16.9950 4.8300 3.7270
v 17.0350 4.8300 3.7270
v 17.0350 4.8300 3.6730
f 7321 7322 7323 7324
v 16.9950 6.6700 3.6730
v 17.0350 6.6700 3.6730
v 17.0350 6.6700 3.7270
v 16.9950 6.6700 3.7270
f 7325 7326 7327 7328
v 16.9950 4.8300 3.6730
v 17.0350 4.8300 3.6730
v 17.0350 6.6700 3.6730
v 16.9950 6.6700 3.6730
f 7329 7330 7331 7332
v 17.0350 4.8300 3.6730
v 17.0350 4.8300 3.7270
v 17.0350 6.6700 3.7270
v 17.0350 6.6700 3.6730
f 7333 7334 7335 7336
v 17.0350 4.8300 3.7270
v 16.9950 4.8300 3.7270
v 16.9950 6.6700 3.7270
v 17.0350 6.6700 3.7270
f 7337 7338 7339 7340
v 16.9950 4.8300 3.7270
v 16.9950 4.8300 3.6730
v 16.9950 6.6700 3.6730
v 16.9950 6.6700 3.7270
f 7341 7342 7343 7344
g level_2_detail_sill
usemtl trim
v 16.7650 4.5800 2.8800
v 16.7650 4.5800 4.5200
v 17.0250 4.5800 4.5200
v 17.0250 4.5800 2.8800
f 7345 7346 7347 7348
v 16.7650 4.7100 2.8800
v 17.0250 4.7100 2.8800
v 17.0250 4.7100 4.5200
v 16.7650 4.7100 4.5200
f 7349 7350 7351 7352
v 16.7650 4.5800 2.8800
v 17.0250 4.5800 2.8800
v 17.0250 4.7100 2.8800
v 16.7650 4.7100 2.8800
f 7353 7354 7355 7356
v 17.0250 4.5800 2.8800
v 17.0250 4.5800 4.5200
v 17.0250 4.7100 4.5200
v 17.0250 4.7100 2.8800
f 7357 7358 7359 7360
v 17.0250 4.5800 4.5200
v 16.7650 4.5800 4.5200
v 16.7650 4.7100 4.5200
v 17.0250 4.7100 4.5200
f 7361 7362 7363 7364
v 16.7650 4.5800 4.5200
v 16.7650 4.5800 2.8800
v 16.7650 4.7100 2.8800
v 16.7650 4.7100 4.5200
f 7365 7366 7367 7368
g level_2_detail_window_frame
v -16.9250 4.7000 6.5800
v -16.9250 4.7000 8.0200
v -16.8250 4.7000 8.0200
v -16.8250 4.7000 6.5800
f 7369 7370 7371 7372
v -16.9250 6.8000 6.5800
v -16.8250 6.8000 6.5800
v -16.8250 6.8000 8.0200
v -16.9250 6.8000 8.0200
f 7373 7374 7375 7376
v -16.9250 4.7000 6.5800
v -16.8250 4.7000 6.5800
v -16.8250 6.8000 6.5800
v -16.9250 6.8000 6.5800
f 7377 7378 7379 7380
v -16.8250 4.7000 6.5800
v -16.8250 4.7000 8.0200
v -16.8250 6.8000 8.0200
v -16.8250 6.8000 6.5800
f 7381 7382 7383 7384
v -16.8250 4.7000 8.0200
v -16.9250 4.7000 8.0200
v -16.9250 6.8000 8.0200
v -16.8250 6.8000 8.0200
f 7385 7386 7387 7388
v -16.9250 4.7000 8.0200
v -16.9250 4.7000 6.5800
v -16.9250 6.8000 6.5800
v -16.9250 6.8000 8.0200
f 7389 7390 7391 7392
g level_2_detail_window_glass
usemtl glass
v -16.9850 4.8400 6.7100
v -16.9850 4.8400 7.8900
v -16.9250 4.8400 7.8900
v -16.9250 4.8400 6.7100
f 7393 7394 7395 7396
v -16.9850 6.6400 6.7100
v -16.9250 6.6400 6.7100
v -16.9250 6.6400 7.8900
v -16.9850 6.6400 7.8900
f 7397 7398 7399 7400
v -16.9850 4.8400 6.7100
v -16.9250 4.8400 6.7100
v -16.9250 6.6400 6.7100
v -16.9850 6.6400 6.7100
f 7401 7402 7403 7404
v -16.9250 4.8400 6.7100
v -16.9250 4.8400 7.8900
v -16.9250 6.6400 7.8900
v -16.9250 6.6400 6.7100
f 7405 7406 7407 7408
v -16.9250 4.8400 7.8900
v -16.9850 4.8400 7.8900
v -16.9850 6.6400 7.8900
v -16.9250 6.6400 7.8900
f 7409 7410 7411 7412
v -16.9850 4.8400 7.8900
v -16.9850 4.8400 6.7100
v -16.9850 6.6400 6.7100
v -16.9850 6.6400 7.8900
f 7413 7414 7415 7416
g level_2_detail_window_mullion
usemtl frame
v -17.0250 4.8300 7.2730
v -17.0250 4.8300 7.3270
v -16.9850 4.8300 7.3270
v -16.9850 4.8300 7.2730
f 7417 7418 7419 7420
v -17.0250 6.6700 7.2730
v -16.9850 6.6700 7.2730
v -16.9850 6.6700 7.3270
v -17.0250 6.6700 7.3270
f 7421 7422 7423 7424
v -17.0250 4.8300 7.2730
v -16.9850 4.8300 7.2730
v -16.9850 6.6700 7.2730
v -17.0250 6.6700 7.2730
f 7425 7426 7427 7428
v -16.9850 4.8300 7.2730
v -16.9850 4.8300 7.3270
v -16.9850 6.6700 7.3270
v -16.9850 6.6700 7.2730
f 7429 7430 7431 7432
v -16.9850 4.8300 7.3270
v -17.0250 4.8300 7.3270
v -17.0250 6.6700 7.3270
v -16.9850 6.6700 7.3270
f 7433 7434 7435 7436
v -17.0250 4.8300 7.3270
v -17.0250 4.8300 7.2730
v -17.0250 6.6700 7.2730
v -17.0250 6.6700 7.3270
f 7437 7438 7439 7440
g level_2_detail_sill
usemtl trim
v -16.9850 4.5800 6.4800
v -16.9850 4.5800 8.1200
v -16.7250 4.5800 8.1200
v -16.7250 4.5800 6.4800
f 7441 7442 7443 7444
v -16.9850 4.7100 6.4800
v -16.7250 4.7100 6.4800
v -16.7250 4.7100 8.1200
v -16.9850 4.7100 8.1200
f 7445 7446 7447 7448
v -16.9850 4.5800 6.4800
v -16.7250 4.5800 6.4800
v -16.7250 4.7100 6.4800
v -16.9850 4.7100 6.4800
f 7449 7450 7451 7452
v -16.7250 4.5800 6.4800
v -16.7250 4.5800 8.1200
v -16.7250 4.7100 8.1200
v -16.7250 4.7100 6.4800
f 7453 7454 7455 7456
v -16.7250 4.5800 8.1200
v -16.9850 4.5800 8.1200
v -16.9850 4.7100 8.1200
v -16.7250 4.7100 8.1200
f 7457 7458 7459 7460
v -16.9850 4.5800 8.1200
v -16.9850 4.5800 6.4800
v -16.9850 4.7100 6.4800
v -16.9850 4.7100 8.1200
f 7461 7462 7463 7464
g level_2_detail_window_frame
v 16.8250 4.7000 6.5800
v 16.8250 4.7000 8.0200
v 16.9250 4.7000 8.0200
v 16.9250 4.7000 6.5800
f 7465 7466 7467 7468
v 16.8250 6.8000 6.5800
v 16.9250 6.8000 6.5800
v 16.9250 6.8000 8.0200
v 16.8250 6.8000 8.0200
f 7469 7470 7471 7472
v 16.8250 4.7000 6.5800
v 16.9250 4.7000 6.5800
v 16.9250 6.8000 6.5800
v 16.8250 6.8000 6.5800
f 7473 7474 7475 7476
v 16.9250 4.7000 6.5800
v 16.9250 4.7000 8.0200
v 16.9250 6.8000 8.0200
v 16.9250 6.8000 6.5800
f 7477 7478 7479 7480
v 16.9250 4.7000 8.0200
v 16.8250 4.7000 8.0200
v 16.8250 6.8000 8.0200
v 16.9250 6.8000 8.0200
f 7481 7482 7483 7484
v 16.8250 4.7000 8.0200
v 16.8250 4.7000 6.5800
v 16.8250 6.8000 6.5800
v 16.8250 6.8000 8.0200
f 7485 7486 7487 7488
g level_2_detail_window_glass
usemtl glass
v 16.9250 4.8400 6.7100
v 16.9250 4.8400 7.8900
v 16.9850 4.8400 7.8900
v 16.9850 4.8400 6.7100
f 7489 7490 7491 7492
v 16.9250 6.6400 6.7100
v 16.9850 6.6400 6.7100
v 16.9850 6.6400 7.8900
v 16.9250 6.6400 7.8900
f 7493 7494 7495 7496
v 16.9250 4.8400 6.7100
v 16.9850 4.8400 6.7100
v 16.9850 6.6400 6.7100
v 16.9250 6.6400 6.7100
f 7497 7498 7499 7500
v 16.9850 4.8400 6.7100
v 16.9850 4.8400 7.8900
v 16.9850 6.6400 7.8900
v 16.9850 6.6400 6.7100
f 7501 7502 7503 7504
v 16.9850 4.8400 7.8900
v 16.9250 4.8400 7.8900
v 16.9250 6.6400 7.8900
v 16.9850 6.6400 7.8900
f 7505 7506 7507 7508
v 16.9250 4.8400 7.8900
v 16.9250 4.8400 6.7100
v 16.9250 6.6400 6.7100
v 16.9250 6.6400 7.8900
f 7509 7510 7511 7512
g level_2_detail_window_mullion
usemtl frame
v 16.9950 4.8300 7.2730
v 16.9950 4.8300 7.3270
v 17.0350 4.8300 7.3270
v 17.0350 4.8300 7.2730
f 7513 7514 7515 7516
v 16.9950 6.6700 7.2730
v 17.0350 6.6700 7.2730
v 17.0350 6.6700 7.3270
v 16.9950 6.6700 7.3270
f 7517 7518 7519 7520
v 16.9950 4.8300 7.2730
v 17.0350 4.8300 7.2730
v 17.0350 6.6700 7.2730
v 16.9950 6.6700 7.2730
f 7521 7522 7523 7524
v 17.0350 4.8300 7.2730
v 17.0350 4.8300 7.3270
v 17.0350 6.6700 7.3270
v 17.0350 6.6700 7.2730
f 7525 7526 7527 7528
v 17.0350 4.8300 7.3270
v 16.9950 4.8300 7.3270
v 16.9950 6.6700 7.3270
v 17.0350 6.6700 7.3270
f 7529 7530 7531 7532
v 16.9950 4.8300 7.3270
v 16.9950 4.8300 7.2730
v 16.9950 6.6700 7.2730
v 16.9950 6.6700 7.3270
f 7533 7534 7535 7536
g level_2_detail_sill
usemtl trim
v 16.7650 4.5800 6.4800
v 16.7650 4.5800 8.1200
v 17.0250 4.5800 8.1200
v 17.0250 4.5800 6.4800
f 7537 7538 7539 7540
v 16.7650 4.7100 6.4800
v 17.0250 4.7100 6.4800
v 17.0250 4.7100 8.1200
v 16.7650 4.7100 8.1200
f 7541 7542 7543 7544
v 16.7650 4.5800 6.4800
v 17.0250 4.5800 6.4800
v 17.0250 4.7100 6.4800
v 16.7650 4.7100 6.4800
f 7545 7546 7547 7548
v 17.0250 4.5800 6.4800
v 17.0250 4.5800 8.1200
v 17.0250 4.7100 8.1200
v 17.0250 4.7100 6.4800
f 7549 7550 7551 7552
v 17.0250 4.5800 8.1200
v 16.7650 4.5800 8.1200
v 16.7650 4.7100 8.1200
v 17.0250 4.7100 8.1200
f 7553 7554 7555 7556
v 16.7650 4.5800 8.1200
v 16.7650 4.5800 6.4800
v 16.7650 4.7100 6.4800
v 16.7650 4.7100 8.1200
f 7557 7558 7559 7560
g level_2_detail_window_frame
v -8.6150 4.7000 -11.0200
v -8.6150 4.7000 -9.5800
v -8.5150 4.7000 -9.5800
v -8.5150 4.7000 -11.0200
f 7561 7562 7563 7564
v -8.6150 6.8000 -11.0200
v -8.5150 6.8000 -11.0200
v -8.5150 6.8000 -9.5800
v -8.6150 6.8000 -9.5800
f 7565 7566 7567 7568
v -8.6150 4.7000 -11.0200
v -8.5150 4.7000 -11.0200
v -8.5150 6.8000 -11.0200
v -8.6150 6.8000 -11.0200
f 7569 7570 7571 7572
v -8.5150 4.7000 -11.0200
v -8.5150 4.7000 -9.5800
v -8.5150 6.8000 -9.5800
v -8.5150 6.8000 -11.0200
f 7573 7574 7575 7576
v -8.5150 4.7000 -9.5800
v -8.6150 4.7000 -9.5800
v -8.6150 6.8000 -9.5800
v -8.5150 6.8000 -9.5800
f 7577 7578 7579 7580
v -8.6150 4.7000 -9.5800
v -8.6150 4.7000 -11.0200
v -8.6150 6.8000 -11.0200
v -8.6150 6.8000 -9.5800
f 7581 7582 7583 7584
g level_2_detail_window_glass
usemtl glass
v -8.5150 4.8400 -10.8900
v -8.5150 4.8400 -9.7100
v -8.4550 4.8400 -9.7100
v -8.4550 4.8400 -10.8900
f 7585 7586 7587 7588
v -8.5150 6.6400 -10.8900
v -8.4550 6.6400 -10.8900
v -8.4550 6.6400 -9.7100
v -8.5150 6.6400 -9.7100
f 7589 7590 7591 7592
v -8.5150 4.8400 -10.8900
v -8.4550 4.8400 -10.8900
v -8.4550 6.6400 -10.8900
v -8.5150 6.6400 -10.8900
f 7593 7594 7595 7596
v -8.4550 4.8400 -10.8900
v -8.4550 4.8400 -9.7100
v -8.4550 6.6400 -9.7100
v -8.4550 6.6400 -10.8900
f 7597 7598 7599 7600
v -8.4550 4.8400 -9.7100
v -8.5150 4.8400 -9.7100
v -8.5150 6.6400 -9.7100
v -8.4550 6.6400 -9.7100
f 7601 7602 7603 7604
v -8.5150 4.8400 -9.7100
v -8.5150 4.8400 -10.8900
v -8.5150 6.6400 -10.8900
v -8.5150 6.6400 -9.7100
f 7605 7606 7607 7608
g level_2_detail_window_mullion
usemtl frame
v -8.4450 4.8300 -10.3270
v -8.4450 4.8300 -10.2730
v -8.4050 4.8300 -10.2730
v -8.4050 4.8300 -10.3270
f 7609 7610 7611 7612
v -8.4450 6.6700 -10.3270
v -8.4050 6.6700 -10.3270
v -8.4050 6.6700 -10.2730
v -8.4450 6.6700 -10.2730
f 7613 7614 7615 7616
v -8.4450 4.8300 -10.3270
v -8.4050 4.8300 -10.3270
v -8.4050 6.6700 -10.3270
v -8.4450 6.6700 -10.3270
f 7617 7618 7619 7620
v -8.4050 4.8300 -10.3270
v -8.4050 4.8300 -10.2730
v -8.4050 6.6700 -10.2730
v -8.4050 6.6700 -10.3270
f 7621 7622 7623 7624
v -8.4050 4.8300 -10.2730
v -8.4450 4.8300 -10.2730
v -8.4450 6.6700 -10.2730
v -8.4050 6.6700 -10.2730
f 7625 7626 7627 7628
v -8.4450 4.8300 -10.2730
v -8.4450 4.8300 -10.3270
v -8.4450 6.6700 -10.3270
v -8.4450 6.6700 -10.2730
f 7629 7630 7631 7632
g level_2_detail_sill
usemtl trim
v -8.6750 4.5800 -11.1200
v -8.6750 4.5800 -9.4800
v -8.4150 4.5800 -9.4800
v -8.4150 4.5800 -11.1200
f 7633 7634 7635 7636
v -8.6750 4.7100 -11.1200
v -8.4150 4.7100 -11.1200
v -8.4150 4.7100 -9.4800
v -8.6750 4.7100 -9.4800
f 7637 7638 7639 7640
v -8.6750 4.5800 -11.1200
v -8.4150 4.5800 -11.1200
v -8.4150 4.7100 -11.1200
v -8.6750 4.7100 -11.1200
f 7641 7642 7643 7644
v -8.4150 4.5800 -11.1200
v -8.4150 4.5800 -9.4800
v -8.4150 4.7100 -9.4800
v -8.4150 4.7100 -11.1200
f 7645 7646 7647 7648
v -8.4150 4.5800 -9.4800
v -8.6750 4.5800 -9.4800
v -8.6750 4.7100 -9.4800
v -8.4150 4.7100 -9.4800
f 7649 7650 7651 7652
v -8.6750 4.5800 -9.4800
v -8.6750 4.5800 -11.1200
v -8.6750 4.7100 -11.1200
v -8.6750 4.7100 -9.4800
f 7653 7654 7655 7656
g level_2_detail_window_frame
v 8.5150 4.7000 -11.0200
v 8.5150 4.7000 -9.5800
v 8.6150 4.7000 -9.5800
v 8.6150 4.7000 -11.0200
f 7657 7658 7659 7660
v 8.5150 6.8000 -11.0200
v 8.6150 6.8000 -11.0200
v 8.6150 6.8000 -9.5800
v 8.5150 6.8000 -9.5800
f 7661 7662 7663 7664
v 8.5150 4.7000 -11.0200
v 8.6150 4.7000 -11.0200
v 8.6150 6.8000 -11.0200
v 8.5150 6.8000 -11.0200
f 7665 7666 7667 7668
v 8.6150 4.7000 -11.0200
v 8.6150 4.7000 -9.5800
v 8.6150 6.8000 -9.5800
v 8.6150 6.8000 -11.0200
f 7669 7670 7671 7672
v 8.6150 4.7000 -9.5800
v 8.5150 4.7000 -9.5800
v 8.5150 6.8000 -9.5800
v 8.6150 6.8000 -9.5800
f 7673 7674 7675 7676
v 8.5150 4.7000 -9.5800
v 8.5150 4.7000 -11.0200
v 8.5150 6.8000 -11.0200
v 8.5150 6.8000 -9.5800
f 7677 7678 7679 7680
g level_2_detail_window_glass
usemtl glass
v 8.4550 4.8400 -10.8900
v 8.4550 4.8400 -9.7100
v 8.5150 4.8400 -9.7100
v 8.5150 4.8400 -10.8900
f 7681 7682 7683 7684
v 8.4550 6.6400 -10.8900
v 8.5150 6.6400 -10.8900
v 8.5150 6.6400 -9.7100
v 8.4550 6.6400 -9.7100
f 7685 7686 7687 7688
v 8.4550 4.8400 -10.8900
v 8.5150 4.8400 -10.8900
v 8.5150 6.6400 -10.8900
v 8.4550 6.6400 -10.8900
f 7689 7690 7691 7692
v 8.5150 4.8400 -10.8900
v 8.5150 4.8400 -9.7100
v 8.5150 6.6400 -9.7100
v 8.5150 6.6400 -10.8900
f 7693 7694 7695 7696
v 8.5150 4.8400 -9.7100
v 8.4550 4.8400 -9.7100
v 8.4550 6.6400 -9.7100
v 8.5150 6.6400 -9.7100
f 7697 7698 7699 7700
v 8.4550 4.8400 -9.7100
v 8.4550 4.8400 -10.8900
v 8.4550 6.6400 -10.8900
v 8.4550 6.6400 -9.7100
f 7701 7702 7703 7704
g level_2_detail_window_mullion
usemtl frame
v 8.4150 4.8300 -10.3270
v 8.4150 4.8300 -10.2730
v 8.4550 4.8300 -10.2730
v 8.4550 4.8300 -10.3270
f 7705 7706 7707 7708
v 8.4150 6.6700 -10.3270
v 8.4550 6.6700 -10.3270
v 8.4550 6.6700 -10.2730
v 8.4150 6.6700 -10.2730
f 7709 7710 7711 7712
v 8.4150 4.8300 -10.3270
v 8.4550 4.8300 -10.3270
v 8.4550 6.6700 -10.3270
v 8.4150 6.6700 -10.3270
f 7713 7714 7715 7716
v 8.4550 4.8300 -10.3270
v 8.4550 4.8300 -10.2730
v 8.4550 6.6700 -10.2730
v 8.4550 6.6700 -10.3270
f 7717 7718 7719 7720
v 8.4550 4.8300 -10.2730
v 8.4150 4.8300 -10.2730
v 8.4150 6.6700 -10.2730
v 8.4550 6.6700 -10.2730
f 7721 7722 7723 7724
v 8.4150 4.8300 -10.2730
v 8.4150 4.8300 -10.3270
v 8.4150 6.6700 -10.3270
v 8.4150 6.6700 -10.2730
f 7725 7726 7727 7728
g level_2_detail_sill
usemtl trim
v 8.4550 4.5800 -11.1200
v 8.4550 4.5800 -9.4800
v 8.7150 4.5800 -9.4800
v 8.7150 4.5800 -11.1200
f 7729 7730 7731 7732
v 8.4550 4.7100 -11.1200
v 8.7150 4.7100 -11.1200
v 8.7150 4.7100 -9.4800
v 8.4550 4.7100 -9.4800
f 7733 7734 7735 7736
v 8.4550 4.5800 -11.1200
v 8.7150 4.5800 -11.1200
v 8.7150 4.7100 -11.1200
v 8.4550 4.7100 -11.1200
f 7737 7738 7739 7740
v 8.7150 4.5800 -11.1200
v 8.7150 4.5800 -9.4800
v 8.7150 4.7100 -9.4800
v 8.7150 4.7100 -11.1200
f 7741 7742 7743 7744
v 8.7150 4.5800 -9.4800
v 8.4550 4.5800 -9.4800
v 8.4550 4.7100 -9.4800
v 8.7150 4.7100 -9.4800
f 7745 7746 7747 7748
v 8.4550 4.5800 -9.4800
v 8.4550 4.5800 -11.1200
v 8.4550 4.7100 -11.1200
v 8.4550 4.7100 -9.4800
f 7749 7750 7751 7752
g level_2_detail_window_frame
v -8.6150 4.7000 -7.3200
v -8.6150 4.7000 -5.8800
v -8.5150 4.7000 -5.8800
v -8.5150 4.7000 -7.3200
f 7753 7754 7755 7756
v -8.6150 6.8000 -7.3200
v -8.5150 6.8000 -7.3200
v -8.5150 6.8000 -5.8800
v -8.6150 6.8000 -5.8800
f 7757 7758 7759 7760
v -8.6150 4.7000 -7.3200
v -8.5150 4.7000 -7.3200
v -8.5150 6.8000 -7.3200
v -8.6150 6.8000 -7.3200
f 7761 7762 7763 7764
v -8.5150 4.7000 -7.3200
v -8.5150 4.7000 -5.8800
v -8.5150 6.8000 -5.8800
v -8.5150 6.8000 -7.3200
f 7765 7766 7767 7768
v -8.5150 4.7000 -5.8800
v -8.6150 4.7000 -5.8800
v -8.6150 6.8000 -5.8800
v -8.5150 6.8000 -5.8800
f 7769 7770 7771 7772
v -8.6150 4.7000 -5.8800
v -8.6150 4.7000 -7.3200
v -8.6150 6.8000 -7.3200
v -8.6150 6.8000 -5.8800
f 7773 7774 7775 7776
g level_2_detail_window_glass
usemtl glass
v -8.5150 4.8400 -7.1900
v -8.5150 4.8400 -6.0100
v -8.4550 4.8400 -6.0100
v -8.4550 4.8400 -7.1900
f 7777 7778 7779 7780
v -8.5150 6.6400 -7.1900
v -8.4550 6.6400 -7.1900
v -8.4550 6.6400 -6.0100
v -8.5150 6.6400 -6.0100
f 7781 7782 7783 7784
v -8.5150 4.8400 -7.1900
v -8.4550 4.8400 -7.1900
v -8.4550 6.6400 -7.1900
v -8.5150 6.6400 -7.1900
f 7785 7786 7787 7788
v -8.4550 4.8400 -7.1900
v -8.4550 4.8400 -6.0100
v -8.4550 6.6400 -6.0100
v -8.4550 6.6400 -7.1900
f 7789 7790 7791 7792
v -8.4550 4.8400 -6.0100
v -8.5150 4.8400 -6.0100
v -8.5150 6.6400 -6.0100
v -8.4550 6.6400 -6.0100
f 7793 7794 7795 7796
v -8.5150 4.8400 -6.0100
v -8.5150 4.8400 -7.1900
v -8.5150 6.6400 -7.1900
v -8.5150 6.6400 -6.0100
f 7797 7798 7799 7800
g level_2_detail_window_mullion
usemtl frame
v -8.4450 4.8300 -6.6270
v -8.4450 4.8300 -6.5730
v -8.4050 4.8300 -6.5730
v -8.4050 4.8300 -6.6270
f 7801 7802 7803 7804
v -8.4450 6.6700 -6.6270
v -8.4050 6.6700 -6.6270
v -8.4050 6.6700 -6.5730
v -8.4450 6.6700 -6.5730
f 7805 7806 7807 7808
v -8.4450 4.8300 -6.6270
v -8.4050 4.8300 -6.6270
v -8.4050 6.6700 -6.6270
v -8.4450 6.6700 -6.6270
f 7809 7810 7811 7812
v -8.4050 4.8300 -6.6270
v -8.4050 4.8300 -6.5730
v -8.4050 6.6700 -6.5730
v -8.4050 6.6700 -6.6270
f 7813 7814 7815 7816
v -8.4050 4.8300 -6.5730
v -8.4450 4.8300 -6.5730
v -8.4450 6.6700 -6.5730
v -8.4050 6.6700 -6.5730
f 7817 7818 7819 7820
v -8.4450 4.8300 -6.5730
v -8.4450 4.8300 -6.6270
v -8.4450 6.6700 -6.6270
v -8.4450 6.6700 -6.5730
f 7821 7822 7823 7824
g level_2_detail_sill
usemtl trim
v -8.6750 4.5800 -7.4200
v -8.6750 4.5800 -5.7800
v -8.4150 4.5800 -5.7800
v -8.4150 4.5800 -7.4200
f 7825 7826 7827 7828
v -8.6750 4.7100 -7.4200
v -8.4150 4.7100 -7.4200
v -8.4150 4.7100 -5.7800
v -8.6750 4.7100 -5.7800
f 7829 7830 7831 7832
v -8.6750 4.5800 -7.4200
v -8.4150 4.5800 -7.4200
v -8.4150 4.7100 -7.4200
v -8.6750 4.7100 -7.4200
f 7833 7834 7835 7836
v -8.4150 4.5800 -7.4200
v -8.4150 4.5800 -5.7800
v -8.4150 4.7100 -5.7800
v -8.4150 4.7100 -7.4200
f 7837 7838 7839 7840
v -8.4150 4.5800 -5.7800
v -8.6750 4.5800 -5.7800
v -8.6750 4.7100 -5.7800
v -8.4150 4.7100 -5.7800
f 7841 7842 7843 7844
v -8.6750 4.5800 -5.7800
v -8.6750 4.5800 -7.4200
v -8.6750 4.7100 -7.4200
v -8.6750 4.7100 -5.7800
f 7845 7846 7847 7848
g level_2_detail_window_frame
v 8.5150 4.7000 -7.3200
v 8.5150 4.7000 -5.8800
v 8.6150 4.7000 -5.8800
v 8.6150 4.7000 -7.3200
f 7849 7850 7851 7852
v 8.5150 6.8000 -7.3200
v 8.6150 6.8000 -7.3200
v 8.6150 6.8000 -5.8800
v 8.5150 6.8000 -5.8800
f 7853 7854 7855 7856
v 8.5150 4.7000 -7.3200
v 8.6150 4.7000 -7.3200
v 8.6150 6.8000 -7.3200
v 8.5150 6.8000 -7.3200
f 7857 7858 7859 7860
v 8.6150 4.7000 -7.3200
v 8.6150 4.7000 -5.8800
v 8.6150 6.8000 -5.8800
v 8.6150 6.8000 -7.3200
f 7861 7862 7863 7864
v 8.6150 4.7000 -5.8800
v 8.5150 4.7000 -5.8800
v 8.5150 6.8000 -5.8800
v 8.6150 6.8000 -5.8800
f 7865 7866 7867 7868
v 8.5150 4.7000 -5.8800
v 8.5150 4.7000 -7.3200
v 8.5150 6.8000 -7.3200
v 8.5150 6.8000 -5.8800
f 7869 7870 7871 7872
g level_2_detail_window_glass
usemtl glass
v 8.4550 4.8400 -7.1900
v 8.4550 4.8400 -6.0100
v 8.5150 4.8400 -6.0100
v 8.5150 4.8400 -7.1900
f 7873 7874 7875 7876
v 8.4550 6.6400 -7.1900
v 8.5150 6.6400 -7.1900
v 8.5150 6.6400 -6.0100
v 8.4550 6.6400 -6.0100
f 7877 7878 7879 7880
v 8.4550 4.8400 -7.1900
v 8.5150 4.8400 -7.1900
v 8.5150 6.6400 -7.1900
v 8.4550 6.6400 -7.1900
f 7881 7882 7883 7884
v 8.5150 4.8400 -7.1900
v 8.5150 4.8400 -6.0100
v 8.5150 6.6400 -6.0100
v 8.5150 6.6400 -7.1900
f 7885 7886 7887 7888
v 8.5150 4.8400 -6.0100
v 8.4550 4.8400 -6.0100
v 8.4550 6.6400 -6.0100
v 8.5150 6.6400 -6.0100
f 7889 7890 7891 7892
v 8.4550 4.8400 -6.0100
v 8.4550 4.8400 -7.1900
v 8.4550 6.6400 -7.1900
v 8.4550 6.6400 -6.0100
f 7893 7894 7895 7896
g level_2_detail_window_mullion
usemtl frame
v 8.4150 4.8300 -6.6270
v 8.4150 4.8300 -6.5730
v 8.4550 4.8300 -6.5730
v 8.4550 4.8300 -6.6270
f 7897 7898 7899 7900
v 8.4150 6.6700 -6.6270
v 8.4550 6.6700 -6.6270
v 8.4550 6.6700 -6.5730
v 8.4150 6.6700 -6.5730
f 7901 7902 7903 7904
v 8.4150 4.8300 -6.6270
v 8.4550 4.8300 -6.6270
v 8.4550 6.6700 -6.6270
v 8.4150 6.6700 -6.6270
f 7905 7906 7907 7908
v 8.4550 4.8300 -6.6270
v 8.4550 4.8300 -6.5730
v 8.4550 6.6700 -6.5730
v 8.4550 6.6700 -6.6270
f 7909 7910 7911 7912
v 8.4550 4.8300 -6.5730
v 8.4150 4.8300 -6.5730
v 8.4150 6.6700 -6.5730
v 8.4550 6.6700 -6.5730
f 7913 7914 7915 7916
v 8.4150 4.8300 -6.5730
v 8.4150 4.8300 -6.6270
v 8.4150 6.6700 -6.6270
v 8.4150 6.6700 -6.5730
f 7917 7918 7919 7920
g level_2_detail_sill
usemtl trim
v 8.4550 4.5800 -7.4200
v 8.4550 4.5800 -5.7800
v 8.7150 4.5800 -5.7800
v 8.7150 4.5800 -7.4200
f 7921 7922 7923 7924
v 8.4550 4.7100 -7.4200
v 8.7150 4.7100 -7.4200
v 8.7150 4.7100 -5.7800
v 8.4550 4.7100 -5.7800
f 7925 7926 7927 7928
v 8.4550 4.5800 -7.4200
v 8.7150 4.5800 -7.4200
v 8.7150 4.7100 -7.4200
v 8.4550 4.7100 -7.4200
f 7929 7930 7931 7932
v 8.7150 4.5800 -7.4200
v 8.7150 4.5800 -5.7800
v 8.7150 4.7100 -5.7800
v 8.7150 4.7100 -7.4200
f 7933 7934 7935 7936
v 8.7150 4.5800 -5.7800
v 8.4550 4.5800 -5.7800
v 8.4550 4.7100 -5.7800
v 8.7150 4.7100 -5.7800
f 7937 7938 7939 7940
v 8.4550 4.5800 -5.7800
v 8.4550 4.5800 -7.4200
v 8.4550 4.7100 -7.4200
v 8.4550 4.7100 -5.7800
f 7941 7942 7943 7944
g level_2_detail_window_frame
v -8.6150 4.7000 -3.6200
v -8.6150 4.7000 -2.1800
v -8.5150 4.7000 -2.1800
v -8.5150 4.7000 -3.6200
f 7945 7946 7947 7948
v -8.6150 6.8000 -3.6200
v -8.5150 6.8000 -3.6200
v -8.5150 6.8000 -2.1800
v -8.6150 6.8000 -2.1800
f 7949 7950 7951 7952
v -8.6150 4.7000 -3.6200
v -8.5150 4.7000 -3.6200
v -8.5150 6.8000 -3.6200
v -8.6150 6.8000 -3.6200
f 7953 7954 7955 7956
v -8.5150 4.7000 -3.6200
v -8.5150 4.7000 -2.1800
v -8.5150 6.8000 -2.1800
v -8.5150 6.8000 -3.6200
f 7957 7958 7959 7960
v -8.5150 4.7000 -2.1800
v -8.6150 4.7000 -2.1800
v -8.6150 6.8000 -2.1800
v -8.5150 6.8000 -2.1800
f 7961 7962 7963 7964
v -8.6150 4.7000 -2.1800
v -8.6150 4.7000 -3.6200
v -8.6150 6.8000 -3.6200
v -8.6150 6.8000 -2.1800
f 7965 7966 7967 7968
g level_2_detail_window_glass
usemtl glass
v -8.5150 4.8400 -3.4900
v -8.5150 4.8400 -2.3100
v -8.4550 4.8400 -2.3100
v -8.4550 4.8400 -3.4900
f 7969 7970 7971 7972
v -8.5150 6.6400 -3.4900
v -8.4550 6.6400 -3.4900
v -8.4550 6.6400 -2.3100
v -8.5150 6.6400 -2.3100
f 7973 7974 7975 7976
v -8.5150 4.8400 -3.4900
v -8.4550 4.8400 -3.4900
v -8.4550 6.6400 -3.4900
v -8.5150 6.6400 -3.4900
f 7977 7978 7979 7980
v -8.4550 4.8400 -3.4900
v -8.4550 4.8400 -2.3100
v -8.4550 6.6400 -2.3100
v -8.4550 6.6400 -3.4900
f 7981 7982 7983 7984
v -8.4550 4.8400 -2.3100
v -8.5150 4.8400 -2.3100
v -8.5150 6.6400 -2.3100
v -8.4550 6.6400 -2.3100
f 7985 7986 7987 7988
v -8.5150 4.8400 -2.3100
v -8.5150 4.8400 -3.4900
v -8.5150 6.6400 -3.4900
v -8.5150 6.6400 -2.3100
f 7989 7990 7991 7992
g level_2_detail_window_mullion
usemtl frame
v -8.4450 4.8300 -2.9270
v -8.4450 4.8300 -2.8730
v -8.4050 4.8300 -2.8730
v -8.4050 4.8300 -2.9270
f 7993 7994 7995 7996
v -8.4450 6.6700 -2.9270
v -8.4050 6.6700 -2.9270
v -8.4050 6.6700 -2.8730
v -8.4450 6.6700 -2.8730
f 7997 7998 7999 8000
v -8.4450 4.8300 -2.9270
v -8.4050 4.8300 -2.9270
v -8.4050 6.6700 -2.9270
v -8.4450 6.6700 -2.9270
f 8001 8002 8003 8004
v -8.4050 4.8300 -2.9270
v -8.4050 4.8300 -2.8730
v -8.4050 6.6700 -2.8730
v -8.4050 6.6700 -2.9270
f 8005 8006 8007 8008
v -8.4050 4.8300 -2.8730
v -8.4450 4.8300 -2.8730
v -8.4450 6.6700 -2.8730
v -8.4050 6.6700 -2.8730
f 8009 8010 8011 8012
v -8.4450 4.8300 -2.8730
v -8.4450 4.8300 -2.9270
v -8.4450 6.6700 -2.9270
v -8.4450 6.6700 -2.8730
f 8013 8014 8015 8016
g level_2_detail_sill
usemtl trim
v -8.6750 4.5800 -3.7200
v -8.6750 4.5800 -2.0800
v -8.4150 4.5800 -2.0800
v -8.4150 4.5800 -3.7200
f 8017 8018 8019 8020
v -8.6750 4.7100 -3.7200
v -8.4150 4.7100 -3.7200
v -8.4150 4.7100 -2.0800
v -8.6750 4.7100 -2.0800
f 8021 8022 8023 8024
v -8.6750 4.5800 -3.7200
v -8.4150 4.5800 -3.7200
v -8.4150 4.7100 -3.7200
v -8.6750 4.7100 -3.7200
f 8025 8026 8027 8028
v -8.4150 4.5800 -3.7200
v -8.4150 4.5800 -2.0800
v -8.4150 4.7100 -2.0800
v -8.4150 4.7100 -3.7200
f 8029 8030 8031 8032
v -8.4150 4.5800 -2.0800
v -8.6750 4.5800 -2.0800
v -8.6750 4.7100 -2.0800
v -8.4150 4.7100 -2.0800
f 8033 8034 8035 8036
v -8.6750 4.5800 -2.0800
v -8.6750 4.5800 -3.7200
v -8.6750 4.7100 -3.7200
v -8.6750 4.7100 -2.0800
f 8037 8038 8039 8040
g level_2_detail_window_frame
v 8.5150 4.7000 -3.6200
v 8.5150 4.7000 -2.1800
v 8.6150 4.7000 -2.1800
v 8.6150 4.7000 -3.6200
f 8041 8042 8043 8044
v 8.5150 6.8000 -3.6200
v 8.6150 6.8000 -3.6200
v 8.6150 6.8000 -2.1800
v 8.5150 6.8000 -2.1800
f 8045 8046 8047 8048
v 8.5150 4.7000 -3.6200
v 8.6150 4.7000 -3.6200
v 8.6150 6.8000 -3.6200
v 8.5150 6.8000 -3.6200
f 8049 8050 8051 8052
v 8.6150 4.7000 -3.6200
v 8.6150 4.7000 -2.1800
v 8.6150 6.8000 -2.1800
v 8.6150 6.8000 -3.6200
f 8053 8054 8055 8056
v 8.6150 4.7000 -2.1800
v 8.5150 4.7000 -2.1800
v 8.5150 6.8000 -2.1800
v 8.6150 6.8000 -2.1800
f 8057 8058 8059 8060
v 8.5150 4.7000 -2.1800
v 8.5150 4.7000 -3.6200
v 8.5150 6.8000 -3.6200
v 8.5150 6.8000 -2.1800
f 8061 8062 8063 8064
g level_2_detail_window_glass
usemtl glass
v 8.4550 4.8400 -3.4900
v 8.4550 4.8400 -2.3100
v 8.5150 4.8400 -2.3100
v 8.5150 4.8400 -3.4900
f 8065 8066 8067 8068
v 8.4550 6.6400 -3.4900
v 8.5150 6.6400 -3.4900
v 8.5150 6.6400 -2.3100
v 8.4550 6.6400 -2.3100
f 8069 8070 8071 8072
v 8.4550 4.8400 -3.4900
v 8.5150 4.8400 -3.4900
v 8.5150 6.6400 -3.4900
v 8.4550 6.6400 -3.4900
f 8073 8074 8075 8076
v 8.5150 4.8400 -3.4900
v 8.5150 4.8400 -2.3100
v 8.5150 6.6400 -2.3100
v 8.5150 6.6400 -3.4900
f 8077 8078 8079 8080
v 8.5150 4.8400 -2.3100
v 8.4550 4.8400 -2.3100
v 8.4550 6.6400 -2.3100
v 8.5150 6.6400 -2.3100
f 8081 8082 8083 8084
v 8.4550 4.8400 -2.3100
v 8.4550 4.8400 -3.4900
v 8.4550 6.6400 -3.4900
v 8.4550 6.6400 -2.3100
f 8085 8086 8087 8088
g level_2_detail_window_mullion
usemtl frame
v 8.4150 4.8300 -2.9270
v 8.4150 4.8300 -2.8730
v 8.4550 4.8300 -2.8730
v 8.4550 4.8300 -2.9270
f 8089 8090 8091 8092
v 8.4150 6.6700 -2.9270
v 8.4550 6.6700 -2.9270
v 8.4550 6.6700 -2.8730
v 8.4150 6.6700 -2.8730
f 8093 8094 8095 8096
v 8.4150 4.8300 -2.9270
v 8.4550 4.8300 -2.9270
v 8.4550 6.6700 -2.9270
v 8.4150 6.6700 -2.9270
f 8097 8098 8099 8100
v 8.4550 4.8300 -2.9270
v 8.4550 4.8300 -2.8730
v 8.4550 6.6700 -2.8730
v 8.4550 6.6700 -2.9270
f 8101 8102 8103 8104
v 8.4550 4.8300 -2.8730
v 8.4150 4.8300 -2.8730
v 8.4150 6.6700 -2.8730
v 8.4550 6.6700 -2.8730
f 8105 8106 8107 8108
v 8.4150 4.8300 -2.8730
v 8.4150 4.8300 -2.9270
v 8.4150 6.6700 -2.9270
v 8.4150 6.6700 -2.8730
f 8109 8110 8111 8112
g level_2_detail_sill
usemtl trim
v 8.4550 4.5800 -3.7200
v 8.4550 4.5800 -2.0800
v 8.7150 4.5800 -2.0800
v 8.7150 4.5800 -3.7200
f 8113 8114 8115 8116
v 8.4550 4.7100 -3.7200
v 8.7150 4.7100 -3.7200
v 8.7150 4.7100 -2.0800
v 8.4550 4.7100 -2.0800
f 8117 8118 8119 8120
v 8.4550 4.5800 -3.7200
v 8.7150 4.5800 -3.7200
v 8.7150 4.7100 -3.7200
v 8.4550 4.7100 -3.7200
f 8121 8122 8123 8124
v 8.7150 4.5800 -3.7200
v 8.7150 4.5800 -2.0800
v 8.7150 4.7100 -2.0800
v 8.7150 4.7100 -3.7200
f 8125 8126 8127 8128
v 8.7150 4.5800 -2.0800
v 8.4550 4.5800 -2.0800
v 8.4550 4.7100 -2.0800
v 8.7150 4.7100 -2.0800
f 8129 8130 8131 8132
v 8.4550 4.5800 -2.0800
v 8.4550 4.5800 -3.7200
v 8.4550 4.7100 -3.7200
v 8.4550 4.7100 -2.0800
f 8133 8134 8135 8136
g level_2_detail_window_frame
v -8.6150 4.7000 0.0800
v -8.6150 4.7000 1.5200
v -8.5150 4.7000 1.5200
v -8.5150 4.7000 0.0800
f 8137 8138 8139 8140
v -8.6150 6.8000 0.0800
v -8.5150 6.8000 0.0800
v -8.5150 6.8000 1.5200
v -8.6150 6.8000 1.5200
f 8141 8142 8143 8144
v -8.6150 4.7000 0.0800
v -8.5150 4.7000 0.0800
v -8.5150 6.8000 0.0800
v -8.6150 6.8000 0.0800
f 8145 8146 8147 8148
v -8.5150 4.7000 0.0800
v -8.5150 4.7000 1.5200
v -8.5150 6.8000 1.5200
v -8.5150 6.8000 0.0800
f 8149 8150 8151 8152
v -8.5150 4.7000 1.5200
v -8.6150 4.7000 1.5200
v -8.6150 6.8000 1.5200
v -8.5150 6.8000 1.5200
f 8153 8154 8155 8156
v -8.6150 4.7000 1.5200
v -8.6150 4.7000 0.0800
v -8.6150 6.8000 0.0800
v -8.6150 6.8000 1.5200
f 8157 8158 8159 8160
g level_2_detail_window_glass
usemtl glass
v -8.5150 4.8400 0.2100
v -8.5150 4.8400 1.3900
v -8.4550 4.8400 1.3900
v -8.4550 4.8400 0.2100
f 8161 8162 8163 8164
v -8.5150 6.6400 0.2100
v -8.4550 6.6400 0.2100
v -8.4550 6.6400 1.3900
v -8.5150 6.6400 1.3900
f 8165 8166 8167 8168
v -8.5150 4.8400 0.2100
v -8.4550 4.8400 0.2100
v -8.4550 6.6400 0.2100
v -8.5150 6.6400 0.2100
f 8169 8170 8171 8172
v -8.4550 4.8400 0.2100
v -8.4550 4.8400 1.3900
v -8.4550 6.6400 1.3900
v -8.4550 6.6400 0.2100
f 8173 8174 8175 8176
v -8.4550 4.8400 1.3900
v -8.5150 4.8400 1.3900
v -8.5150 6.6400 1.3900
v -8.4550 6.6400 1.3900
f 8177 8178 8179 8180
v -8.5150 4.8400 1.3900
v -8.5150 4.8400 0.2100
v -8.5150 6.6400 0.2100
v -8.5150 6.6400 1.3900
f 8181 8182 8183 8184
g level_2_detail_window_mullion
usemtl frame
v -8.4450 4.8300 0.7730
v -8.4450 4.8300 0.8270
v -8.4050 4.8300 0.8270
v -8.4050 4.8300 0.7730
f 8185 8186 8187 8188
v -8.4450 6.6700 0.7730
v -8.4050 6.6700 0.7730
v -8.4050 6.6700 0.8270
v -8.4450 6.6700 0.8270
f 8189 8190 8191 8192
v -8.4450 4.8300 0.7730
v -8.4050 4.8300 0.7730
v -8.4050 6.6700 0.7730
v -8.4450 6.6700 0.7730
f 8193 8194 8195 8196
v -8.4050 4.8300 0.7730
v -8.4050 4.8300 0.8270
v -8.4050 6.6700 0.8270
v -8.4050 6.6700 0.7730
f 8197 8198 8199 8200
v -8.4050 4.8300 0.8270
v -8.4450 4.8300 0.8270
v -8.4450 6.6700 0.8270
v -8.4050 6.6700 0.8270
f 8201 8202 8203 8204
v -8.4450 4.8300 0.8270
v -8.4450 4.8300 0.7730
v -8.4450 6.6700 0.7730
v -8.4450 6.6700 0.8270
f 8205 8206 8207 8208
g level_2_detail_sill
usemtl trim
v -8.6750 4.5800 -0.0200
v -8.6750 4.5800 1.6200
v -8.4150 4.5800 1.6200
v -8.4150 4.5800 -0.0200
f 8209 8210 8211 8212
v -8.6750 4.7100 -0.0200
v -8.4150 4.7100 -0.0200
v -8.4150 4.7100 1.6200
v -8.6750 4.7100 1.6200
f 8213 8214 8215 8216
v -8.6750 4.5800 -0.0200
v -8.4150 4.5800 -0.0200
v -8.4150 4.7100 -0.0200
v -8.6750 4.7100 -0.0200
f 8217 8218 8219 8220
v -8.4150 4.5800 -0.0200
v -8.4150 4.5800 1.6200
v -8.4150 4.7100 1.6200
v -8.4150 4.7100 -0.0200
f 8221 8222 8223 8224
v -8.4150 4.5800 1.6200
v -8.6750 4.5800 1.6200
v -8.6750 4.7100 1.6200
v -8.4150 4.7100 1.6200
f 8225 8226 8227 8228
v -8.6750 4.5800 1.6200
v -8.6750 4.5800 -0.0200
v -8.6750 4.7100 -0.0200
v -8.6750 4.7100 1.6200
f 8229 8230 8231 8232
g level_2_detail_window_frame
v 8.5150 4.7000 0.0800
v 8.5150 4.7000 1.5200
v 8.6150 4.7000 1.5200
v 8.6150 4.7000 0.0800
f 8233 8234 8235 8236
v 8.5150 6.8000 0.0800
v 8.6150 6.8000 0.0800
v 8.6150 6.8000 1.5200
v 8.5150 6.8000 1.5200
f 8237 8238 8239 8240
v 8.5150 4.7000 0.0800
v 8.6150 4.7000 0.0800
v 8.6150 6.8000 0.0800
v 8.5150 6.8000 0.0800
f 8241 8242 8243 8244
v 8.6150 4.7000 0.0800
v 8.6150 4.7000 1.5200
v 8.6150 6.8000 1.5200
v 8.6150 6.8000 0.0800
f 8245 8246 8247 8248
v 8.6150 4.7000 1.5200
v 8.5150 4.7000 1.5200
v 8.5150 6.8000 1.5200
v 8.6150 6.8000 1.5200
f 8249 8250 8251 8252
v 8.5150 4.7000 1.5200
v 8.5150 4.7000 0.0800
v 8.5150 6.8000 0.0800
v 8.5150 6.8000 1.5200
f 8253 8254 8255 8256
g level_2_detail_window_glass
usemtl glass
v 8.4550 4.8400 0.2100
v 8.4550 4.8400 1.3900
v 8.5150 4.8400 1.3900
v 8.5150 4.8400 0.2100
f 8257 8258 8259 8260
v 8.4550 6.6400 0.2100
v 8.5150 6.6400 0.2100
v 8.5150 6.6400 1.3900
v 8.4550 6.6400 1.3900
f 8261 8262 8263 8264
v 8.4550 4.8400 0.2100
v 8.5150 4.8400 0.2100
v 8.5150 6.6400 0.2100
v 8.4550 6.6400 0.2100
f 8265 8266 8267 8268
v 8.5150 4.8400 0.2100
v 8.5150 4.8400 1.3900
v 8.5150 6.6400 1.3900
v 8.5150 6.6400 0.2100
f 8269 8270 8271 8272
v 8.5150 4.8400 1.3900
v 8.4550 4.8400 1.3900
v 8.4550 6.6400 1.3900
v 8.5150 6.6400 1.3900
f 8273 8274 8275 8276
v 8.4550 4.8400 1.3900
v 8.4550 4.8400 0.2100
v 8.4550 6.6400 0.2100
v 8.4550 6.6400 1.3900
f 8277 8278 8279 8280
g level_2_detail_window_mullion
usemtl frame
v 8.4150 4.8300 0.7730
v 8.4150 4.8300 0.8270
v 8.4550 4.8300 0.8270
v 8.4550 4.8300 0.7730
f 8281 8282 8283 8284
v 8.4150 6.6700 0.7730
v 8.4550 6.6700 0.7730
v 8.4550 6.6700 0.8270
v 8.4150 6.6700 0.8270
f 8285 8286 8287 8288
v 8.4150 4.8300 0.7730
v 8.4550 4.8300 0.7730
v 8.4550 6.6700 0.7730
v 8.4150 6.6700 0.7730
f 8289 8290 8291 8292
v 8.4550 4.8300 0.7730
v 8.4550 4.8300 0.8270
v 8.4550 6.6700 0.8270
v 8.4550 6.6700 0.7730
f 8293 8294 8295 8296
v 8.4550 4.8300 0.8270
v 8.4150 4.8300 0.8270
v 8.4150 6.6700 0.8270
v 8.4550 6.6700 0.8270
f 8297 8298 8299 8300
v 8.4150 4.8300 0.8270
v 8.4150 4.8300 0.7730
v 8.4150 6.6700 0.7730
v 8.4150 6.6700 0.8270
f 8301 8302 8303 8304
g level_2_detail_sill
usemtl trim
v 8.4550 4.5800 -0.0200
v 8.4550 4.5800 1.6200
v 8.7150 4.5800 1.6200
v 8.7150 4.5800 -0.0200
f 8305 8306 8307 8308
v 8.4550 4.7100 -0.0200
v 8.7150 4.7100 -0.0200
v 8.7150 4.7100 1.6200
v 8.4550 4.7100 1.6200
f 8309 8310 8311 8312
v 8.4550 4.5800 -0.0200
v 8.7150 4.5800 -0.0200
v 8.7150 4.7100 -0.0200
v 8.4550 4.7100 -0.0200
f 8313 8314 8315 8316
v 8.7150 4.5800 -0.0200
v 8.7150 4.5800 1.6200
v 8.7150 4.7100 1.6200
v 8.7150 4.7100 -0.0200
f 8317 8318 8319 8320
v 8.7150 4.5800 1.6200
v 8.4550 4.5800 1.6200
v 8.4550 4.7100 1.6200
v 8.7150 4.7100 1.6200
f 8321 8322 8323 8324
v 8.4550 4.5800 1.6200
v 8.4550 4.5800 -0.0200
v 8.4550 4.7100 -0.0200
v 8.4550 4.7100 1.6200
f 8325 8326 8327 8328
g level_2_detail_window_frame
v -7.4200 4.7000 2.4950
v -7.4200 4.7000 2.5950
v -5.9800 4.7000 2.5950
v -5.9800 4.7000 2.4950
f 8329 8330 8331 8332
v -7.4200 6.8000 2.4950
v -5.9800 6.8000 2.4950
v -5.9800 6.8000 2.5950
v -7.4200 6.8000 2.5950
f 8333 8334 8335 8336
v -7.4200 4.7000 2.4950
v -5.9800 4.7000 2.4950
v -5.9800 6.8000 2.4950
v -7.4200 6.8000 2.4950
f 8337 8338 8339 8340
v -5.9800 4.7000 2.4950
v -5.9800 4.7000 2.5950
v -5.9800 6.8000 2.5950
v -5.9800 6.8000 2.4950
f 8341 8342 8343 8344
v -5.9800 4.7000 2.5950
v -7.4200 4.7000 2.5950
v -7.4200 6.8000 2.5950
v -5.9800 6.8000 2.5950
f 8345 8346 8347 8348
v -7.4200 4.7000 2.5950
v -7.4200 4.7000 2.4950
v -7.4200 6.8000 2.4950
v -7.4200 6.8000 2.5950
f 8349 8350 8351 8352
g level_2_detail_window_glass
usemtl glass
v -7.2900 4.8400 2.4250
v -7.2900 4.8400 2.4850
v -6.1100 4.8400 2.4850
v -6.1100 4.8400 2.4250
f 8353 8354 8355 8356
v -7.2900 6.6400 2.4250
v -6.1100 6.6400 2.4250
v -6.1100 6.6400 2.4850
v -7.2900 6.6400 2.4850
f 8357 8358 8359 8360
v -7.2900 4.8400 2.4250
v -6.1100 4.8400 2.4250
v -6.1100 6.6400 2.4250
v -7.2900 6.6400 2.4250
f 8361 8362 8363 8364
v -6.1100 4.8400 2.4250
v -6.1100 4.8400 2.4850
v -6.1100 6.6400 2.4850
v -6.1100 6.6400 2.4250
f 8365 8366 8367 8368
v -6.1100 4.8400 2.4850
v -7.2900 4.8400 2.4850
v -7.2900 6.6400 2.4850
v -6.1100 6.6400 2.4850
f 8369 8370 8371 8372
v -7.2900 4.8400 2.4850
v -7.2900 4.8400 2.4250
v -7.2900 6.6400 2.4250
v -7.2900 6.6400 2.4850
f 8373 8374 8375 8376
g level_2_detail_window_mullion
usemtl frame
v -6.7270 4.8300 2.3650
v -6.7270 4.8300 2.4100
v -6.6730 4.8300 2.4100
v -6.6730 4.8300 2.3650
f 8377 8378 8379 8380
v -6.7270 6.6700 2.3650
v -6.6730 6.6700 2.3650
v -6.6730 6.6700 2.4100
v -6.7270 6.6700 2.4100
f 8381 8382 8383 8384
v -6.7270 4.8300 2.3650
v -6.6730 4.8300 2.3650
v -6.6730 6.6700 2.3650
v -6.7270 6.6700 2.3650
f 8385 8386 8387 8388
v -6.6730 4.8300 2.3650
v -6.6730 4.8300 2.4100
v -6.6730 6.6700 2.4100
v -6.6730 6.6700 2.3650
f 8389 8390 8391 8392
v -6.6730 4.8300 2.4100
v -6.7270 4.8300 2.4100
v -6.7270 6.6700 2.4100
v -6.6730 6.6700 2.4100
f 8393 8394 8395 8396
v -6.7270 4.8300 2.4100
v -6.7270 4.8300 2.3650
v -6.7270 6.6700 2.3650
v -6.7270 6.6700 2.4100
f 8397 8398 8399 8400
g level_2_detail_window_transom
v -7.3100 5.8800 2.3650
v -7.3100 5.8800 2.4100
v -6.0900 5.8800 2.4100
v -6.0900 5.8800 2.3650
f 8401 8402 8403 8404
v -7.3100 5.9300 2.3650
v -6.0900 5.9300 2.3650
v -6.0900 5.9300 2.4100
v -7.3100 5.9300 2.4100
f 8405 8406 8407 8408
v -7.3100 5.8800 2.3650
v -6.0900 5.8800 2.3650
v -6.0900 5.9300 2.3650
v -7.3100 5.9300 2.3650
f 8409 8410 8411 8412
v -6.0900 5.8800 2.3650
v -6.0900 5.8800 2.4100
v -6.0900 5.9300 2.4100
v -6.0900 5.9300 2.3650
f 8413 8414 8415 8416
v -6.0900 5.8800 2.4100
v -7.3100 5.8800 2.4100
v -7.3100 5.9300 2.4100
v -6.0900 5.9300 2.4100
f 8417 8418 8419 8420
v -7.3100 5.8800 2.4100
v -7.3100 5.8800 2.3650
v -7.3100 5.9300 2.3650
v -7.3100 5.9300 2.4100
f 8421 8422 8423 8424
g level_2_detail_sill
usemtl trim
v -7.5300 4.5800 2.4250
v -7.5300 4.5800 2.6850
v -5.8700 4.5800 2.6850
v -5.8700 4.5800 2.4250
f 8425 8426 8427 8428
v -7.5300 4.7100 2.4250
v -5.8700 4.7100 2.4250
v -5.8700 4.7100 2.6850
v -7.5300 4.7100 2.6850
f 8429 8430 8431 8432
v -7.5300 4.5800 2.4250
v -5.8700 4.5800 2.4250
v -5.8700 4.7100 2.4250
v -7.5300 4.7100 2.4250
f 8433 8434 8435 8436
v -5.8700 4.5800 2.4250
v -5.8700 4.5800 2.6850
v -5.8700 4.7100 2.6850
v -5.8700 4.7100 2.4250
f 8437 8438 8439 8440
v -5.8700 4.5800 2.6850
v -7.5300 4.5800 2.6850
v -7.5300 4.7100 2.6850
v -5.8700 4.7100 2.6850
f 8441 8442 8443 8444
v -7.5300 4.5800 2.6850
v -7.5300 4.5800 2.4250
v -7.5300 4.7100 2.4250
v -7.5300 4.7100 2.6850
f 8445 8446 8447 8448
g level_2_detail_window_frame
v -4.0700 4.7000 2.4950
v -4.0700 4.7000 2.5950
v -2.6300 4.7000 2.5950
v -2.6300 4.7000 2.4950
f 8449 8450 8451 8452
v -4.0700 6.8000 2.4950
v -2.6300 6.8000 2.4950
v -2.6300 6.8000 2.5950
v -4.0700 6.8000 2.5950
f 8453 8454 8455 8456
v -4.0700 4.7000 2.4950
v -2.6300 4.7000 2.4950
v -2.6300 6.8000 2.4950
v -4.0700 6.8000 2.4950
f 8457 8458 8459 8460
v -2.6300 4.7000 2.4950
v -2.6300 4.7000 2.5950
v -2.6300 6.8000 2.5950
v -2.6300 6.8000 2.4950
f 8461 8462 8463 8464
v -2.6300 4.7000 2.5950
v -4.0700 4.7000 2.5950
v -4.0700 6.8000 2.5950
v -2.6300 6.8000 2.5950
f 8465 8466 8467 8468
v -4.0700 4.7000 2.5950
v -4.0700 4.7000 2.4950
v -4.0700 6.8000 2.4950
v -4.0700 6.8000 2.5950
f 8469 8470 8471 8472
g level_2_detail_window_glass
usemtl glass
v -3.9400 4.8400 2.4250
v -3.9400 4.8400 2.4850
v -2.7600 4.8400 2.4850
v -2.7600 4.8400 2.4250
f 8473 8474 8475 8476
v -3.9400 6.6400 2.4250
v -2.7600 6.6400 2.4250
v -2.7600 6.6400 2.4850
v -3.9400 6.6400 2.4850
f 8477 8478 8479 8480
v -3.9400 4.8400 2.4250
v -2.7600 4.8400 2.4250
v -2.7600 6.6400 2.4250
v -3.9400 6.6400 2.4250
f 8481 8482 8483 8484
v -2.7600 4.8400 2.4250
v -2.7600 4.8400 2.4850
v -2.7600 6.6400 2.4850
v -2.7600 6.6400 2.4250
f 8485 8486 8487 8488
v -2.7600 4.8400 2.4850
v -3.9400 4.8400 2.4850
v -3.9400 6.6400 2.4850
v -2.7600 6.6400 2.4850
f 8489 8490 8491 8492
v -3.9400 4.8400 2.4850
v -3.9400 4.8400 2.4250
v -3.9400 6.6400 2.4250
v -3.9400 6.6400 2.4850
f 8493 8494 8495 8496
g level_2_detail_window_mullion
usemtl frame
v -3.3770 4.8300 2.3650
v -3.3770 4.8300 2.4100
v -3.3230 4.8300 2.4100
v -3.3230 4.8300 2.3650
f 8497 8498 8499 8500
v -3.3770 6.6700 2.3650
v -3.3230 6.6700 2.3650
v -3.3230 6.6700 2.4100
v -3.3770 6.6700 2.4100
f 8501 8502 8503 8504
v -3.3770 4.8300 2.3650
v -3.3230 4.8300 2.3650
v -3.3230 6.6700 2.3650
v -3.3770 6.6700 2.3650
f 8505 8506 8507 8508
v -3.3230 4.8300 2.3650
v -3.3230 4.8300 2.4100
v -3.3230 6.6700 2.4100
v -3.3230 6.6700 2.3650
f 8509 8510 8511 8512
v -3.3230 4.8300 2.4100
v -3.3770 4.8300 2.4100
v -3.3770 6.6700 2.4100
v -3.3230 6.6700 2.4100
f 8513 8514 8515 8516
v -3.3770 4.8300 2.4100
v -3.3770 4.8300 2.3650
v -3.3770 6.6700 2.3650
v -3.3770 6.6700 2.4100
f 8517 8518 8519 8520
g level_2_detail_window_transom
v -3.9600 5.8800 2.3650
v -3.9600 5.8800 2.4100
v -2.7400 5.8800 2.4100
v -2.7400 5.8800 2.3650
f 8521 8522 8523 8524
v -3.9600 5.9300 2.3650
v -2.7400 5.9300 2.3650
v -2.7400 5.9300 2.4100
v -3.9600 5.9300 2.4100
f 8525 8526 8527 8528
v -3.9600 5.8800 2.3650
v -2.7400 5.8800 2.3650
v -2.7400 5.9300 2.3650
v -3.9600 5.9300 2.3650
f 8529 8530 8531 8532
v -2.7400 5.8800 2.3650
v -2.7400 5.8800 2.4100
v -2.7400 5.9300 2.4100
v -2.7400 5.9300 2.3650
f 8533 8534 8535 8536
v -2.7400 5.8800 2.4100
v -3.9600 5.8800 2.4100
v -3.9600 5.9300 2.4100
v -2.7400 5.9300 2.4100
f 8537 8538 8539 8540
v -3.9600 5.8800 2.4100
v -3.9600 5.8800 2.3650
v -3.9600 5.9300 2.3650
v -3.9600 5.9300 2.4100
f 8541 8542 8543 8544
g level_2_detail_sill
usemtl trim
v -4.1800 4.5800 2.4250
v -4.1800 4.5800 2.6850
v -2.5200 4.5800 2.6850
v -2.5200 4.5800 2.4250
f 8545 8546 8547 8548
v -4.1800 4.7100 2.4250
v -2.5200 4.7100 2.4250
v -2.5200 4.7100 2.6850
v -4.1800 4.7100 2.6850
f 8549 8550 8551 8552
v -4.1800 4.5800 2.4250
v -2.5200 4.5800 2.4250
v -2.5200 4.7100 2.4250
v -4.1800 4.7100 2.4250
f 8553 8554 8555 8556
v -2.5200 4.5800 2.4250
v -2.5200 4.5800 2.6850
v -2.5200 4.7100 2.6850
v -2.5200 4.7100 2.4250
f 8557 8558 8559 8560
v -2.5200 4.5800 2.6850
v -4.1800 4.5800 2.6850
v -4.1800 4.7100 2.6850
v -2.5200 4.7100 2.6850
f 8561 8562 8563 8564
v -4.1800 4.5800 2.6850
v -4.1800 4.5800 2.4250
v -4.1800 4.7100 2.4250
v -4.1800 4.7100 2.6850
f 8565 8566 8567 8568
g level_2_detail_window_frame
v -0.7200 4.7000 2.4950
v -0.7200 4.7000 2.5950
v 0.7200 4.7000 2.5950
v 0.7200 4.7000 2.4950
f 8569 8570 8571 8572
v -0.7200 6.8000 2.4950
v 0.7200 6.8000 2.4950
v 0.7200 6.8000 2.5950
v -0.7200 6.8000 2.5950
f 8573 8574 8575 8576
v -0.7200 4.7000 2.4950
v 0.7200 4.7000 2.4950
v 0.7200 6.8000 2.4950
v -0.7200 6.8000 2.4950
f 8577 8578 8579 8580
v 0.7200 4.7000 2.4950
v 0.7200 4.7000 2.5950
v 0.7200 6.8000 2.5950
v 0.7200 6.8000 2.4950
f 8581 8582 8583 8584
v 0.7200 4.7000 2.5950
v -0.7200 4.7000 2.5950
v -0.7200 6.8000 2.5950
v 0.7200 6.8000 2.5950
f 8585 8586 8587 8588
v -0.7200 4.7000 2.5950
v -0.7200 4.7000 2.4950
v -0.7200 6.8000 2.4950
v -0.7200 6.8000 2.5950
f 8589 8590 8591 8592
g level_2_detail_window_glass
usemtl glass
v -0.5900 4.8400 2.4250
v -0.5900 4.8400 2.4850
v 0.5900 4.8400 2.4850
v 0.5900 4.8400 2.4250
f 8593 8594 8595 8596
v -0.5900 6.6400 2.4250
v 0.5900 6.6400 2.4250
v 0.5900 6.6400 2.4850
v -0.5900 6.6400 2.4850
f 8597 8598 8599 8600
v -0.5900 4.8400 2.4250
v 0.5900 4.8400 2.4250
v 0.5900 6.6400 2.4250
v -0.5900 6.6400 2.4250
f 8601 8602 8603 8604
v 0.5900 4.8400 2.4250
v 0.5900 4.8400 2.4850
v 0.5900 6.6400 2.4850
v 0.5900 6.6400 2.4250
f 8605 8606 8607 8608
v 0.5900 4.8400 2.4850
v -0.5900 4.8400 2.4850
v -0.5900 6.6400 2.4850
v 0.5900 6.6400 2.4850
f 8609 8610 8611 8612
v -0.5900 4.8400 2.4850
v -0.5900 4.8400 2.4250
v -0.5900 6.6400 2.4250
v -0.5900 6.6400 2.4850
f 8613 8614 8615 8616
g level_2_detail_window_mullion
usemtl frame
v -0.0270 4.8300 2.3650
v -0.0270 4.8300 2.4100
v 0.0270 4.8300 2.4100
v 0.0270 4.8300 2.3650
f 8617 8618 8619 8620
v -0.0270 6.6700 2.3650
v 0.0270 6.6700 2.3650
v 0.0270 6.6700 2.4100
v -0.0270 6.6700 2.4100
f 8621 8622 8623 8624
v -0.0270 4.8300 2.3650
v 0.0270 4.8300 2.3650
v 0.0270 6.6700 2.3650
v -0.0270 6.6700 2.3650
f 8625 8626 8627 8628
v 0.0270 4.8300 2.3650
v 0.0270 4.8300 2.4100
v 0.0270 6.6700 2.4100
v 0.0270 6.6700 2.3650
f 8629 8630 8631 8632
v 0.0270 4.8300 2.4100
v -0.0270 4.8300 2.4100
v -0.0270 6.6700 2.4100
v 0.0270 6.6700 2.4100
f 8633 8634 8635 8636
v -0.0270 4.8300 2.4100
v -0.0270 4.8300 2.3650
v -0.0270 6.6700 2.3650
v -0.0270 6.6700 2.4100
f 8637 8638 8639 8640
g level_2_detail_window_transom
v -0.6100 5.8800 2.3650
v -0.6100 5.8800 2.4100
v 0.6100 5.8800 2.4100
v 0.6100 5.8800 2.3650
f 8641 8642 8643 8644
v -0.6100 5.9300 2.3650
v 0.6100 5.9300 2.3650
v 0.6100 5.9300 2.4100
v -0.6100 5.9300 2.4100
f 8645 8646 8647 8648
v -0.6100 5.8800 2.3650
v 0.6100 5.8800 2.3650
v 0.6100 5.9300 2.3650
v -0.6100 5.9300 2.3650
f 8649 8650 8651 8652
v 0.6100 5.8800 2.3650
v 0.6100 5.8800 2.4100
v 0.6100 5.9300 2.4100
v 0.6100 5.9300 2.3650
f 8653 8654 8655 8656
v 0.6100 5.8800 2.4100
v -0.6100 5.8800 2.4100
v -0.6100 5.9300 2.4100
v 0.6100 5.9300 2.4100
f 8657 8658 8659 8660
v -0.6100 5.8800 2.4100
v -0.6100 5.8800 2.3650
v -0.6100 5.9300 2.3650
v -0.6100 5.9300 2.4100
f 8661 8662 8663 8664
g level_2_detail_sill
usemtl trim
v -0.8300 4.5800 2.4250
v -0.8300 4.5800 2.6850
v 0.8300 4.5800 2.6850
v 0.8300 4.5800 2.4250
f 8665 8666 8667 8668
v -0.8300 4.7100 2.4250
v 0.8300 4.7100 2.4250
v 0.8300 4.7100 2.6850
v -0.8300 4.7100 2.6850
f 8669 8670 8671 8672
v -0.8300 4.5800 2.4250
v 0.8300 4.5800 2.4250
v 0.8300 4.7100 2.4250
v -0.8300 4.7100 2.4250
f 8673 8674 8675 8676
v 0.8300 4.5800 2.4250
v 0.8300 4.5800 2.6850
v 0.8300 4.7100 2.6850
v 0.8300 4.7100 2.4250
f 8677 8678 8679 8680
v 0.8300 4.5800 2.6850
v -0.8300 4.5800 2.6850
v -0.8300 4.7100 2.6850
v 0.8300 4.7100 2.6850
f 8681 8682 8683 8684
v -0.8300 4.5800 2.6850
v -0.8300 4.5800 2.4250
v -0.8300 4.7100 2.4250
v -0.8300 4.7100 2.6850
f 8685 8686 8687 8688
g level_2_detail_window_frame
v 2.6300 4.7000 2.4950
v 2.6300 4.7000 2.5950
v 4.0700 4.7000 2.5950
v 4.0700 4.7000 2.4950
f 8689 8690 8691 8692
v 2.6300 6.8000 2.4950
v 4.0700 6.8000 2.4950
v 4.0700 6.8000 2.5950
v 2.6300 6.8000 2.5950
f 8693 8694 8695 8696
v 2.6300 4.7000 2.4950
v 4.0700 4.7000 2.4950
v 4.0700 6.8000 2.4950
v 2.6300 6.8000 2.4950
f 8697 8698 8699 8700
v 4.0700 4.7000 2.4950
v 4.0700 4.7000 2.5950
v 4.0700 6.8000 2.5950
v 4.0700 6.8000 2.4950
f 8701 8702 8703 8704
v 4.0700 4.7000 2.5950
v 2.6300 4.7000 2.5950
v 2.6300 6.8000 2.5950
v 4.0700 6.8000 2.5950
f 8705 8706 8707 8708
v 2.6300 4.7000 2.5950
v 2.6300 4.7000 2.4950
v 2.6300 6.8000 2.4950
v 2.6300 6.8000 2.5950
f 8709 8710 8711 8712
g level_2_detail_window_glass
usemtl glass
v 2.7600 4.8400 2.4250
v 2.7600 4.8400 2.4850
v 3.9400 4.8400 2.4850
v 3.9400 4.8400 2.4250
f 8713 8714 8715 8716
v 2.7600 6.6400 2.4250
v 3.9400 6.6400 2.4250
v 3.9400 6.6400 2.4850
v 2.7600 6.6400 2.4850
f 8717 8718 8719 8720
v 2.7600 4.8400 2.4250
v 3.9400 4.8400 2.4250
v 3.9400 6.6400 2.4250
v 2.7600 6.6400 2.4250
f 8721 8722 8723 8724
v 3.9400 4.8400 2.4250
v 3.9400 4.8400 2.4850
v 3.9400 6.6400 2.4850
v 3.9400 6.6400 2.4250
f 8725 8726 8727 8728
v 3.9400 4.8400 2.4850
v 2.7600 4.8400 2.4850
v 2.7600 6.6400 2.4850
v 3.9400 6.6400 2.4850
f 8729 8730 8731 8732
v 2.7600 4.8400 2.4850
v 2.7600 4.8400 2.4250
v 2.7600 6.6400 2.4250
v 2.7600 6.6400 2.4850
f 8733 8734 8735 8736
g level_2_detail_window_mullion
usemtl frame
v 3.3230 4.8300 2.3650
v 3.3230 4.8300 2.4100
v 3.3770 4.8300 2.4100
v 3.3770 4.8300 2.3650
f 8737 8738 8739 8740
v 3.3230 6.6700 2.3650
v 3.3770 6.6700 2.3650
v 3.3770 6.6700 2.4100
v 3.3230 6.6700 2.4100
f 8741 8742 8743 8744
v 3.3230 4.8300 2.3650
v 3.3770 4.8300 2.3650
v 3.3770 6.6700 2.3650
v 3.3230 6.6700 2.3650
f 8745 8746 8747 8748
v 3.3770 4.8300 2.3650
v 3.3770 4.8300 2.4100
v 3.3770 6.6700 2.4100
v 3.3770 6.6700 2.3650
f 8749 8750 8751 8752
v 3.3770 4.8300 2.4100
v 3.3230 4.8300 2.4100
v 3.3230 6.6700 2.4100
v 3.3770 6.6700 2.4100
f 8753 8754 8755 8756
v 3.3230 4.8300 2.4100
v 3.3230 4.8300 2.3650
v 3.3230 6.6700 2.3650
v 3.3230 6.6700 2.4100
f 8757 8758 8759 8760
g level_2_detail_window_transom
v 2.7400 5.8800 2.3650
v 2.7400 5.8800 2.4100
v 3.9600 5.8800 2.4100
v 3.9600 5.8800 2.3650
f 8761 8762 8763 8764
v 2.7400 5.9300 2.3650
v 3.9600 5.9300 2.3650
v 3.9600 5.9300 2.4100
v 2.7400 5.9300 2.4100
f 8765 8766 8767 8768
v 2.7400 5.8800 2.3650
v 3.9600 5.8800 2.3650
v 3.9600 5.9300 2.3650
v 2.7400 5.9300 2.3650
f 8769 8770 8771 8772
v 3.9600 5.8800 2.3650
v 3.9600 5.8800 2.4100
v 3.9600 5.9300 2.4100
v 3.9600 5.9300 2.3650
f 8773 8774 8775 8776
v 3.9600 5.8800 2.4100
v 2.7400 5.8800 2.4100
v 2.7400 5.9300 2.4100
v 3.9600 5.9300 2.4100
f 8777 8778 8779 8780
v 2.7400 5.8800 2.4100
v 2.7400 5.8800 2.3650
v 2.7400 5.9300 2.3650
v 2.7400 5.9300 2.4100
f 8781 8782 8783 8784
g level_2_detail_sill
usemtl trim
v 2.5200 4.5800 2.4250
v 2.5200 4.5800 2.6850
v 4.1800 4.5800 2.6850
v 4.1800 4.5800 2.4250
f 8785 8786 8787 8788
v 2.5200 4.7100 2.4250
v 4.1800 4.7100 2.4250
v 4.1800 4.7100 2.6850
v 2.5200 4.7100 2.6850
f 8789 8790 8791 8792
v 2.5200 4.5800 2.4250
v 4.1800 4.5800 2.4250
v 4.1800 4.7100 2.4250
v 2.5200 4.7100 2.4250
f 8793 8794 8795 8796
v 4.1800 4.5800 2.4250
v 4.1800 4.5800 2.6850
v 4.1800 4.7100 2.6850
v 4.1800 4.7100 2.4250
f 8797 8798 8799 8800
v 4.1800 4.5800 2.6850
v 2.5200 4.5800 2.6850
v 2.5200 4.7100 2.6850
v 4.1800 4.7100 2.6850
f 8801 8802 8803 8804
v 2.5200 4.5800 2.6850
v 2.5200 4.5800 2.4250
v 2.5200 4.7100 2.4250
v 2.5200 4.7100 2.6850
f 8805 8806 8807 8808
g level_2_detail_window_frame
v 5.9800 4.7000 2.4950
v 5.9800 4.7000 2.5950
v 7.4200 4.7000 2.5950
v 7.4200 4.7000 2.4950
f 8809 8810 8811 8812
v 5.9800 6.8000 2.4950
v 7.4200 6.8000 2.4950
v 7.4200 6.8000 2.5950
v 5.9800 6.8000 2.5950
f 8813 8814 8815 8816
v 5.9800 4.7000 2.4950
v 7.4200 4.7000 2.4950
v 7.4200 6.8000 2.4950
v 5.9800 6.8000 2.4950
f 8817 8818 8819 8820
v 7.4200 4.7000 2.4950
v 7.4200 4.7000 2.5950
v 7.4200 6.8000 2.5950
v 7.4200 6.8000 2.4950
f 8821 8822 8823 8824
v 7.4200 4.7000 2.5950
v 5.9800 4.7000 2.5950
v 5.9800 6.8000 2.5950
v 7.4200 6.8000 2.5950
f 8825 8826 8827 8828
v 5.9800 4.7000 2.5950
v 5.9800 4.7000 2.4950
v 5.9800 6.8000 2.4950
v 5.9800 6.8000 2.5950
f 8829 8830 8831 8832
g level_2_detail_window_glass
usemtl glass
v 6.1100 4.8400 2.4250
v 6.1100 4.8400 2.4850
v 7.2900 4.8400 2.4850
v 7.2900 4.8400 2.4250
f 8833 8834 8835 8836
v 6.1100 6.6400 2.4250
v 7.2900 6.6400 2.4250
v 7.2900 6.6400 2.4850
v 6.1100 6.6400 2.4850
f 8837 8838 8839 8840
v 6.1100 4.8400 2.4250
v 7.2900 4.8400 2.4250
v 7.2900 6.6400 2.4250
v 6.1100 6.6400 2.4250
f 8841 8842 8843 8844
v 7.2900 4.8400 2.4250
v 7.2900 4.8400 2.4850
v 7.2900 6.6400 2.4850
v 7.2900 6.6400 2.4250
f 8845 8846 8847 8848
v 7.2900 4.8400 2.4850
v 6.1100 4.8400 2.4850
v 6.1100 6.6400 2.4850
v 7.2900 6.6400 2.4850
f 8849 8850 8851 8852
v 6.1100 4.8400 2.4850
v 6.1100 4.8400 2.4250
v 6.1100 6.6400 2.4250
v 6.1100 6.6400 2.4850
f 8853 8854 8855 8856
g level_2_detail_window_mullion
usemtl frame
v 6.6730 4.8300 2.3650
v 6.6730 4.8300 2.4100
v 6.7270 4.8300 2.4100
v 6.7270 4.8300 2.3650
f 8857 8858 8859 8860
v 6.6730 6.6700 2.3650
v 6.7270 6.6700 2.3650
v 6.7270 6.6700 2.4100
v 6.6730 6.6700 2.4100
f 8861 8862 8863 8864
v 6.6730 4.8300 2.3650
v 6.7270 4.8300 2.3650
v 6.7270 6.6700 2.3650
v 6.6730 6.6700 2.3650
f 8865 8866 8867 8868
v 6.7270 4.8300 2.3650
v 6.7270 4.8300 2.4100
v 6.7270 6.6700 2.4100
v 6.7270 6.6700 2.3650
f 8869 8870 8871 8872
v 6.7270 4.8300 2.4100
v 6.6730 4.8300 2.4100
v 6.6730 6.6700 2.4100
v 6.7270 6.6700 2.4100
f 8873 8874 8875 8876
v 6.6730 4.8300 2.4100
v 6.6730 4.8300 2.3650
v 6.6730 6.6700 2.3650
v 6.6730 6.6700 2.4100
f 8877 8878 8879 8880
g level_2_detail_window_transom
v 6.0900 5.8800 2.3650
v 6.0900 5.8800 2.4100
v 7.3100 5.8800 2.4100
v 7.3100 5.8800 2.3650
f 8881 8882 8883 8884
v 6.0900 5.9300 2.3650
v 7.3100 5.9300 2.3650
v 7.3100 5.9300 2.4100
v 6.0900 5.9300 2.4100
f 8885 8886 8887 8888
v 6.0900 5.8800 2.3650
v 7.3100 5.8800 2.3650
v 7.3100 5.9300 2.3650
v 6.0900 5.9300 2.3650
f 8889 8890 8891 8892
v 7.3100 5.8800 2.3650
v 7.3100 5.8800 2.4100
v 7.3100 5.9300 2.4100
v 7.3100 5.9300 2.3650
f 8893 8894 8895 8896
v 7.3100 5.8800 2.4100
v 6.0900 5.8800 2.4100
v 6.0900 5.9300 2.4100
v 7.3100 5.9300 2.4100
f 8897 8898 8899 8900
v 6.0900 5.8800 2.4100
v 6.0900 5.8800 2.3650
v 6.0900 5.9300 2.3650
v 6.0900 5.9300 2.4100
f 8901 8902 8903 8904
g level_2_detail_sill
usemtl trim
v 5.8700 4.5800 2.4250
v 5.8700 4.5800 2.6850
v 7.5300 4.5800 2.6850
v 7.5300 4.5800 2.4250
f 8905 8906 8907 8908
v 5.8700 4.7100 2.4250
v 7.5300 4.7100 2.4250
v 7.5300 4.7100 2.6850
v 5.8700 4.7100 2.6850
f 8909 8910 8911 8912
v 5.8700 4.5800 2.4250
v 7.5300 4.5800 2.4250
v 7.5300 4.7100 2.4250
v 5.8700 4.7100 2.4250
f 8913 8914 8915 8916
v 7.5300 4.5800 2.4250
v 7.5300 4.5800 2.6850
v 7.5300 4.7100 2.6850
v 7.5300 4.7100 2.4250
f 8917 8918 8919 8920
v 7.5300 4.5800 2.6850
v 5.8700 4.5800 2.6850
v 5.8700 4.7100 2.6850
v 7.5300 4.7100 2.6850
f 8921 8922 8923 8924
v 5.8700 4.5800 2.6850
v 5.8700 4.5800 2.4250
v 5.8700 4.7100 2.4250
v 5.8700 4.7100 2.6850
f 8925 8926 8927 8928
g level_2_detail_window_frame
v -15.2200 4.7000 -12.8000
v -15.2200 4.7000 -12.7000
v -13.7800 4.7000 -12.7000
v -13.7800 4.7000 -12.8000
f 8929 8930 8931 8932
v -15.2200 6.8000 -12.8000
v -13.7800 6.8000 -12.8000
v -13.7800 6.8000 -12.7000
v -15.2200 6.8000 -12.7000
f 8933 8934 8935 8936
v -15.2200 4.7000 -12.8000
v -13.7800 4.7000 -12.8000
v -13.7800 6.8000 -12.8000
v -15.2200 6.8000 -12.8000
f 8937 8938 8939 8940
v -13.7800 4.7000 -12.8000
v -13.7800 4.7000 -12.7000
v -13.7800 6.8000 -12.7000
v -13.7800 6.8000 -12.8000
f 8941 8942 8943 8944
v -13.7800 4.7000 -12.7000
v -15.2200 4.7000 -12.7000
v -15.2200 6.8000 -12.7000
v -13.7800 6.8000 -12.7000
f 8945 8946 8947 8948
v -15.2200 4.7000 -12.7000
v -15.2200 4.7000 -12.8000
v -15.2200 6.8000 -12.8000
v -15.2200 6.8000 -12.7000
f 8949 8950 8951 8952
g level_2_detail_window_glass
usemtl glass
v -15.0900 4.8400 -12.8700
v -15.0900 4.8400 -12.8100
v -13.9100 4.8400 -12.8100
v -13.9100 4.8400 -12.8700
f 8953 8954 8955 8956
v -15.0900 6.6400 -12.8700
v -13.9100 6.6400 -12.8700
v -13.9100 6.6400 -12.8100
v -15.0900 6.6400 -12.8100
f 8957 8958 8959 8960
v -15.0900 4.8400 -12.8700
v -13.9100 4.8400 -12.8700
v -13.9100 6.6400 -12.8700
v -15.0900 6.6400 -12.8700
f 8961 8962 8963 8964
v -13.9100 4.8400 -12.8700
v -13.9100 4.8400 -12.8100
v -13.9100 6.6400 -12.8100
v -13.9100 6.6400 -12.8700
f 8965 8966 8967 8968
v -13.9100 4.8400 -12.8100
v -15.0900 4.8400 -12.8100
v -15.0900 6.6400 -12.8100
v -13.9100 6.6400 -12.8100
f 8969 8970 8971 8972
v -15.0900 4.8400 -12.8100
v -15.0900 4.8400 -12.8700
v -15.0900 6.6400 -12.8700
v -15.0900 6.6400 -12.8100
f 8973 8974 8975 8976
g level_2_detail_window_mullion
usemtl frame
v -14.5270 4.8300 -12.9300
v -14.5270 4.8300 -12.8850
v -14.4730 4.8300 -12.8850
v -14.4730 4.8300 -12.9300
f 8977 8978 8979 8980
v -14.5270 6.6700 -12.9300
v -14.4730 6.6700 -12.9300
v -14.4730 6.6700 -12.8850
v -14.5270 6.6700 -12.8850
f 8981 8982 8983 8984
v -14.5270 4.8300 -12.9300
v -14.4730 4.8300 -12.9300
v -14.4730 6.6700 -12.9300
v -14.5270 6.6700 -12.9300
f 8985 8986 8987 8988
v -14.4730 4.8300 -12.9300
v -14.4730 4.8300 -12.8850
v -14.4730 6.6700 -12.8850
v -14.4730 6.6700 -12.9300
f 8989 8990 8991 8992
v -14.4730 4.8300 -12.8850
v -14.5270 4.8300 -12.8850
v -14.5270 6.6700 -12.8850
v -14.4730 6.6700 -12.8850
f 8993 8994 8995 8996
v -14.5270 4.8300 -12.8850
v -14.5270 4.8300 -12.9300
v -14.5270 6.6700 -12.9300
v -14.5270 6.6700 -12.8850
f 8997 8998 8999 9000
g level_2_detail_window_transom
v -15.1100 5.8800 -12.9300
v -15.1100 5.8800 -12.8850
v -13.8900 5.8800 -12.8850
v -13.8900 5.8800 -12.9300
f 9001 9002 9003 9004
v -15.1100 5.9300 -12.9300
v -13.8900 5.9300 -12.9300
v -13.8900 5.9300 -12.8850
v -15.1100 5.9300 -12.8850
f 9005 9006 9007 9008
v -15.1100 5.8800 -12.9300
v -13.8900 5.8800 -12.9300
v -13.8900 5.9300 -12.9300
v -15.1100 5.9300 -12.9300
f 9009 9010 9011 9012
v -13.8900 5.8800 -12.9300
v -13.8900 5.8800 -12.8850
v -13.8900 5.9300 -12.8850
v -13.8900 5.9300 -12.9300
f 9013 9014 9015 9016
v -13.8900 5.8800 -12.8850
v -15.1100 5.8800 -12.8850
v -15.1100 5.9300 -12.8850
v -13.8900 5.9300 -12.8850
f 9017 9018 9019 9020
v -15.1100 5.8800 -12.8850
v -15.1100 5.8800 -12.9300
v -15.1100 5.9300 -12.9300
v -15.1100 5.9300 -12.8850
f 9021 9022 9023 9024
g level_2_detail_sill
usemtl trim
v -15.3300 4.5800 -12.8700
v -15.3300 4.5800 -12.6100
v -13.6700 4.5800 -12.6100
v -13.6700 4.5800 -12.8700
f 9025 9026 9027 9028
v -15.3300 4.7100 -12.8700
v -13.6700 4.7100 -12.8700
v -13.6700 4.7100 -12.6100
v -15.3300 4.7100 -12.6100
f 9029 9030 9031 9032
v -15.3300 4.5800 -12.8700
v -13.6700 4.5800 -12.8700
v -13.6700 4.7100 -12.8700
v -15.3300 4.7100 -12.8700
f 9033 9034 9035 9036
v -13.6700 4.5800 -12.8700
v -13.6700 4.5800 -12.6100
v -13.6700 4.7100 -12.6100
v -13.6700 4.7100 -12.8700
f 9037 9038 9039 9040
v -13.6700 4.5800 -12.6100
v -15.3300 4.5800 -12.6100
v -15.3300 4.7100 -12.6100
v -13.6700 4.7100 -12.6100
f 9041 9042 9043 9044
v -15.3300 4.5800 -12.6100
v -15.3300 4.5800 -12.8700
v -15.3300 4.7100 -12.8700
v -15.3300 4.7100 -12.6100
f 9045 9046 9047 9048
g level_2_detail_window_frame
v -11.4200 4.7000 -12.8000
v -11.4200 4.7000 -12.7000
v -9.9800 4.7000 -12.7000
v -9.9800 4.7000 -12.8000
f 9049 9050 9051 9052
v -11.4200 6.8000 -12.8000
v -9.9800 6.8000 -12.8000
v -9.9800 6.8000 -12.7000
v -11.4200 6.8000 -12.7000
f 9053 9054 9055 9056
v -11.4200 4.7000 -12.8000
v -9.9800 4.7000 -12.8000
v -9.9800 6.8000 -12.8000
v -11.4200 6.8000 -12.8000
f 9057 9058 9059 9060
v -9.9800 4.7000 -12.8000
v -9.9800 4.7000 -12.7000
v -9.9800 6.8000 -12.7000
v -9.9800 6.8000 -12.8000
f 9061 9062 9063 9064
v -9.9800 4.7000 -12.7000
v -11.4200 4.7000 -12.7000
v -11.4200 6.8000 -12.7000
v -9.9800 6.8000 -12.7000
f 9065 9066 9067 9068
v -11.4200 4.7000 -12.7000
v -11.4200 4.7000 -12.8000
v -11.4200 6.8000 -12.8000
v -11.4200 6.8000 -12.7000
f 9069 9070 9071 9072
g level_2_detail_window_glass
usemtl glass
v -11.2900 4.8400 -12.8700
v -11.2900 4.8400 -12.8100
v -10.1100 4.8400 -12.8100
v -10.1100 4.8400 -12.8700
f 9073 9074 9075 9076
v -11.2900 6.6400 -12.8700
v -10.1100 6.6400 -12.8700
v -10.1100 6.6400 -12.8100
v -11.2900 6.6400 -12.8100
f 9077 9078 9079 9080
v -11.2900 4.8400 -12.8700
v -10.1100 4.8400 -12.8700
v -10.1100 6.6400 -12.8700
v -11.2900 6.6400 -12.8700
f 9081 9082 9083 9084
v -10.1100 4.8400 -12.8700
v -10.1100 4.8400 -12.8100
v -10.1100 6.6400 -12.8100
v -10.1100 6.6400 -12.8700
f 9085 9086 9087 9088
v -10.1100 4.8400 -12.8100
v -11.2900 4.8400 -12.8100
v -11.2900 6.6400 -12.8100
v -10.1100 6.6400 -12.8100
f 9089 9090 9091 9092
v -11.2900 4.8400 -12.8100
v -11.2900 4.8400 -12.8700
v -11.2900 6.6400 -12.8700
v -11.2900 6.6400 -12.8100
f 9093 9094 9095 9096
g level_2_detail_window_mullion
usemtl frame
v -10.7270 4.8300 -12.9300
v -10.7270 4.8300 -12.8850
v -10.6730 4.8300 -12.8850
v -10.6730 4.8300 -12.9300
f 9097 9098 9099 9100
v -10.7270 6.6700 -12.9300
v -10.6730 6.6700 -12.9300
v -10.6730 6.6700 -12.8850
v -10.7270 6.6700 -12.8850
f 9101 9102 9103 9104
v -10.7270 4.8300 -12.9300
v -10.6730 4.8300 -12.9300
v -10.6730 6.6700 -12.9300
v -10.7270 6.6700 -12.9300
f 9105 9106 9107 9108
v -10.6730 4.8300 -12.9300
v -10.6730 4.8300 -12.8850
v -10.6730 6.6700 -12.8850
v -10.6730 6.6700 -12.9300
f 9109 9110 9111 9112
v -10.6730 4.8300 -12.8850
v -10.7270 4.8300 -12.8850
v -10.7270 6.6700 -12.8850
v -10.6730 6.6700 -12.8850
f 9113 9114 9115 9116
v -10.7270 4.8300 -12.8850
v -10.7270 4.8300 -12.9300
v -10.7270 6.6700 -12.9300
v -10.7270 6.6700 -12.8850
f 9117 9118 9119 9120
g level_2_detail_window_transom
v -11.3100 5.8800 -12.9300
v -11.3100 5.8800 -12.8850
v -10.0900 5.8800 -12.8850
v -10.0900 5.8800 -12.9300
f 9121 9122 9123 9124
v -11.3100 5.9300 -12.9300
v -10.0900 5.9300 -12.9300
v -10.0900 5.9300 -12.8850
v -11.3100 5.9300 -12.8850
f 9125 9126 9127 9128
v -11.3100 5.8800 -12.9300
v -10.0900 5.8800 -12.9300
v -10.0900 5.9300 -12.9300
v -11.3100 5.9300 -12.9300
f 9129 9130 9131 9132
v -10.0900 5.8800 -12.9300
v -10.0900 5.8800 -12.8850
v -10.0900 5.9300 -12.8850
v -10.0900 5.9300 -12.9300
f 9133 9134 9135 9136
v -10.0900 5.8800 -12.8850
v -11.3100 5.8800 -12.8850
v -11.3100 5.9300 -12.8850
v -10.0900 5.9300 -12.8850
f 9137 9138 9139 9140
v -11.3100 5.8800 -12.8850
v -11.3100 5.8800 -12.9300
v -11.3100 5.9300 -12.9300
v -11.3100 5.9300 -12.8850
f 9141 9142 9143 9144
g level_2_detail_sill
usemtl trim
v -11.5300 4.5800 -12.8700
v -11.5300 4.5800 -12.6100
v -9.8700 4.5800 -12.6100
v -9.8700 4.5800 -12.8700
f 9145 9146 9147 9148
v -11.5300 4.7100 -12.8700
v -9.8700 4.7100 -12.8700
v -9.8700 4.7100 -12.6100
v -11.5300 4.7100 -12.6100
f 9149 9150 9151 9152
v -11.5300 4.5800 -12.8700
v -9.8700 4.5800 -12.8700
v -9.8700 4.7100 -12.8700
v -11.5300 4.7100 -12.8700
f 9153 9154 9155 9156
v -9.8700 4.5800 -12.8700
v -9.8700 4.5800 -12.6100
v -9.8700 4.7100 -12.6100
v -9.8700 4.7100 -12.8700
f 9157 9158 9159 9160
v -9.8700 4.5800 -12.6100
v -11.5300 4.5800 -12.6100
v -11.5300 4.7100 -12.6100
v -9.8700 4.7100 -12.6100
f 9161 9162 9163 9164
v -11.5300 4.5800 -12.6100
v -11.5300 4.5800 -12.8700
v -11.5300 4.7100 -12.8700
v -11.5300 4.7100 -12.6100
f 9165 9166 9167 9168
g level_2_detail_window_frame
v 9.9800 4.7000 -12.8000
v 9.9800 4.7000 -12.7000
v 11.4200 4.7000 -12.7000
v 11.4200 4.7000 -12.8000
f 9169 9170 9171 9172
v 9.9800 6.8000 -12.8000
v 11.4200 6.8000 -12.8000
v 11.4200 6.8000 -12.7000
v 9.9800 6.8000 -12.7000
f 9173 9174 9175 9176
v 9.9800 4.7000 -12.8000
v 11.4200 4.7000 -12.8000
v 11.4200 6.8000 -12.8000
v 9.9800 6.8000 -12.8000
f 9177 9178 9179 9180
v 11.4200 4.7000 -12.8000
v 11.4200 4.7000 -12.7000
v 11.4200 6.8000 -12.7000
v 11.4200 6.8000 -12.8000
f 9181 9182 9183 9184
v 11.4200 4.7000 -12.7000
v 9.9800 4.7000 -12.7000
v 9.9800 6.8000 -12.7000
v 11.4200 6.8000 -12.7000
f 9185 9186 9187 9188
v 9.9800 4.7000 -12.7000
v 9.9800 4.7000 -12.8000
v 9.9800 6.8000 -12.8000
v 9.9800 6.8000 -12.7000
f 9189 9190 9191 9192
g level_2_detail_window_glass
usemtl glass
v 10.1100 4.8400 -12.8700
v 10.1100 4.8400 -12.8100
v 11.2900 4.8400 -12.8100
v 11.2900 4.8400 -12.8700
f 9193 9194 9195 9196
v 10.1100 6.6400 -12.8700
v 11.2900 6.6400 -12.8700
v 11.2900 6.6400 -12.8100
v 10.1100 6.6400 -12.8100
f 9197 9198 9199 9200
v 10.1100 4.8400 -12.8700
v 11.2900 4.8400 -12.8700
v 11.2900 6.6400 -12.8700
v 10.1100 6.6400 -12.8700
f 9201 9202 9203 9204
v 11.2900 4.8400 -12.8700
v 11.2900 4.8400 -12.8100
v 11.2900 6.6400 -12.8100
v 11.2900 6.6400 -12.8700
f 9205 9206 9207 9208
v 11.2900 4.8400 -12.8100
v 10.1100 4.8400 -12.8100
v 10.1100 6.6400 -12.8100
v 11.2900 6.6400 -12.8100
f 9209 9210 9211 9212
v 10.1100 4.8400 -12.8100
v 10.1100 4.8400 -12.8700
v 10.1100 6.6400 -12.8700
v 10.1100 6.6400 -12.8100
f 9213 9214 9215 9216
g level_2_detail_window_mullion
usemtl frame
v 10.6730 4.8300 -12.9300
v 10.6730 4.8300 -12.8850
v 10.7270 4.8300 -12.8850
v 10.7270 4.8300 -12.9300
f 9217 9218 9219 9220
v 10.6730 6.6700 -12.9300
v 10.7270 6.6700 -12.9300
v 10.7270 6.6700 -12.8850
v 10.6730 6.6700 -12.8850
f 9221 9222 9223 9224
v 10.6730 4.8300 -12.9300
v 10.7270 4.8300 -12.9300
v 10.7270 6.6700 -12.9300
v 10.6730 6.6700 -12.9300
f 9225 9226 9227 9228
v 10.7270 4.8300 -12.9300
v 10.7270 4.8300 -12.8850
v 10.7270 6.6700 -12.8850
v 10.7270 6.6700 -12.9300
f 9229 9230 9231 9232
v 10.7270 4.8300 -12.8850
v 10.6730 4.8300 -12.8850
v 10.6730 6.6700 -12.8850
v 10.7270 6.6700 -12.8850
f 9233 9234 9235 9236
v 10.6730 4.8300 -12.8850
v 10.6730 4.8300 -12.9300
v 10.6730 6.6700 -12.9300
v 10.6730 6.6700 -12.8850
f 9237 9238 9239 9240
g level_2_detail_window_transom
v 10.0900 5.8800 -12.9300
v 10.0900 5.8800 -12.8850
v 11.3100 5.8800 -12.8850
v 11.3100 5.8800 -12.9300
f 9241 9242 9243 9244
v 10.0900 5.9300 -12.9300
v 11.3100 5.9300 -12.9300
v 11.3100 5.9300 -12.8850
v 10.0900 5.9300 -12.8850
f 9245 9246 9247 9248
v 10.0900 5.8800 -12.9300
v 11.3100 5.8800 -12.9300
v 11.3100 5.9300 -12.9300
v 10.0900 5.9300 -12.9300
f 9249 9250 9251 9252
v 11.3100 5.8800 -12.9300
v 11.3100 5.8800 -12.8850
v 11.3100 5.9300 -12.8850
v 11.3100 5.9300 -12.9300
f 9253 9254 9255 9256
v 11.3100 5.8800 -12.8850
v 10.0900 5.8800 -12.8850
v 10.0900 5.9300 -12.8850
v 11.3100 5.9300 -12.8850
f 9257 9258 9259 9260
v 10.0900 5.8800 -12.8850
v 10.0900 5.8800 -12.9300
v 10.0900 5.9300 -12.9300
v 10.0900 5.9300 -12.8850
f 9261 9262 9263 9264
g level_2_detail_sill
usemtl trim
v 9.8700 4.5800 -12.8700
v 9.8700 4.5800 -12.6100
v 11.5300 4.5800 -12.6100
v 11.5300 4.5800 -12.8700
f 9265 9266 9267 9268
v 9.8700 4.7100 -12.8700
v 11.5300 4.7100 -12.8700
v 11.5300 4.7100 -12.6100
v 9.8700 4.7100 -12.6100
f 9269 9270 9271 9272
v 9.8700 4.5800 -12.8700
v 11.5300 4.5800 -12.8700
v 11.5300 4.7100 -12.8700
v 9.8700 4.7100 -12.8700
f 9273 9274 9275 9276
v 11.5300 4.5800 -12.8700
v 11.5300 4.5800 -12.6100
v 11.5300 4.7100 -12.6100
v 11.5300 4.7100 -12.8700
f 9277 9278 9279 9280
v 11.5300 4.5800 -12.6100
v 9.8700 4.5800 -12.6100
v 9.8700 4.7100 -12.6100
v 11.5300 4.7100 -12.6100
f 9281 9282 9283 9284
v 9.8700 4.5800 -12.6100
v 9.8700 4.5800 -12.8700
v 9.8700 4.7100 -12.8700
v 9.8700 4.7100 -12.6100
f 9285 9286 9287 9288
g level_2_detail_window_frame
v 13.7800 4.7000 -12.8000
v 13.7800 4.7000 -12.7000
v 15.2200 4.7000 -12.7000
v 15.2200 4.7000 -12.8000
f 9289 9290 9291 9292
v 13.7800 6.8000 -12.8000
v 15.2200 6.8000 -12.8000
v 15.2200 6.8000 -12.7000
v 13.7800 6.8000 -12.7000
f 9293 9294 9295 9296
v 13.7800 4.7000 -12.8000
v 15.2200 4.7000 -12.8000
v 15.2200 6.8000 -12.8000
v 13.7800 6.8000 -12.8000
f 9297 9298 9299 9300
v 15.2200 4.7000 -12.8000
v 15.2200 4.7000 -12.7000
v 15.2200 6.8000 -12.7000
v 15.2200 6.8000 -12.8000
f 9301 9302 9303 9304
v 15.2200 4.7000 -12.7000
v 13.7800 4.7000 -12.7000
v 13.7800 6.8000 -12.7000
v 15.2200 6.8000 -12.7000
f 9305 9306 9307 9308
v 13.7800 4.7000 -12.7000
v 13.7800 4.7000 -12.8000
v 13.7800 6.8000 -12.8000
v 13.7800 6.8000 -12.7000
f 9309 9310 9311 9312
g level_2_detail_window_glass
usemtl glass
v 13.9100 4.8400 -12.8700
v 13.9100 4.8400 -12.8100
v 15.0900 4.8400 -12.8100
v 15.0900 4.8400 -12.8700
f 9313 9314 9315 9316
v 13.9100 6.6400 -12.8700
v 15.0900 6.6400 -12.8700
v 15.0900 6.6400 -12.8100
v 13.9100 6.6400 -12.8100
f 9317 9318 9319 9320
v 13.9100 4.8400 -12.8700
v 15.0900 4.8400 -12.8700
v 15.0900 6.6400 -12.8700
v 13.9100 6.6400 -12.8700
f 9321 9322 9323 9324
v 15.0900 4.8400 -12.8700
v 15.0900 4.8400 -12.8100
v 15.0900 6.6400 -12.8100
v 15.0900 6.6400 -12.8700
f 9325 9326 9327 9328
v 15.0900 4.8400 -12.8100
v 13.9100 4.8400 -12.8100
v 13.9100 6.6400 -12.8100
v 15.0900 6.6400 -12.8100
f 9329 9330 9331 9332
v 13.9100 4.8400 -12.8100
v 13.9100 4.8400 -12.8700
v 13.9100 6.6400 -12.8700
v 13.9100 6.6400 -12.8100
f 9333 9334 9335 9336
g level_2_detail_window_mullion
usemtl frame
v 14.4730 4.8300 -12.9300
v 14.4730 4.8300 -12.8850
v 14.5270 4.8300 -12.8850
v 14.5270 4.8300 -12.9300
f 9337 9338 9339 9340
v 14.4730 6.6700 -12.9300
v 14.5270 6.6700 -12.9300
v 14.5270 6.6700 -12.8850
v 14.4730 6.6700 -12.8850
f 9341 9342 9343 9344
v 14.4730 4.8300 -12.9300
v 14.5270 4.8300 -12.9300
v 14.5270 6.6700 -12.9300
v 14.4730 6.6700 -12.9300
f 9345 9346 9347 9348
v 14.5270 4.8300 -12.9300
v 14.5270 4.8300 -12.8850
v 14.5270 6.6700 -12.8850
v 14.5270 6.6700 -12.9300
f 9349 9350 9351 9352
v 14.5270 4.8300 -12.8850
v 14.4730 4.8300 -12.8850
v 14.4730 6.6700 -12.8850
v 14.5270 6.6700 -12.8850
f 9353 9354 9355 9356
v 14.4730 4.8300 -12.8850
v 14.4730 4.8300 -12.9300
v 14.4730 6.6700 -12.9300
v 14.4730 6.6700 -12.8850
f 9357 9358 9359 9360
g level_2_detail_window_transom
v 13.8900 5.8800 -12.9300
v 13.8900 5.8800 -12.8850
v 15.1100 5.8800 -12.8850
v 15.1100 5.8800 -12.9300
f 9361 9362 9363 9364
v 13.8900 5.9300 -12.9300
v 15.1100 5.9300 -12.9300
v 15.1100 5.9300 -12.8850
v 13.8900 5.9300 -12.8850
f 9365 9366 9367 9368
v 13.8900 5.8800 -12.9300
v 15.1100 5.8800 -12.9300
v 15.1100 5.9300 -12.9300
v 13.8900 5.9300 -12.9300
f 9369 9370 9371 9372
v 15.1100 5.8800 -12.9300
v 15.1100 5.8800 -12.8850
v 15.1100 5.9300 -12.8850
v 15.1100 5.9300 -12.9300
f 9373 9374 9375 9376
v 15.1100 5.8800 -12.8850
v 13.8900 5.8800 -12.8850
v 13.8900 5.9300 -12.8850
v 15.1100 5.9300 -12.8850
f 9377 9378 9379 9380
v 13.8900 5.8800 -12.8850
v 13.8900 5.8800 -12.9300
v 13.8900 5.9300 -12.9300
v 13.8900 5.9300 -12.8850
f 9381 9382 9383 9384
g level_2_detail_sill
usemtl trim
v 13.6700 4.5800 -12.8700
v 13.6700 4.5800 -12.6100
v 15.3300 4.5800 -12.6100
v 15.3300 4.5800 -12.8700
f 9385 9386 9387 9388
v 13.6700 4.7100 -12.8700
v 15.3300 4.7100 -12.8700
v 15.3300 4.7100 -12.6100
v 13.6700 4.7100 -12.6100
f 9389 9390 9391 9392
v 13.6700 4.5800 -12.8700
v 15.3300 4.5800 -12.8700
v 15.3300 4.7100 -12.8700
v 13.6700 4.7100 -12.8700
f 9393 9394 9395 9396
v 15.3300 4.5800 -12.8700
v 15.3300 4.5800 -12.6100
v 15.3300 4.7100 -12.6100
v 15.3300 4.7100 -12.8700
f 9397 9398 9399 9400
v 15.3300 4.5800 -12.6100
v 13.6700 4.5800 -12.6100
v 13.6700 4.7100 -12.6100
v 15.3300 4.7100 -12.6100
f 9401 9402 9403 9404
v 13.6700 4.5800 -12.6100
v 13.6700 4.5800 -12.8700
v 13.6700 4.7100 -12.8700
v 13.6700 4.7100 -12.6100
f 9405 9406 9407 9408
g level_2_detail_pilaster
v -16.3000 4.1000 12.8650
v -16.3000 4.1000 12.9850
v -16.0500 4.1000 12.9850
v -16.0500 4.1000 12.8650
f 9409 9410 9411 9412
v -16.3000 7.7000 12.8650
v -16.0500 7.7000 12.8650
v -16.0500 7.7000 12.9850
v -16.3000 7.7000 12.9850
f 9413 9414 9415 9416
v -16.3000 4.1000 12.8650
v -16.0500 4.1000 12.8650
v -16.0500 7.7000 12.8650
v -16.3000 7.7000 12.8650
f 9417 9418 9419 9420
v -16.0500 4.1000 12.8650
v -16.0500 4.1000 12.9850
v -16.0500 7.7000 12.9850
v -16.0500 7.7000 12.8650
f 9421 9422 9423 9424
v -16.0500 4.1000 12.9850
v -16.3000 4.1000 12.9850
v -16.3000 7.7000 12.9850
v -16.0500 7.7000 12.9850
f 9425 9426 9427 9428
v -16.3000 4.1000 12.9850
v -16.3000 4.1000 12.8650
v -16.3000 7.7000 12.8650
v -16.3000 7.7000 12.9850
f 9429 9430 9431 9432
v -12.6000 4.1000 12.8650
v -12.6000 4.1000 12.9850
v -12.3500 4.1000 12.9850
v -12.3500 4.1000 12.8650
f 9433 9434 9435 9436
v -12.6000 7.7000 12.8650
v -12.3500 7.7000 12.8650
v -12.3500 7.7000 12.9850
v -12.6000 7.7000 12.9850
f 9437 9438 9439 9440
v -12.6000 4.1000 12.8650
v -12.3500 4.1000 12.8650
v -12.3500 7.7000 12.8650
v -12.6000 7.7000 12.8650
f 9441 9442 9443 9444
v -12.3500 4.1000 12.8650
v -12.3500 4.1000 12.9850
v -12.3500 7.7000 12.9850
v -12.3500 7.7000 12.8650
f 9445 9446 9447 9448
v -12.3500 4.1000 12.9850
v -12.6000 4.1000 12.9850
v -12.6000 7.7000 12.9850
v -12.3500 7.7000 12.9850
f 9449 9450 9451 9452
v -12.6000 4.1000 12.9850
v -12.6000 4.1000 12.8650
v -12.6000 7.7000 12.8650
v -12.6000 7.7000 12.9850
f 9453 9454 9455 9456
v -9.0000 4.1000 12.8650
v -9.0000 4.1000 12.9850
v -8.7500 4.1000 12.9850
v -8.7500 4.1000 12.8650
f 9457 9458 9459 9460
v -9.0000 7.7000 12.8650
v -8.7500 7.7000 12.8650
v -8.7500 7.7000 12.9850
v -9.0000 7.7000 12.9850
f 9461 9462 9463 9464
v -9.0000 4.1000 12.8650
v -8.7500 4.1000 12.8650
v -8.7500 7.7000 12.8650
v -9.0000 7.7000 12.8650
f 9465 9466 9467 9468
v -8.7500 4.1000 12.8650
v -8.7500 4.1000 12.9850
v -8.7500 7.7000 12.9850
v -8.7500 7.7000 12.8650
f 9469 9470 9471 9472
v -8.7500 4.1000 12.9850
v -9.0000 4.1000 12.9850
v -9.0000 7.7000 12.9850
v -8.7500 7.7000 12.9850
f 9473 9474 9475 9476
v -9.0000 4.1000 12.9850
v -9.0000 4.1000 12.8650
v -9.0000 7.7000 12.8650
v -9.0000 7.7000 12.9850
f 9477 9478 9479 9480
v -5.4000 4.1000 12.8650
v -5.4000 4.1000 12.9850
v -5.1500 4.1000 12.9850
v -5.1500 4.1000 12.8650
f 9481 9482 9483 9484
v -5.4000 7.7000 12.8650
v -5.1500 7.7000 12.8650
v -5.1500 7.7000 12.9850
v -5.4000 7.7000 12.9850
f 9485 9486 9487 9488
v -5.4000 4.1000 12.8650
v -5.1500 4.1000 12.8650
v -5.1500 7.7000 12.8650
v -5.4000 7.7000 12.8650
f 9489 9490 9491 9492
v -5.1500 4.1000 12.8650
v -5.1500 4.1000 12.9850
v -5.1500 7.7000 12.9850
v -5.1500 7.7000 12.8650
f 9493 9494 9495 9496
v -5.1500 4.1000 12.9850
v -5.4000 4.1000 12.9850
v -5.4000 7.7000 12.9850
v -5.1500 7.7000 12.9850
f 9497 9498 9499 9500
v -5.4000 4.1000 12.9850
v -5.4000 4.1000 12.8650
v -5.4000 7.7000 12.8650
v -5.4000 7.7000 12.9850
f 9501 9502 9503 9504
v 5.4000 4.1000 12.8650
v 5.4000 4.1000 12.9850
v 5.6500 4.1000 12.9850
v 5.6500 4.1000 12.8650
f 9505 9506 9507 9508
v 5.4000 7.7000 12.8650
v 5.6500 7.7000 12.8650
v 5.6500 7.7000 12.9850
v 5.4000 7.7000 12.9850
f 9509 9510 9511 9512
v 5.4000 4.1000 12.8650
v 5.6500 4.1000 12.8650
v 5.6500 7.7000 12.8650
v 5.4000 7.7000 12.8650
f 9513 9514 9515 9516
v 5.6500 4.1000 12.8650
v 5.6500 4.1000 12.9850
v 5.6500 7.7000 12.9850
v 5.6500 7.7000 12.8650
f 9517 9518 9519 9520
v 5.6500 4.1000 12.9850
v 5.4000 4.1000 12.9850
v 5.4000 7.7000 12.9850
v 5.6500 7.7000 12.9850
f 9521 9522 9523 9524
v 5.4000 4.1000 12.9850
v 5.4000 4.1000 12.8650
v 5.4000 7.7000 12.8650
v 5.4000 7.7000 12.9850
f 9525 9526 9527 9528
v 9.0000 4.1000 12.8650
v 9.0000 4.1000 12.9850
v 9.2500 4.1000 12.9850
v 9.2500 4.1000 12.8650
f 9529 9530 9531 9532
v 9.0000 7.7000 12.8650
v 9.2500 7.7000 12.8650
v 9.2500 7.7000 12.9850
v 9.0000 7.7000 12.9850
f 9533 9534 9535 9536
v 9.0000 4.1000 12.8650
v 9.2500 4.1000 12.8650
v 9.2500 7.7000 12.8650
v 9.0000 7.7000 12.8650
f 9537 9538 9539 9540
v 9.2500 4.1000 12.8650
v 9.2500 4.1000 12.9850
v 9.2500 7.7000 12.9850
v 9.2500 7.7000 12.8650
f 9541 9542 9543 9544
v 9.2500 4.1000 12.9850
v 9.0000 4.1000 12.9850
v 9.0000 7.7000 12.9850
v 9.2500 7.7000 12.9850
f 9545 9546 9547 9548
v 9.0000 4.1000 12.9850
v 9.0000 4.1000 12.8650
v 9.0000 7.7000 12.8650
v 9.0000 7.7000 12.9850
f 9549 9550 9551 9552
v 12.6000 4.1000 12.8650
v 12.6000 4.1000 12.9850
v 12.8500 4.1000 12.9850
v 12.8500 4.1000 12.8650
f 9553 9554 9555 9556
v 12.6000 7.7000 12.8650
v 12.8500 7.7000 12.8650
v 12.8500 7.7000 12.9850
v 12.6000 7.7000 12.9850
f 9557 9558 9559 9560
v 12.6000 4.1000 12.8650
v 12.8500 4.1000 12.8650
v 12.8500 7.7000 12.8650
v 12.6000 7.7000 12.8650
f 9561 9562 9563 9564
v 12.8500 4.1000 12.8650
v 12.8500 4.1000 12.9850
v 12.8500 7.7000 12.9850
v 12.8500 7.7000 12.8650
f 9565 9566 9567 9568
v 12.8500 4.1000 12.9850
v 12.6000 4.1000 12.9850
v 12.6000 7.7000 12.9850
v 12.8500 7.7000 12.9850
f 9569 9570 9571 9572
v 12.6000 4.1000 12.9850
v 12.6000 4.1000 12.8650
v 12.6000 7.7000 12.8650
v 12.6000 7.7000 12.9850
f 9573 9574 9575 9576
v 16.0000 4.1000 12.8650
v 16.0000 4.1000 12.9850
v 16.2500 4.1000 12.9850
v 16.2500 4.1000 12.8650
f 9577 9578 9579 9580
v 16.0000 7.7000 12.8650
v 16.2500 7.7000 12.8650
v 16.2500 7.7000 12.9850
v 16.0000 7.7000 12.9850
f 9581 9582 9583 9584
v 16.0000 4.1000 12.8650
v 16.2500 4.1000 12.8650
v 16.2500 7.7000 12.8650
v 16.0000 7.7000 12.8650
f 9585 9586 9587 9588
v 16.2500 4.1000 12.8650
v 16.2500 4.1000 12.9850
v 16.2500 7.7000 12.9850
v 16.2500 7.7000 12.8650
f 9589 9590 9591 9592
v 16.2500 4.1000 12.9850
v 16.0000 4.1000 12.9850
v 16.0000 7.7000 12.9850
v 16.2500 7.7000 12.9850
f 9593 9594 9595 9596
v 16.0000 4.1000 12.9850
v 16.0000 4.1000 12.8650
v 16.0000 7.7000 12.8650
v 16.0000 7.7000 12.9850
f 9597 9598 9599 9600
g level_2_detail_side_pilaster
v -16.9750 4.1000 -12.4000
v -16.9750 4.1000 -12.1500
v -16.8750 4.1000 -12.1500
v -16.8750 4.1000 -12.4000
f 9601 9602 9603 9604
v -16.9750 7.7000 -12.4000
v -16.8750 7.7000 -12.4000
v -16.8750 7.7000 -12.1500
v -16.9750 7.7000 -12.1500
f 9605 9606 9607 9608
v -16.9750 4.1000 -12.4000
v -16.8750 4.1000 -12.4000
v -16.8750 7.7000 -12.4000
v -16.9750 7.7000 -12.4000
f 9609 9610 9611 9612
v -16.8750 4.1000 -12.4000
v -16.8750 4.1000 -12.1500
v -16.8750 7.7000 -12.1500
v -16.8750 7.7000 -12.4000
f 9613 9614 9615 9616
v -16.8750 4.1000 -12.1500
v -16.9750 4.1000 -12.1500
v -16.9750 7.7000 -12.1500
v -16.8750 7.7000 -12.1500
f 9617 9618 9619 9620
v -16.9750 4.1000 -12.1500
v -16.9750 4.1000 -12.4000
v -16.9750 7.7000 -12.4000
v -16.9750 7.7000 -12.1500
f 9621 9622 9623 9624
v -16.9750 4.1000 -8.8000
v -16.9750 4.1000 -8.5500
v -16.8750 4.1000 -8.5500
v -16.8750 4.1000 -8.8000
f 9625 9626 9627 9628
v -16.9750 7.7000 -8.8000
v -16.8750 7.7000 -8.8000
v -16.8750 7.7000 -8.5500
v -16.9750 7.7000 -8.5500
f 9629 9630 9631 9632
v -16.9750 4.1000 -8.8000
v -16.8750 4.1000 -8.8000
v -16.8750 7.7000 -8.8000
v -16.9750 7.7000 -8.8000
f 9633 9634 9635 9636
v -16.8750 4.1000 -8.8000
v -16.8750 4.1000 -8.5500
v -16.8750 7.7000 -8.5500
v -16.8750 7.7000 -8.8000
f 9637 9638 9639 9640
v -16.8750 4.1000 -8.5500
v -16.9750 4.1000 -8.5500
v -16.9750 7.7000 -8.5500
v -16.8750 7.7000 -8.5500
f 9641 9642 9643 9644
v -16.9750 4.1000 -8.5500
v -16.9750 4.1000 -8.8000
v -16.9750 7.7000 -8.8000
v -16.9750 7.7000 -8.5500
f 9645 9646 9647 9648
v -16.9750 4.1000 -5.2000
v -16.9750 4.1000 -4.9500
v -16.8750 4.1000 -4.9500
v -16.8750 4.1000 -5.2000
f 9649 9650 9651 9652
v -16.9750 7.7000 -5.2000
v -16.8750 7.7000 -5.2000
v -16.8750 7.7000 -4.9500
v -16.9750 7.7000 -4.9500
f 9653 9654 9655 9656
v -16.9750 4.1000 -5.2000
v -16.8750 4.1000 -5.2000
v -16.8750 7.7000 -5.2000
v -16.9750 7.7000 -5.2000
f 9657 9658 9659 9660
v -16.8750 4.1000 -5.2000
v -16.8750 4.1000 -4.9500
v -16.8750 7.7000 -4.9500
v -16.8750 7.7000 -5.2000
f 9661 9662 9663 9664
v -16.8750 4.1000 -4.9500
v -16.9750 4.1000 -4.9500
v -16.9750 7.7000 -4.9500
v -16.8750 7.7000 -4.9500
f 9665 9666 9667 9668
v -16.9750 4.1000 -4.9500
v -16.9750 4.1000 -5.2000
v -16.9750 7.7000 -5.2000
v -16.9750 7.7000 -4.9500
f 9669 9670 9671 9672
v -16.9750 4.1000 -1.6000
v -16.9750 4.1000 -1.3500
v -16.8750 4.1000 -1.3500
v -16.8750 4.1000 -1.6000
f 9673 9674 9675 9676
v -16.9750 7.7000 -1.6000
v -16.8750 7.7000 -1.6000
v -16.8750 7.7000 -1.3500
v -16.9750 7.7000 -1.3500
f 9677 9678 9679 9680
v -16.9750 4.1000 -1.6000
v -16.8750 4.1000 -1.6000
v -16.8750 7.7000 -1.6000
v -16.9750 7.7000 -1.6000
f 9681 9682 9683 9684
v -16.8750 4.1000 -1.6000
v -16.8750 4.1000 -1.3500
v -16.8750 7.7000 -1.3500
v -16.8750 7.7000 -1.6000
f 9685 9686 9687 9688
v -16.8750 4.1000 -1.3500
v -16.9750 4.1000 -1.3500
v -16.9750 7.7000 -1.3500
v -16.8750 7.7000 -1.3500
f 9689 9690 9691 9692
v -16.9750 4.1000 -1.3500
v -16.9750 4.1000 -1.6000
v -16.9750 7.7000 -1.6000
v -16.9750 7.7000 -1.3500
f 9693 9694 9695 9696
v -16.9750 4.1000 2.0000
v -16.9750 4.1000 2.2500
v -16.8750 4.1000 2.2500
v -16.8750 4.1000 2.0000
f 9697 9698 9699 9700
v -16.9750 7.7000 2.0000
v -16.8750 7.7000 2.0000
v -16.8750 7.7000 2.2500
v -16.9750 7.7000 2.2500
f 9701 9702 9703 9704
v -16.9750 4.1000 2.0000
v -16.8750 4.1000 2.0000
v -16.8750 7.7000 2.0000
v -16.9750 7.7000 2.0000
f 9705 9706 9707 9708
v -16.8750 4.1000 2.0000
v -16.8750 4.1000 2.2500
v -16.8750 7.7000 2.2500
v -16.8750 7.7000 2.0000
f 9709 9710 9711 9712
v -16.8750 4.1000 2.2500
v -16.9750 4.1000 2.2500
v -16.9750 7.7000 2.2500
v -16.8750 7.7000 2.2500
f 9713 9714 9715 9716
v -16.9750 4.1000 2.2500
v -16.9750 4.1000 2.0000
v -16.9750 7.7000 2.0000
v -16.9750 7.7000 2.2500
f 9717 9718 9719 9720
v -16.9750 4.1000 5.6000
v -16.9750 4.1000 5.8500
v -16.8750 4.1000 5.8500
v -16.8750 4.1000 5.6000
f 9721 9722 9723 9724
v -16.9750 7.7000 5.6000
v -16.8750 7.7000 5.6000
v -16.8750 7.7000 5.8500
v -16.9750 7.7000 5.8500
f 9725 9726 9727 9728
v -16.9750 4.1000 5.6000
v -16.8750 4.1000 5.6000
v -16.8750 7.7000 5.6000
v -16.9750 7.7000 5.6000
f 9729 9730 9731 9732
v -16.8750 4.1000 5.6000
v -16.8750 4.1000 5.8500
v -16.8750 7.7000 5.8500
v -16.8750 7.7000 5.6000
f 9733 9734 9735 9736
v -16.8750 4.1000 5.8500
v -16.9750 4.1000 5.8500
v -16.9750 7.7000 5.8500
v -16.8750 7.7000 5.8500
f 9737 9738 9739 9740
v -16.9750 4.1000 5.8500
v -16.9750 4.1000 5.6000
v -16.9750 7.7000 5.6000
v -16.9750 7.7000 5.8500
f 9741 9742 9743 9744
v -16.9750 4.1000 9.2000
v -16.9750 4.1000 9.4500
v -16.8750 4.1000 9.4500
v -16.8750 4.1000 9.2000
f 9745 9746 9747 9748
v -16.9750 7.7000 9.2000
v -16.8750 7.7000 9.2000
v -16.8750 7.7000 9.4500
v -16.9750 7.7000 9.4500
f 9749 9750 9751 9752
v -16.9750 4.1000 9.2000
v -16.8750 4.1000 9.2000
v -16.8750 7.7000 9.2000
v -16.9750 7.7000 9.2000
f 9753 9754 9755 9756
v -16.8750 4.1000 9.2000
v -16.8750 4.1000 9.4500
v -16.8750 7.7000 9.4500
v -16.8750 7.7000 9.2000
f 9757 9758 9759 9760
v -16.8750 4.1000 9.4500
v -16.9750 4.1000 9.4500
v -16.9750 7.7000 9.4500
v -16.8750 7.7000 9.4500
f 9761 9762 9763 9764
v -16.9750 4.1000 9.4500
v -16.9750 4.1000 9.2000
v -16.9750 7.7000 9.2000
v -16.9750 7.7000 9.4500
f 9765 9766 9767 9768
v -16.9750 4.1000 12.2000
v -16.9750 4.1000 12.4500
v -16.8750 4.1000 12.4500
v -16.8750 4.1000 12.2000
f 9769 9770 9771 9772
v -16.9750 7.7000 12.2000
v -16.8750 7.7000 12.2000
v -16.8750 7.7000 12.4500
v -16.9750 7.7000 12.4500
f 9773 9774 9775 9776
v -16.9750 4.1000 12.2000
v -16.8750 4.1000 12.2000
v -16.8750 7.7000 12.2000
v -16.9750 7.7000 12.2000
f 9777 9778 9779 9780
v -16.8750 4.1000 12.2000
v -16.8750 4.1000 12.4500
v -16.8750 7.7000 12.4500
v -16.8750 7.7000 12.2000
f 9781 9782 9783 9784
v -16.8750 4.1000 12.4500
v -16.9750 4.1000 12.4500
v -16.9750 7.7000 12.4500
v -16.8750 7.7000 12.4500
f 9785 9786 9787 9788
v -16.9750 4.1000 12.4500
v -16.9750 4.1000 12.2000
v -16.9750 7.7000 12.2000
v -16.9750 7.7000 12.4500
f 9789 9790 9791 9792
v 16.8750 4.1000 -12.4000
v 16.8750 4.1000 -12.1500
v 16.9750 4.1000 -12.1500
v 16.9750 4.1000 -12.4000
f 9793 9794 9795 9796
v 16.8750 7.7000 -12.4000
v 16.9750 7.7000 -12.4000
v 16.9750 7.7000 -12.1500
v 16.8750 7.7000 -12.1500
f 9797 9798 9799 9800
v 16.8750 4.1000 -12.4000
v 16.9750 4.1000 -12.4000
v 16.9750 7.7000 -12.4000
v 16.8750 7.7000 -12.4000
f 9801 9802 9803 9804
v 16.9750 4.1000 -12.4000
v 16.9750 4.1000 -12.1500
v 16.9750 7.7000 -12.1500
v 16.9750 7.7000 -12.4000
f 9805 9806 9807 9808
v 16.9750 4.1000 -12.1500
v 16.8750 4.1000 -12.1500
v 16.8750 7.7000 -12.1500
v 16.9750 7.7000 -12.1500
f 9809 9810 9811 9812
v 16.8750 4.1000 -12.1500
v 16.8750 4.1000 -12.4000
v 16.8750 7.7000 -12.4000
v 16.8750 7.7000 -12.1500
f 9813 9814 9815 9816
v 16.8750 4.1000 -8.8000
v 16.8750 4.1000 -8.5500
v 16.9750 4.1000 -8.5500
v 16.9750 4.1000 -8.8000
f 9817 9818 9819 9820
v 16.8750 7.7000 -8.8000
v 16.9750 7.7000 -8.8000
v 16.9750 7.7000 -8.5500
v 16.8750 7.7000 -8.5500
f 9821 9822 9823 9824
v 16.8750 4.1000 -8.8000
v 16.9750 4.1000 -8.8000
v 16.9750 7.7000 -8.8000
v 16.8750 7.7000 -8.8000
f 9825 9826 9827 9828
v 16.9750 4.1000 -8.8000
v 16.9750 4.1000 -8.5500
v 16.9750 7.7000 -8.5500
v 16.9750 7.7000 -8.8000
f 9829 9830 9831 9832
v 16.9750 4.1000 -8.5500
v 16.8750 4.1000 -8.5500
v 16.8750 7.7000 -8.5500
v 16.9750 7.7000 -8.5500
f 9833 9834 9835 9836
v 16.8750 4.1000 -8.5500
v 16.8750 4.1000 -8.8000
v 16.8750 7.7000 -8.8000
v 16.8750 7.7000 -8.5500
f 9837 9838 9839 9840
v 16.8750 4.1000 -5.2000
v 16.8750 4.1000 -4.9500
v 16.9750 4.1000 -4.9500
v 16.9750 4.1000 -5.2000
f 9841 9842 9843 9844
v 16.8750 7.7000 -5.2000
v 16.9750 7.7000 -5.2000
v 16.9750 7.7000 -4.9500
v 16.8750 7.7000 -4.9500
f 9845 9846 9847 9848
v 16.8750 4.1000 -5.2000
v 16.9750 4.1000 -5.2000
v 16.9750 7.7000 -5.2000
v 16.8750 7.7000 -5.2000
f 9849 9850 9851 9852
v 16.9750 4.1000 -5.2000
v 16.9750 4.1000 -4.9500
v 16.9750 7.7000 -4.9500
v 16.9750 7.7000 -5.2000
f 9853 9854 9855 9856
v 16.9750 4.1000 -4.9500
v 16.8750 4.1000 -4.9500
v 16.8750 7.7000 -4.9500
v 16.9750 7.7000 -4.9500
f 9857 9858 9859 9860
v 16.8750 4.1000 -4.9500
v 16.8750 4.1000 -5.2000
v 16.8750 7.7000 -5.2000
v 16.8750 7.7000 -4.9500
f 9861 9862 9863 9864
v 16.8750 4.1000 -1.6000
v 16.8750 4.1000 -1.3500
v 16.9750 4.1000 -1.3500
v 16.9750 4.1000 -1.6000
f 9865 9866 9867 9868
v 16.8750 7.7000 -1.6000
v 16.9750 7.7000 -1.6000
v 16.9750 7.7000 -1.3500
v 16.8750 7.7000 -1.3500
f 9869 9870 9871 9872
v 16.8750 4.1000 -1.6000
v 16.9750 4.1000 -1.6000
v 16.9750 7.7000 -1.6000
v 16.8750 7.7000 -1.6000
f 9873 9874 9875 9876
v 16.9750 4.1000 -1.6000
v 16.9750 4.1000 -1.3500
v 16.9750 7.7000 -1.3500
v 16.9750 7.7000 -1.6000
f 9877 9878 9879 9880
v 16.9750 4.1000 -1.3500
v 16.8750 4.1000 -1.3500
v 16.8750 7.7000 -1.3500
v 16.9750 7.7000 -1.3500
f 9881 9882 9883 9884
v 16.8750 4.1000 -1.3500
v 16.8750 4.1000 -1.6000
v 16.8750 7.7000 -1.6000
v 16.8750 7.7000 -1.3500
f 9885 9886 9887 9888
v 16.8750 4.1000 2.0000
v 16.8750 4.1000 2.2500
v 16.9750 4.1000 2.2500
v 16.9750 4.1000 2.0000
f 9889 9890 9891 9892
v 16.8750 7.7000 2.0000
v 16.9750 7.7000 2.0000
v 16.9750 7.7000 2.2500
v 16.8750 7.7000 2.2500
f 9893 9894 9895 9896
v 16.8750 4.1000 2.0000
v 16.9750 4.1000 2.0000
v 16.9750 7.7000 2.0000
v 16.8750 7.7000 2.0000
f 9897 9898 9899 9900
v 16.9750 4.1000 2.0000
v 16.9750 4.1000 2.2500
v 16.9750 7.7000 2.2500
v 16.9750 7.7000 2.0000
f 9901 9902 9903 9904
v 16.9750 4.1000 2.2500
v 16.8750 4.1000 2.2500
v 16.8750 7.7000 2.2500
v 16.9750 7.7000 2.2500
f 9905 9906 9907 9908
v 16.8750 4.1000 2.2500
v 16.8750 4.1000 2.0000
v 16.8750 7.7000 2.0000
v 16.8750 7.7000 2.2500
f 9909 9910 9911 9912
v 16.8750 4.1000 5.6000
v 16.8750 4.1000 5.8500
v 16.9750 4.1000 5.8500
v 16.9750 4.1000 5.6000
f 9913 9914 9915 9916
v 16.8750 7.7000 5.6000
v 16.9750 7.7000 5.6000
v 16.9750 7.7000 5.8500
v 16.8750 7.7000 5.8500
f 9917 9918 9919 9920
v 16.8750 4.1000 5.6000
v 16.9750 4.1000 5.6000
v 16.9750 7.7000 5.6000
v 16.8750 7.7000 5.6000
f 9921 9922 9923 9924
v 16.9750 4.1000 5.6000
v 16.9750 4.1000 5.8500
v 16.9750 7.7000 5.8500
v 16.9750 7.7000 5.6000
f 9925 9926 9927 9928
v 16.9750 4.1000 5.8500
v 16.8750 4.1000 5.8500
v 16.8750 7.7000 5.8500
v 16.9750 7.7000 5.8500
f 9929 9930 9931 9932
v 16.8750 4.1000 5.8500
v 16.8750 4.1000 5.6000
v 16.8750 7.7000 5.6000
v 16.8750 7.7000 5.8500
f 9933 9934 9935 9936
v 16.8750 4.1000 9.2000
v 16.8750 4.1000 9.4500
v 16.9750 4.1000 9.4500
v 16.9750 4.1000 9.2000
f 9937 9938 9939 9940
v 16.8750 7.7000 9.2000
v 16.9750 7.7000 9.2000
v 16.9750 7.7000 9.4500
v 16.8750 7.7000 9.4500
f 9941 9942 9943 9944
v 16.8750 4.1000 9.2000
v 16.9750 4.1000 9.2000
v 16.9750 7.7000 9.2000
v 16.8750 7.7000 9.2000
f 9945 9946 9947 9948
v 16.9750 4.1000 9.2000
v 16.9750 4.1000 9.4500
v 16.9750 7.7000 9.4500
v 16.9750 7.7000 9.2000
f 9949 9950 9951 9952
v 16.9750 4.1000 9.4500
v 16.8750 4.1000 9.4500
v 16.8750 7.7000 9.4500
v 16.9750 7.7000 9.4500
f 9953 9954 9955 9956
v 16.8750 4.1000 9.4500
v 16.8750 4.1000 9.2000
v 16.8750 7.7000 9.2000
v 16.8750 7.7000 9.4500
f 9957 9958 9959 9960
v 16.8750 4.1000 12.2000
v 16.8750 4.1000 12.4500
v 16.9750 4.1000 12.4500
v 16.9750 4.1000 12.2000
f 9961 9962 9963 9964
v 16.8750 7.7000 12.2000
v 16.9750 7.7000 12.2000
v 16.9750 7.7000 12.4500
v 16.8750 7.7000 12.4500
f 9965 9966 9967 9968
v 16.8750 4.1000 12.2000
v 16.9750 4.1000 12.2000
v 16.9750 7.7000 12.2000
v 16.8750 7.7000 12.2000
f 9969 9970 9971 9972
v 16.9750 4.1000 12.2000
v 16.9750 4.1000 12.4500
v 16.9750 7.7000 12.4500
v 16.9750 7.7000 12.2000
f 9973 9974 9975 9976
v 16.9750 4.1000 12.4500
v 16.8750 4.1000 12.4500
v 16.8750 7.7000 12.4500
v 16.9750 7.7000 12.4500
f 9977 9978 9979 9980
v 16.8750 4.1000 12.4500
v 16.8750 4.1000 12.2000
v 16.8750 7.7000 12.2000
v 16.8750 7.7000 12.4500
f 9981 9982 9983 9984
g level_2_cornice_cornice
v -16.9150 7.5500 2.4300
v -16.9150 7.5500 12.8650
v 16.9150 7.5500 12.8650
v 16.9150 7.5500 2.4300
f 9985 9986 9987 9988
v -16.9150 7.7000 2.4300
v 16.9150 7.7000 2.4300
v 16.9150 7.7000 12.8650
v -16.9150 7.7000 12.8650
f 9989 9990 9991 9992
v -16.9150 7.5500 2.4300
v 16.9150 7.5500 2.4300
v 16.9150 7.7000 2.4300
v -16.9150 7.7000 2.4300
f 9993 9994 9995 9996
v 16.9150 7.5500 2.4300
v 16.9150 7.5500 12.8650
v 16.9150 7.7000 12.8650
v 16.9150 7.7000 2.4300
f 9997 9998 9999 10000
v 16.9150 7.5500 12.8650
v -16.9150 7.5500 12.8650
v -16.9150 7.7000 12.8650
v 16.9150 7.7000 12.8650
f 10001 10002 10003 10004
v -16.9150 7.5500 12.8650
v -16.9150 7.5500 2.4300
v -16.9150 7.7000 2.4300
v -16.9150 7.7000 12.8650
f 10005 10006 10007 10008
v -16.9150 7.5500 -12.8650
v -16.9150 7.5500 2.6700
v -8.5250 7.5500 2.6700
v -8.5250 7.5500 -12.8650
f 10009 10010 10011 10012
v -16.9150 7.7000 -12.8650
v -8.5250 7.7000 -12.8650
v -8.5250 7.7000 2.6700
v -16.9150 7.7000 2.6700
f 10013 10014 10015 10016
v -16.9150 7.5500 -12.8650
v -8.5250 7.5500 -12.8650
v -8.5250 7.7000 -12.8650
v -16.9150 7.7000 -12.8650
f 10017 10018 10019 10020
v -8.5250 7.5500 -12.8650
v -8.5250 7.5500 2.6700
v -8.5250 7.7000 2.6700
v -8.5250 7.7000 -12.8650
f 10021 10022 10023 10024
v -8.5250 7.5500 2.6700
v -16.9150 7.5500 2.6700
v -16.9150 7.7000 2.6700
v -8.5250 7.7000 2.6700
f 10025 10026 10027 10028
v -16.9150 7.5500 2.6700
v -16.9150 7.5500 -12.8650
v -16.9150 7.7000 -12.8650
v -16.9150 7.7000 2.6700
f 10029 10030 10031 10032
v 8.5250 7.5500 -12.8650
v 8.5250 7.5500 2.6700
v 16.9150 7.5500 2.6700
v 16.9150 7.5500 -12.8650
f 10033 10034 10035 10036
v 8.5250 7.7000 -12.8650
v 16.9150 7.7000 -12.8650
v 16.9150 7.7000 2.6700
v 8.5250 7.7000 2.6700
f 10037 10038 10039 10040
v 8.5250 7.5500 -12.8650
v 16.9150 7.5500 -12.8650
v 16.9150 7.7000 -12.8650
v 8.5250 7.7000 -12.8650
f 10041 10042 10043 10044
v 16.9150 7.5500 -12.8650
v 16.9150 7.5500 2.6700
v 16.9150 7.7000 2.6700
v 16.9150 7.7000 -12.8650
f 10045 10046 10047 10048
v 16.9150 7.5500 2.6700
v 8.5250 7.5500 2.6700
v 8.5250 7.7000 2.6700
v 16.9150 7.7000 2.6700
f 10049 10050 10051 10052
v 8.5250 7.5500 2.6700
v 8.5250 7.5500 -12.8650
v 8.5250 7.7000 -12.8650
v 8.5250 7.7000 2.6700
f 10053 10054 10055 10056
g level_0_outside_entrance_platform
usemtl path
v -4.5000 0.1500 12.9950
v -4.5000 0.1500 17.0950
v 4.5000 0.1500 17.0950
v 4.5000 0.1500 12.9950
f 10057 10058 10059 10060
v -4.5000 0.5000 12.9950
v 4.5000 0.5000 12.9950
v 4.5000 0.5000 17.0950
v -4.5000 0.5000 17.0950
f 10061 10062 10063 10064
v -4.5000 0.1500 12.9950
v 4.5000 0.1500 12.9950
v 4.5000 0.5000 12.9950
v -4.5000 0.5000 12.9950
f 10065 10066 10067 10068
v 4.5000 0.1500 12.9950
v 4.5000 0.1500 17.0950
v 4.5000 0.5000 17.0950
v 4.5000 0.5000 12.9950
f 10069 10070 10071 10072
v 4.5000 0.1500 17.0950
v -4.5000 0.1500 17.0950
v -4.5000 0.5000 17.0950
v 4.5000 0.5000 17.0950
f 10073 10074 10075 10076
v -4.5000 0.1500 17.0950
v -4.5000 0.1500 12.9950
v -4.5000 0.5000 12.9950
v -4.5000 0.5000 17.0950
f 10077 10078 10079 10080
g level_1_detail_entrance_door
usemtl frame
v -1.5500 0.5000 12.8650
v -1.5500 0.5000 13.0050
v 1.5500 0.5000 13.0050
v 1.5500 0.5000 12.8650
f 10081 10082 10083 10084
v -1.5500 3.2000 12.8650
v 1.5500 3.2000 12.8650
v 1.5500 3.2000 13.0050
v -1.5500 3.2000 13.0050
f 10085 10086 10087 10088
v -1.5500 0.5000 12.8650
v 1.5500 0.5000 12.8650
v 1.5500 3.2000 12.8650
v -1.5500 3.2000 12.8650
f 10089 10090 10091 10092
v 1.5500 0.5000 12.8650
v 1.5500 0.5000 13.0050
v 1.5500 3.2000 13.0050
v 1.5500 3.2000 12.8650
f 10093 10094 10095 10096
v 1.5500 0.5000 13.0050
v -1.5500 0.5000 13.0050
v -1.5500 3.2000 13.0050
v 1.5500 3.2000 13.0050
f 10097 10098 10099 10100
v -1.5500 0.5000 13.0050
v -1.5500 0.5000 12.8650
v -1.5500 3.2000 12.8650
v -1.5500 3.2000 13.0050
f 10101 10102 10103 10104
g level_1_detail_entrance_glass
usemtl glass
v -1.3800 0.6500 13.0250
v -1.3800 0.6500 13.1050
v 1.3800 0.6500 13.1050
v 1.3800 0.6500 13.0250
f 10105 10106 10107 10108
v -1.3800 3.0000 13.0250
v 1.3800 3.0000 13.0250
v 1.3800 3.0000 13.1050
v -1.3800 3.0000 13.1050
f 10109 10110 10111 10112
v -1.3800 0.6500 13.0250
v 1.3800 0.6500 13.0250
v 1.3800 3.0000 13.0250
v -1.3800 3.0000 13.0250
f 10113 10114 10115 10116
v 1.3800 0.6500 13.0250
v 1.3800 0.6500 13.1050
v 1.3800 3.0000 13.1050
v 1.3800 3.0000 13.0250
f 10117 10118 10119 10120
v 1.3800 0.6500 13.1050
v -1.3800 0.6500 13.1050
v -1.3800 3.0000 13.1050
v 1.3800 3.0000 13.1050
f 10121 10122 10123 10124
v -1.3800 0.6500 13.1050
v -1.3800 0.6500 13.0250
v -1.3800 3.0000 13.0250
v -1.3800 3.0000 13.1050
f 10125 10126 10127 10128
g level_1_detail_portico_column
usemtl trim
v -4.3800 0.5000 16.3950
v -4.3800 0.5000 16.8550
v -3.9200 0.5000 16.8550
v -3.9200 0.5000 16.3950
f 10129 10130 10131 10132
v -4.3800 4.0500 16.3950
v -3.9200 4.0500 16.3950
v -3.9200 4.0500 16.8550
v -4.3800 4.0500 16.8550
f 10133 10134 10135 10136
v -4.3800 0.5000 16.3950
v -3.9200 0.5000 16.3950
v -3.9200 4.0500 16.3950
v -4.3800 4.0500 16.3950
f 10137 10138 10139 10140
v -3.9200 0.5000 16.3950
v -3.9200 0.5000 16.8550
v -3.9200 4.0500 16.8550
v -3.9200 4.0500 16.3950
f 10141 10142 10143 10144
v -3.9200 0.5000 16.8550
v -4.3800 0.5000 16.8550
v -4.3800 4.0500 16.8550
v -3.9200 4.0500 16.8550
f 10145 10146 10147 10148
v -4.3800 0.5000 16.8550
v -4.3800 0.5000 16.3950
v -4.3800 4.0500 16.3950
v -4.3800 4.0500 16.8550
f 10149 10150 10151 10152
g level_1_detail_column_base
v -4.5100 0.4800 16.2650
v -4.5100 0.4800 16.9850
v -3.7900 0.4800 16.9850
v -3.7900 0.4800 16.2650
f 10153 10154 10155 10156
v -4.5100 0.6800 16.2650
v -3.7900 0.6800 16.2650
v -3.7900 0.6800 16.9850
v -4.5100 0.6800 16.9850
f 10157 10158 10159 10160
v -4.5100 0.4800 16.2650
v -3.7900 0.4800 16.2650
v -3.7900 0.6800 16.2650
v -4.5100 0.6800 16.2650
f 10161 10162 10163 10164
v -3.7900 0.4800 16.2650
v -3.7900 0.4800 16.9850
v -3.7900 0.6800 16.9850
v -3.7900 0.6800 16.2650
f 10165 10166 10167 10168
v -3.7900 0.4800 16.9850
v -4.5100 0.4800 16.9850
v -4.5100 0.6800 16.9850
v -3.7900 0.6800 16.9850
f 10169 10170 10171 10172
v -4.5100 0.4800 16.9850
v -4.5100 0.4800 16.2650
v -4.5100 0.6800 16.2650
v -4.5100 0.6800 16.9850
f 10173 10174 10175 10176
g level_1_detail_column_capital
v -4.4600 3.8600 16.3150
v -4.4600 3.8600 16.9350
v -3.8400 3.8600 16.9350
v -3.8400 3.8600 16.3150
f 10177 10178 10179 10180
v -4.4600 4.0500 16.3150
v -3.8400 4.0500 16.3150
v -3.8400 4.0500 16.9350
v -4.4600 4.0500 16.9350
f 10181 10182 10183 10184
v -4.4600 3.8600 16.3150
v -3.8400 3.8600 16.3150
v -3.8400 4.0500 16.3150
v -4.4600 4.0500 16.3150
f 10185 10186 10187 10188
v -3.8400 3.8600 16.3150
v -3.8400 3.8600 16.9350
v -3.8400 4.0500 16.9350
v -3.8400 4.0500 16.3150
f 10189 10190 10191 10192
v -3.8400 3.8600 16.9350
v -4.4600 3.8600 16.9350
v -4.4600 4.0500 16.9350
v -3.8400 4.0500 16.9350
f 10193 10194 10195 10196
v -4.4600 3.8600 16.9350
v -4.4600 3.8600 16.3150
v -4.4600 4.0500 16.3150
v -4.4600 4.0500 16.9350
f 10197 10198 10199 10200
g level_1_detail_portico_column
v -1.6100 0.5000 16.3950
v -1.6100 0.5000 16.8550
v -1.1500 0.5000 16.8550
v -1.1500 0.5000 16.3950
f 10201 10202 10203 10204
v -1.6100 4.0500 16.3950
v -1.1500 4.0500 16.3950
v -1.1500 4.0500 16.8550
v -1.6100 4.0500 16.8550
f 10205 10206 10207 10208
v -1.6100 0.5000 16.3950
v -1.1500 0.5000 16.3950
v -1.1500 4.0500 16.3950
v -1.6100 4.0500 16.3950
f 10209 10210 10211 10212
v -1.1500 0.5000 16.3950
v -1.1500 0.5000 16.8550
v -1.1500 4.0500 16.8550
v -1.1500 4.0500 16.3950
f 10213 10214 10215 10216
v -1.1500 0.5000 16.8550
v -1.6100 0.5000 16.8550
v -1.6100 4.0500 16.8550
v -1.1500 4.0500 16.8550
f 10217 10218 10219 10220
v -1.6100 0.5000 16.8550
v -1.6100 0.5000 16.3950
v -1.6100 4.0500 16.3950
v -1.6100 4.0500 16.8550
f 10221 10222 10223 10224
g level_1_detail_column_base
v -1.7400 0.4800 16.2650
v -1.7400 0.4800 16.9850
v -1.0200 0.4800 16.9850
v -1.0200 0.4800 16.2650
f 10225 10226 10227 10228
v -1.7400 0.6800 16.2650
v -1.0200 0.6800 16.2650
v -1.0200 0.6800 16.9850
v -1.7400 0.6800 16.9850
f 10229 10230 10231 10232
v -1.7400 0.4800 16.2650
v -1.0200 0.4800 16.2650
v -1.0200 0.6800 16.2650
v -1.7400 0.6800 16.2650
f 10233 10234 10235 10236
v -1.0200 0.4800 16.2650
v -1.0200 0.4800 16.9850
v -1.0200 0.6800 16.9850
v -1.0200 0.6800 16.2650
f 10237 10238 10239 10240
v -1.0200 0.4800 16.9850
v -1.7400 0.4800 16.9850
v -1.7400 0.6800 16.9850
v -1.0200 0.6800 16.9850
f 10241 10242 10243 10244
v -1.7400 0.4800 16.9850
v -1.7400 0.4800 16.2650
v -1.7400 0.6800 16.2650
v -1.7400 0.6800 16.9850
f 10245 10246 10247 10248
g level_1_detail_column_capital
v -1.6900 3.8600 16.3150
v -1.6900 3.8600 16.9350
v -1.0700 3.8600 16.9350
v -1.0700 3.8600 16.3150
f 10249 10250 10251 10252
v -1.6900 4.0500 16.3150
v -1.0700 4.0500 16.3150
v -1.0700 4.0500 16.9350
v -1.6900 4.0500 16.9350
f 10253 10254 10255 10256
v -1.6900 3.8600 16.3150
v -1.0700 3.8600 16.3150
v -1.0700 4.0500 16.3150
v -1.6900 4.0500 16.3150
f 10257 10258 10259 10260
v -1.0700 3.8600 16.3150
v -1.0700 3.8600 16.9350
v -1.0700 4.0500 16.9350
v -1.0700 4.0500 16.3150
f 10261 10262 10263 10264
v -1.0700 3.8600 16.9350
v -1.6900 3.8600 16.9350
v -1.6900 4.0500 16.9350
v -1.0700 4.0500 16.9350
f 10265 10266 10267 10268
v -1.6900 3.8600 16.9350
v -1.6900 3.8600 16.3150
v -1.6900 4.0500 16.3150
v -1.6900 4.0500 16.9350
f 10269 10270 10271 10272
g level_1_detail_portico_column
v 1.1500 0.5000 16.3950
v 1.1500 0.5000 16.8550
v 1.6100 0.5000 16.8550
v 1.6100 0.5000 16.3950
f 10273 10274 10275 10276
v 1.1500 4.0500 16.3950
v 1.6100 4.0500 16.3950
v 1.6100 4.0500 16.8550
v 1.1500 4.0500 16.8550
f 10277 10278 10279 10280
v 1.1500 0.5000 16.3950
v 1.6100 0.5000 16.3950
v 1.6100 4.0500 16.3950
v 1.1500 4.0500 16.3950
f 10281 10282 10283 10284
v 1.6100 0.5000 16.3950
v 1.6100 0.5000 16.8550
v 1.6100 4.0500 16.8550
v 1.6100 4.0500 16.3950
f 10285 10286 10287 10288
v 1.6100 0.5000 16.8550
v 1.1500 0.5000 16.8550
v 1.1500 4.0500 16.8550
v 1.6100 4.0500 16.8550
f 10289 10290 10291 10292
v 1.1500 0.5000 16.8550
v 1.1500 0.5000 16.3950
v 1.1500 4.0500 16.3950
v 1.1500 4.0500 16.8550
f 10293 10294 10295 10296
g level_1_detail_column_base
v 1.0200 0.4800 16.2650
v 1.0200 0.4800 16.9850
v 1.7400 0.4800 16.9850
v 1.7400 0.4800 16.2650
f 10297 10298 10299 10300
v 1.0200 0.6800 16.2650
v 1.7400 0.6800 16.2650
v 1.7400 0.6800 16.9850
v 1.0200 0.6800 16.9850
f 10301 10302 10303 10304
v 1.0200 0.4800 16.2650
v 1.7400 0.4800 16.2650
v 1.7400 0.6800 16.2650
v 1.0200 0.6800 16.2650
f 10305 10306 10307 10308
v 1.7400 0.4800 16.2650
v 1.7400 0.4800 16.9850
v 1.7400 0.6800 16.9850
v 1.7400 0.6800 16.2650
f 10309 10310 10311 10312
v 1.7400 0.4800 16.9850
v 1.0200 0.4800 16.9850
v 1.0200 0.6800 16.9850
v 1.7400 0.6800 16.9850
f 10313 10314 10315 10316
v 1.0200 0.4800 16.9850
v 1.0200 0.4800 16.2650
v 1.0200 0.6800 16.2650
v 1.0200 0.6800 16.9850
f 10317 10318 10319 10320
g level_1_detail_column_capital
v 1.0700 3.8600 16.3150
v 1.0700 3.8600 16.9350
v 1.6900 3.8600 16.9350
v 1.6900 3.8600 16.3150
f 10321 10322 10323 10324
v 1.0700 4.0500 16.3150
v 1.6900 4.0500 16.3150
v 1.6900 4.0500 16.9350
v 1.0700 4.0500 16.9350
f 10325 10326 10327 10328
v 1.0700 3.8600 16.3150
v 1.6900 3.8600 16.3150
v 1.6900 4.0500 16.3150
v 1.0700 4.0500 16.3150
f 10329 10330 10331 10332
v 1.6900 3.8600 16.3150
v 1.6900 3.8600 16.9350
v 1.6900 4.0500 16.9350
v 1.6900 4.0500 16.3150
f 10333 10334 10335 10336
v 1.6900 3.8600 16.9350
v 1.0700 3.8600 16.9350
v 1.0700 4.0500 16.9350
v 1.6900 4.0500 16.9350
f 10337 10338 10339 10340
v 1.0700 3.8600 16.9350
v 1.0700 3.8600 16.3150
v 1.0700 4.0500 16.3150
v 1.0700 4.0500 16.9350
f 10341 10342 10343 10344
g level_1_detail_portico_column
v 3.9200 0.5000 16.3950
v 3.9200 0.5000 16.8550
v 4.3800 0.5000 16.8550
v 4.3800 0.5000 16.3950
f 10345 10346 10347 10348
v 3.9200 4.0500 16.3950
v 4.3800 4.0500 16.3950
v 4.3800 4.0500 16.8550
v 3.9200 4.0500 16.8550
f 10349 10350 10351 10352
v 3.9200 0.5000 16.3950
v 4.3800 0.5000 16.3950
v 4.3800 4.0500 16.3950
v 3.9200 4.0500 16.3950
f 10353 10354 10355 10356
v 4.3800 0.5000 16.3950
v 4.3800 0.5000 16.8550
v 4.3800 4.0500 16.8550
v 4.3800 4.0500 16.3950
f 10357 10358 10359 10360
v 4.3800 0.5000 16.8550
v 3.9200 0.5000 16.8550
v 3.9200 4.0500 16.8550
v 4.3800 4.0500 16.8550
f 10361 10362 10363 10364
v 3.9200 0.5000 16.8550
v 3.9200 0.5000 16.3950
v 3.9200 4.0500 16.3950
v 3.9200 4.0500 16.8550
f 10365 10366 10367 10368
g level_1_detail_column_base
v 3.7900 0.4800 16.2650
v 3.7900 0.4800 16.9850
v 4.5100 0.4800 16.9850
v 4.5100 0.4800 16.2650
f 10369 10370 10371 10372
v 3.7900 0.6800 16.2650
v 4.5100 0.6800 16.2650
v 4.5100 0.6800 16.9850
v 3.7900 0.6800 16.9850
f 10373 10374 10375 10376
v 3.7900 0.4800 16.2650
v 4.5100 0.4800 16.2650
v 4.5100 0.6800 16.2650
v 3.7900 0.6800 16.2650
f 10377 10378 10379 10380
v 4.5100 0.4800 16.2650
v 4.5100 0.4800 16.9850
v 4.5100 0.6800 16.9850
v 4.5100 0.6800 16.2650
f 10381 10382 10383 10384
v 4.5100 0.4800 16.9850
v 3.7900 0.4800 16.9850
v 3.7900 0.6800 16.9850
v 4.5100 0.6800 16.9850
f 10385 10386 10387 10388
v 3.7900 0.4800 16.9850
v 3.7900 0.4800 16.2650
v 3.7900 0.6800 16.2650
v 3.7900 0.6800 16.9850
f 10389 10390 10391 10392
g level_1_detail_column_capital
v 3.8400 3.8600 16.3150
v 3.8400 3.8600 16.9350
v 4.4600 3.8600 16.9350
v 4.4600 3.8600 16.3150
f 10393 10394 10395 10396
v 3.8400 4.0500 16.3150
v 4.4600 4.0500 16.3150
v 4.4600 4.0500 16.9350
v 3.8400 4.0500 16.9350
f 10397 10398 10399 10400
v 3.8400 3.8600 16.3150
v 4.4600 3.8600 16.3150
v 4.4600 4.0500 16.3150
v 3.8400 4.0500 16.3150
f 10401 10402 10403 10404
v 4.4600 3.8600 16.3150
v 4.4600 3.8600 16.9350
v 4.4600 4.0500 16.9350
v 4.4600 4.0500 16.3150
f 10405 10406 10407 10408
v 4.4600 3.8600 16.9350
v 3.8400 3.8600 16.9350
v 3.8400 4.0500 16.9350
v 4.4600 4.0500 16.9350
f 10409 10410 10411 10412
v 3.8400 3.8600 16.9350
v 3.8400 3.8600 16.3150
v 3.8400 4.0500 16.3150
v 3.8400 4.0500 16.9350
f 10413 10414 10415 10416
g level_2_detail_portico_entablature
v -4.7000 4.0300 12.8450
v -4.7000 4.0300 17.2450
v 4.7000 4.0300 17.2450
v 4.7000 4.0300 12.8450
f 10417 10418 10419 10420
v -4.7000 4.3000 12.8450
v 4.7000 4.3000 12.8450
v 4.7000 4.3000 17.2450
v -4.7000 4.3000 17.2450
f 10421 10422 10423 10424
v -4.7000 4.0300 12.8450
v 4.7000 4.0300 12.8450
v 4.7000 4.3000 12.8450
v -4.7000 4.3000 12.8450
f 10425 10426 10427 10428
v 4.7000 4.0300 12.8450
v 4.7000 4.0300 17.2450
v 4.7000 4.3000 17.2450
v 4.7000 4.3000 12.8450
f 10429 10430 10431 10432
v 4.7000 4.0300 17.2450
v -4.7000 4.0300 17.2450
v -4.7000 4.3000 17.2450
v 4.7000 4.3000 17.2450
f 10433 10434 10435 10436
v -4.7000 4.0300 17.2450
v -4.7000 4.0300 12.8450
v -4.7000 4.3000 12.8450
v -4.7000 4.3000 17.2450
f 10437 10438 10439 10440
g level_2_detail_portico_upper
usemtl facade
v -4.5500 4.3000 12.9050
v -4.5500 4.3000 17.0750
v 4.5500 4.3000 17.0750
v 4.5500 4.3000 12.9050
f 10441 10442 10443 10444
v -4.5500 7.3500 12.9050
v 4.5500 7.3500 12.9050
v 4.5500 7.3500 17.0750
v -4.5500 7.3500 17.0750
f 10445 10446 10447 10448
v -4.5500 4.3000 12.9050
v 4.5500 4.3000 12.9050
v 4.5500 7.3500 12.9050
v -4.5500 7.3500 12.9050
f 10449 10450 10451 10452
v 4.5500 4.3000 12.9050
v 4.5500 4.3000 17.0750
v 4.5500 7.3500 17.0750
v 4.5500 7.3500 12.9050
f 10453 10454 10455 10456
v 4.5500 4.3000 17.0750
v -4.5500 4.3000 17.0750
v -4.5500 7.3500 17.0750
v 4.5500 7.3500 17.0750
f 10457 10458 10459 10460
v -4.5500 4.3000 17.0750
v -4.5500 4.3000 12.9050
v -4.5500 7.3500 12.9050
v -4.5500 7.3500 17.0750
f 10461 10462 10463 10464
g level_2_detail_window_frame
usemtl trim
v -3.7200 4.8300 17.1300
v -3.7200 4.8300 17.2300
v -2.2800 4.8300 17.2300
v -2.2800 4.8300 17.1300
f 10465 10466 10467 10468
v -3.7200 6.9300 17.1300
v -2.2800 6.9300 17.1300
v -2.2800 6.9300 17.2300
v -3.7200 6.9300 17.2300
f 10469 10470 10471 10472
v -3.7200 4.8300 17.1300
v -2.2800 4.8300 17.1300
v -2.2800 6.9300 17.1300
v -3.7200 6.9300 17.1300
f 10473 10474 10475 10476
v -2.2800 4.8300 17.1300
v -2.2800 4.8300 17.2300
v -2.2800 6.9300 17.2300
v -2.2800 6.9300 17.1300
f 10477 10478 10479 10480
v -2.2800 4.8300 17.2300
v -3.7200 4.8300 17.2300
v -3.7200 6.9300 17.2300
v -2.2800 6.9300 17.2300
f 10481 10482 10483 10484
v -3.7200 4.8300 17.2300
v -3.7200 4.8300 17.1300
v -3.7200 6.9300 17.1300
v -3.7200 6.9300 17.2300
f 10485 10486 10487 10488
g level_2_detail_window_glass
usemtl glass
v -3.5900 4.9700 17.2000
v -3.5900 4.9700 17.2600
v -2.4100 4.9700 17.2600
v -2.4100 4.9700 17.2000
f 10489 10490 10491 10492
v -3.5900 6.7700 17.2000
v -2.4100 6.7700 17.2000
v -2.4100 6.7700 17.2600
v -3.5900 6.7700 17.2600
f 10493 10494 10495 10496
v -3.5900 4.9700 17.2000
v -2.4100 4.9700 17.2000
v -2.4100 6.7700 17.2000
v -3.5900 6.7700 17.2000
f 10497 10498 10499 10500
v -2.4100 4.9700 17.2000
v -2.4100 4.9700 17.2600
v -2.4100 6.7700 17.2600
v -2.4100 6.7700 17.2000
f 10501 10502 10503 10504
v -2.4100 4.9700 17.2600
v -3.5900 4.9700 17.2600
v -3.5900 6.7700 17.2600
v -2.4100 6.7700 17.2600
f 10505 10506 10507 10508
v -3.5900 4.9700 17.2600
v -3.5900 4.9700 17.2000
v -3.5900 6.7700 17.2000
v -3.5900 6.7700 17.2600
f 10509 10510 10511 10512
g level_2_detail_window_mullion
usemtl frame
v -3.0270 4.9600 17.2600
v -3.0270 4.9600 17.3050
v -2.9730 4.9600 17.3050
v -2.9730 4.9600 17.2600
f 10513 10514 10515 10516
v -3.0270 6.8000 17.2600
v -2.9730 6.8000 17.2600
v -2.9730 6.8000 17.3050
v -3.0270 6.8000 17.3050
f 10517 10518 10519 10520
v -3.0270 4.9600 17.2600
v -2.9730 4.9600 17.2600
v -2.9730 6.8000 17.2600
v -3.0270 6.8000 17.2600
f 10521 10522 10523 10524
v -2.9730 4.9600 17.2600
v -2.9730 4.9600 17.3050
v -2.9730 6.8000 17.3050
v -2.9730 6.8000 17.2600
f 10525 10526 10527 10528
v -2.9730 4.9600 17.3050
v -3.0270 4.9600 17.3050
v -3.0270 6.8000 17.3050
v -2.9730 6.8000 17.3050
f 10529 10530 10531 10532
v -3.0270 4.9600 17.3050
v -3.0270 4.9600 17.2600
v -3.0270 6.8000 17.2600
v -3.0270 6.8000 17.3050
f 10533 10534 10535 10536
g level_2_detail_window_transom
v -3.6100 6.0100 17.2600
v -3.6100 6.0100 17.3050
v -2.3900 6.0100 17.3050
v -2.3900 6.0100 17.2600
f 10537 10538 10539 10540
v -3.6100 6.0600 17.2600
v -2.3900 6.0600 17.2600
v -2.3900 6.0600 17.3050
v -3.6100 6.0600 17.3050
f 10541 10542 10543 10544
v -3.6100 6.0100 17.2600
v -2.3900 6.0100 17.2600
v -2.3900 6.0600 17.2600
v -3.6100 6.0600 17.2600
f 10545 10546 10547 10548
v -2.3900 6.0100 17.2600
v -2.3900 6.0100 17.3050
v -2.3900 6.0600 17.3050
v -2.3900 6.0600 17.2600
f 10549 10550 10551 10552
v -2.3900 6.0100 17.3050
v -3.6100 6.0100 17.3050
v -3.6100 6.0600 17.3050
v -2.3900 6.0600 17.3050
f 10553 10554 10555 10556
v -3.6100 6.0100 17.3050
v -3.6100 6.0100 17.2600
v -3.6100 6.0600 17.2600
v -3.6100 6.0600 17.3050
f 10557 10558 10559 10560
g level_2_detail_sill
usemtl trim
v -3.8300 4.7100 17.0600
v -3.8300 4.7100 17.3200
v -2.1700 4.7100 17.3200
v -2.1700 4.7100 17.0600
f 10561 10562 10563 10564
v -3.8300 4.8400 17.0600
v -2.1700 4.8400 17.0600
v -2.1700 4.8400 17.3200
v -3.8300 4.8400 17.3200
f 10565 10566 10567 10568
v -3.8300 4.7100 17.0600
v -2.1700 4.7100 17.0600
v -2.1700 4.8400 17.0600
v -3.8300 4.8400 17.0600
f 10569 10570 10571 10572
v -2.1700 4.7100 17.0600
v -2.1700 4.7100 17.3200
v -2.1700 4.8400 17.3200
v -2.1700 4.8400 17.0600
f 10573 10574 10575 10576
v -2.1700 4.7100 17.3200
v -3.8300 4.7100 17.3200
v -3.8300 4.8400 17.3200
v -2.1700 4.8400 17.3200
f 10577 10578 10579 10580
v -3.8300 4.7100 17.3200
v -3.8300 4.7100 17.0600
v -3.8300 4.8400 17.0600
v -3.8300 4.8400 17.3200
f 10581 10582 10583 10584
g level_2_detail_window_frame
v -0.7200 4.8300 17.1300
v -0.7200 4.8300 17.2300
v 0.7200 4.8300 17.2300
v 0.7200 4.8300 17.1300
f 10585 10586 10587 10588
v -0.7200 6.9300 17.1300
v 0.7200 6.9300 17.1300
v 0.7200 6.9300 17.2300
v -0.7200 6.9300 17.2300
f 10589 10590 10591 10592
v -0.7200 4.8300 17.1300
v 0.7200 4.8300 17.1300
v 0.7200 6.9300 17.1300
v -0.7200 6.9300 17.1300
f 10593 10594 10595 10596
v 0.7200 4.8300 17.1300
v 0.7200 4.8300 17.2300
v 0.7200 6.9300 17.2300
v 0.7200 6.9300 17.1300
f 10597 10598 10599 10600
v 0.7200 4.8300 17.2300
v -0.7200 4.8300 17.2300
v -0.7200 6.9300 17.2300
v 0.7200 6.9300 17.2300
f 10601 10602 10603 10604
v -0.7200 4.8300 17.2300
v -0.7200 4.8300 17.1300
v -0.7200 6.9300 17.1300
v -0.7200 6.9300 17.2300
f 10605 10606 10607 10608
g level_2_detail_window_glass
usemtl glass
v -0.5900 4.9700 17.2000
v -0.5900 4.9700 17.2600
v 0.5900 4.9700 17.2600
v 0.5900 4.9700 17.2000
f 10609 10610 10611 10612
v -0.5900 6.7700 17.2000
v 0.5900 6.7700 17.2000
v 0.5900 6.7700 17.2600
v -0.5900 6.7700 17.2600
f 10613 10614 10615 10616
v -0.5900 4.9700 17.2000
v 0.5900 4.9700 17.2000
v 0.5900 6.7700 17.2000
v -0.5900 6.7700 17.2000
f 10617 10618 10619 10620
v 0.5900 4.9700 17.2000
v 0.5900 4.9700 17.2600
v 0.5900 6.7700 17.2600
v 0.5900 6.7700 17.2000
f 10621 10622 10623 10624
v 0.5900 4.9700 17.2600
v -0.5900 4.9700 17.2600
v -0.5900 6.7700 17.2600
v 0.5900 6.7700 17.2600
f 10625 10626 10627 10628
v -0.5900 4.9700 17.2600
v -0.5900 4.9700 17.2000
v -0.5900 6.7700 17.2000
v -0.5900 6.7700 17.2600
f 10629 10630 10631 10632
g level_2_detail_window_mullion
usemtl frame
v -0.0270 4.9600 17.2600
v -0.0270 4.9600 17.3050
v 0.0270 4.9600 17.3050
v 0.0270 4.9600 17.2600
f 10633 10634 10635 10636
v -0.0270 6.8000 17.2600
v 0.0270 6.8000 17.2600
v 0.0270 6.8000 17.3050
v -0.0270 6.8000 17.3050
f 10637 10638 10639 10640
v -0.0270 4.9600 17.2600
v 0.0270 4.9600 17.2600
v 0.0270 6.8000 17.2600
v -0.0270 6.8000 17.2600
f 10641 10642 10643 10644
v 0.0270 4.9600 17.2600
v 0.0270 4.9600 17.3050
v 0.0270 6.8000 17.3050
v 0.0270 6.8000 17.2600
f 10645 10646 10647 10648
v 0.0270 4.9600 17.3050
v -0.0270 4.9600 17.3050
v -0.0270 6.8000 17.3050
v 0.0270 6.8000 17.3050
f 10649 10650 10651 10652
v -0.0270 4.9600 17.3050
v -0.0270 4.9600 17.2600
v -0.0270 6.8000 17.2600
v -0.0270 6.8000 17.3050
f 10653 10654 10655 10656
g level_2_detail_window_transom
v -0.6100 6.0100 17.2600
v -0.6100 6.0100 17.3050
v 0.6100 6.0100 17.3050
v 0.6100 6.0100 17.2600
f 10657 10658 10659 10660
v -0.6100 6.0600 17.2600
v 0.6100 6.0600 17.2600
v 0.6100 6.0600 17.3050
v -0.6100 6.0600 17.3050
f 10661 10662 10663 10664
v -0.6100 6.0100 17.2600
v 0.6100 6.0100 17.2600
v 0.6100 6.0600 17.2600
v -0.6100 6.0600 17.2600
f 10665 10666 10667 10668
v 0.6100 6.0100 17.2600
v 0.6100 6.0100 17.3050
v 0.6100 6.0600 17.3050
v 0.6100 6.0600 17.2600
f 10669 10670 10671 10672
v 0.6100 6.0100 17.3050
v -0.6100 6.0100 17.3050
v -0.6100 6.0600 17.3050
v 0.6100 6.0600 17.3050
f 10673 10674 10675 10676
v -0.6100 6.0100 17.3050
v -0.6100 6.0100 17.2600
v -0.6100 6.0600 17.2600
v -0.6100 6.0600 17.3050
f 10677 10678 10679 10680
g level_2_detail_sill
usemtl trim
v -0.8300 4.7100 17.0600
v -0.8300 4.7100 17.3200
v 0.8300 4.7100 17.3200
v 0.8300 4.7100 17.0600
f 10681 10682 10683 10684
v -0.8300 4.8400 17.0600
v 0.8300 4.8400 17.0600
v 0.8300 4.8400 17.3200
v -0.8300 4.8400 17.3200
f 10685 10686 10687 10688
v -0.8300 4.7100 17.0600
v 0.8300 4.7100 17.0600
v 0.8300 4.8400 17.0600
v -0.8300 4.8400 17.0600
f 10689 10690 10691 10692
v 0.8300 4.7100 17.0600
v 0.8300 4.7100 17.3200
v 0.8300 4.8400 17.3200
v 0.8300 4.8400 17.0600
f 10693 10694 10695 10696
v 0.8300 4.7100 17.3200
v -0.8300 4.7100 17.3200
v -0.8300 4.8400 17.3200
v 0.8300 4.8400 17.3200
f 10697 10698 10699 10700
v -0.8300 4.7100 17.3200
v -0.8300 4.7100 17.0600
v -0.8300 4.8400 17.0600
v -0.8300 4.8400 17.3200
f 10701 10702 10703 10704
g level_2_detail_window_frame
v 2.2800 4.8300 17.1300
v 2.2800 4.8300 17.2300
v 3.7200 4.8300 17.2300
v 3.7200 4.8300 17.1300
f 10705 10706 10707 10708
v 2.2800 6.9300 17.1300
v 3.7200 6.9300 17.1300
v 3.7200 6.9300 17.2300
v 2.2800 6.9300 17.2300
f 10709 10710 10711 10712
v 2.2800 4.8300 17.1300
v 3.7200 4.8300 17.1300
v 3.7200 6.9300 17.1300
v 2.2800 6.9300 17.1300
f 10713 10714 10715 10716
v 3.7200 4.8300 17.1300
v 3.7200 4.8300 17.2300
v 3.7200 6.9300 17.2300
v 3.7200 6.9300 17.1300
f 10717 10718 10719 10720
v 3.7200 4.8300 17.2300
v 2.2800 4.8300 17.2300
v 2.2800 6.9300 17.2300
v 3.7200 6.9300 17.2300
f 10721 10722 10723 10724
v 2.2800 4.8300 17.2300
v 2.2800 4.8300 17.1300
v 2.2800 6.9300 17.1300
v 2.2800 6.9300 17.2300
f 10725 10726 10727 10728
g level_2_detail_window_glass
usemtl glass
v 2.4100 4.9700 17.2000
v 2.4100 4.9700 17.2600
v 3.5900 4.9700 17.2600
v 3.5900 4.9700 17.2000
f 10729 10730 10731 10732
v 2.4100 6.7700 17.2000
v 3.5900 6.7700 17.2000
v 3.5900 6.7700 17.2600
v 2.4100 6.7700 17.2600
f 10733 10734 10735 10736
v 2.4100 4.9700 17.2000
v 3.5900 4.9700 17.2000
v 3.5900 6.7700 17.2000
v 2.4100 6.7700 17.2000
f 10737 10738 10739 10740
v 3.5900 4.9700 17.2000
v 3.5900 4.9700 17.2600
v 3.5900 6.7700 17.2600
v 3.5900 6.7700 17.2000
f 10741 10742 10743 10744
v 3.5900 4.9700 17.2600
v 2.4100 4.9700 17.2600
v 2.4100 6.7700 17.2600
v 3.5900 6.7700 17.2600
f 10745 10746 10747 10748
v 2.4100 4.9700 17.2600
v 2.4100 4.9700 17.2000
v 2.4100 6.7700 17.2000
v 2.4100 6.7700 17.2600
f 10749 10750 10751 10752
g level_2_detail_window_mullion
usemtl frame
v 2.9730 4.9600 17.2600
v 2.9730 4.9600 17.3050
v 3.0270 4.9600 17.3050
v 3.0270 4.9600 17.2600
f 10753 10754 10755 10756
v 2.9730 6.8000 17.2600
v 3.0270 6.8000 17.2600
v 3.0270 6.8000 17.3050
v 2.9730 6.8000 17.3050
f 10757 10758 10759 10760
v 2.9730 4.9600 17.2600
v 3.0270 4.9600 17.2600
v 3.0270 6.8000 17.2600
v 2.9730 6.8000 17.2600
f 10761 10762 10763 10764
v 3.0270 4.9600 17.2600
v 3.0270 4.9600 17.3050
v 3.0270 6.8000 17.3050
v 3.0270 6.8000 17.2600
f 10765 10766 10767 10768
v 3.0270 4.9600 17.3050
v 2.9730 4.9600 17.3050
v 2.9730 6.8000 17.3050
v 3.0270 6.8000 17.3050
f 10769 10770 10771 10772
v 2.9730 4.9600 17.3050
v 2.9730 4.9600 17.2600
v 2.9730 6.8000 17.2600
v 2.9730 6.8000 17.3050
f 10773 10774 10775 10776
g level_2_detail_window_transom
v 2.3900 6.0100 17.2600
v 2.3900 6.0100 17.3050
v 3.6100 6.0100 17.3050
v 3.6100 6.0100 17.2600
f 10777 10778 10779 10780
v 2.3900 6.0600 17.2600
v 3.6100 6.0600 17.2600
v 3.6100 6.0600 17.3050
v 2.3900 6.0600 17.3050
f 10781 10782 10783 10784
v 2.3900 6.0100 17.2600
v 3.6100 6.0100 17.2600
v 3.6100 6.0600 17.2600
v 2.3900 6.0600 17.2600
f 10785 10786 10787 10788
v 3.6100 6.0100 17.2600
v 3.6100 6.0100 17.3050
v 3.6100 6.0600 17.3050
v 3.6100 6.0600 17.2600
f 10789 10790 10791 10792
v 3.6100 6.0100 17.3050
v 2.3900 6.0100 17.3050
v 2.3900 6.0600 17.3050
v 3.6100 6.0600 17.3050
f 10793 10794 10795 10796
v 2.3900 6.0100 17.3050
v 2.3900 6.0100 17.2600
v 2.3900 6.0600 17.2600
v 2.3900 6.0600 17.3050
f 10797 10798 10799 10800
g level_2_detail_sill
usemtl trim
v 2.1700 4.7100 17.0600
v 2.1700 4.7100 17.3200
v 3.8300 4.7100 17.3200
v 3.8300 4.7100 17.0600
f 10801 10802 10803 10804
v 2.1700 4.8400 17.0600
v 3.8300 4.8400 17.0600
v 3.8300 4.8400 17.3200
v 2.1700 4.8400 17.3200
f 10805 10806 10807 10808
v 2.1700 4.7100 17.0600
v 3.8300 4.7100 17.0600
v 3.8300 4.8400 17.0600
v 2.1700 4.8400 17.0600
f 10809 10810 10811 10812
v 3.8300 4.7100 17.0600
v 3.8300 4.7100 17.3200
v 3.8300 4.8400 17.3200
v 3.8300 4.8400 17.0600
f 10813 10814 10815 10816
v 3.8300 4.7100 17.3200
v 2.1700 4.7100 17.3200
v 2.1700 4.8400 17.3200
v 3.8300 4.8400 17.3200
f 10817 10818 10819 10820
v 2.1700 4.7100 17.3200
v 2.1700 4.7100 17.0600
v 2.1700 4.8400 17.0600
v 2.1700 4.8400 17.3200
f 10821 10822 10823 10824
g level_2_detail_window_frame
v -4.6800 4.8300 14.4750
v -4.6800 4.8300 15.9150
v -4.5800 4.8300 15.9150
v -4.5800 4.8300 14.4750
f 10825 10826 10827 10828
v -4.6800 6.9300 14.4750
v -4.5800 6.9300 14.4750
v -4.5800 6.9300 15.9150
v -4.6800 6.9300 15.9150
f 10829 10830 10831 10832
v -4.6800 4.8300 14.4750
v -4.5800 4.8300 14.4750
v -4.5800 6.9300 14.4750
v -4.6800 6.9300 14.4750
f 10833 10834 10835 10836
v -4.5800 4.8300 14.4750
v -4.5800 4.8300 15.9150
v -4.5800 6.9300 15.9150
v -4.5800 6.9300 14.4750
f 10837 10838 10839 10840
v -4.5800 4.8300 15.9150
v -4.6800 4.8300 15.9150
v -4.6800 6.9300 15.9150
v -4.5800 6.9300 15.9150
f 10841 10842 10843 10844
v -4.6800 4.8300 15.9150
v -4.6800 4.8300 14.4750
v -4.6800 6.9300 14.4750
v -4.6800 6.9300 15.9150
f 10845 10846 10847 10848
g level_2_detail_window_glass
usemtl glass
v -4.7400 4.9700 14.6050
v -4.7400 4.9700 15.7850
v -4.6800 4.9700 15.7850
v -4.6800 4.9700 14.6050
f 10849 10850 10851 10852
v -4.7400 6.7700 14.6050
v -4.6800 6.7700 14.6050
v -4.6800 6.7700 15.7850
v -4.7400 6.7700 15.7850
f 10853 10854 10855 10856
v -4.7400 4.9700 14.6050
v -4.6800 4.9700 14.6050
v -4.6800 6.7700 14.6050
v -4.7400 6.7700 14.6050
f 10857 10858 10859 10860
v -4.6800 4.9700 14.6050
v -4.6800 4.9700 15.7850
v -4.6800 6.7700 15.7850
v -4.6800 6.7700 14.6050
f 10861 10862 10863 10864
v -4.6800 4.9700 15.7850
v -4.7400 4.9700 15.7850
v -4.7400 6.7700 15.7850
v -4.6800 6.7700 15.7850
f 10865 10866 10867 10868
v -4.7400 4.9700 15.7850
v -4.7400 4.9700 14.6050
v -4.7400 6.7700 14.6050
v -4.7400 6.7700 15.7850
f 10869 10870 10871 10872
g level_2_detail_window_mullion
usemtl frame
v -4.7800 4.9600 15.1680
v -4.7800 4.9600 15.2220
v -4.7400 4.9600 15.2220
v -4.7400 4.9600 15.1680
f 10873 10874 10875 10876
v -4.7800 6.8000 15.1680
v -4.7400 6.8000 15.1680
v -4.7400 6.8000 15.2220
v -4.7800 6.8000 15.2220
f 10877 10878 10879 10880
v -4.7800 4.9600 15.1680
v -4.7400 4.9600 15.1680
v -4.7400 6.8000 15.1680
v -4.7800 6.8000 15.1680
f 10881 10882 10883 10884
v -4.7400 4.9600 15.1680
v -4.7400 4.9600 15.2220
v -4.7400 6.8000 15.2220
v -4.7400 6.8000 15.1680
f 10885 10886 10887 10888
v -4.7400 4.9600 15.2220
v -4.7800 4.9600 15.2220
v -4.7800 6.8000 15.2220
v -4.7400 6.8000 15.2220
f 10889 10890 10891 10892
v -4.7800 4.9600 15.2220
v -4.7800 4.9600 15.1680
v -4.7800 6.8000 15.1680
v -4.7800 6.8000 15.2220
f 10893 10894 10895 10896
g level_2_detail_sill
usemtl trim
v -4.7400 4.7100 14.3750
v -4.7400 4.7100 16.0150
v -4.4800 4.7100 16.0150
v -4.4800 4.7100 14.3750
f 10897 10898 10899 10900
v -4.7400 4.8400 14.3750
v -4.4800 4.8400 14.3750
v -4.4800 4.8400 16.0150
v -4.7400 4.8400 16.0150
f 10901 10902 10903 10904
v -4.7400 4.7100 14.3750
v -4.4800 4.7100 14.3750
v -4.4800 4.8400 14.3750
v -4.7400 4.8400 14.3750
f 10905 10906 10907 10908
v -4.4800 4.7100 14.3750
v -4.4800 4.7100 16.0150
v -4.4800 4.8400 16.0150
v -4.4800 4.8400 14.3750
f 10909 10910 10911 10912
v -4.4800 4.7100 16.0150
v -4.7400 4.7100 16.0150
v -4.7400 4.8400 16.0150
v -4.4800 4.8400 16.0150
f 10913 10914 10915 10916
v -4.7400 4.7100 16.0150
v -4.7400 4.7100 14.3750
v -4.7400 4.8400 14.3750
v -4.7400 4.8400 16.0150
f 10917 10918 10919 10920
g level_2_detail_window_frame
v 4.5800 4.8300 14.4750
v 4.5800 4.8300 15.9150
v 4.6800 4.8300 15.9150
v 4.6800 4.8300 14.4750
f 10921 10922 10923 10924
v 4.5800 6.9300 14.4750
v 4.6800 6.9300 14.4750
v 4.6800 6.9300 15.9150
v 4.5800 6.9300 15.9150
f 10925 10926 10927 10928
v 4.5800 4.8300 14.4750
v 4.6800 4.8300 14.4750
v 4.6800 6.9300 14.4750
v 4.5800 6.9300 14.4750
f 10929 10930 10931 10932
v 4.6800 4.8300 14.4750
v 4.6800 4.8300 15.9150
v 4.6800 6.9300 15.9150
v 4.6800 6.9300 14.4750
f 10933 10934 10935 10936
v 4.6800 4.8300 15.9150
v 4.5800 4.8300 15.9150
v 4.5800 6.9300 15.9150
v 4.6800 6.9300 15.9150
f 10937 10938 10939 10940
v 4.5800 4.8300 15.9150
v 4.5800 4.8300 14.4750
v 4.5800 6.9300 14.4750
v 4.5800 6.9300 15.9150
f 10941 10942 10943 10944
g level_2_detail_window_glass
usemtl glass
v 4.6800 4.9700 14.6050
v 4.6800 4.9700 15.7850
v 4.7400 4.9700 15.7850
v 4.7400 4.9700 14.6050
f 10945 10946 10947 10948
v 4.6800 6.7700 14.6050
v 4.7400 6.7700 14.6050
v 4.7400 6.7700 15.7850
v 4.6800 6.7700 15.7850
f 10949 10950 10951 10952
v 4.6800 4.9700 14.6050
v 4.7400 4.9700 14.6050
v 4.7400 6.7700 14.6050
v 4.6800 6.7700 14.6050
f 10953 10954 10955 10956
v 4.7400 4.9700 14.6050
v 4.7400 4.9700 15.7850
v 4.7400 6.7700 15.7850
v 4.7400 6.7700 14.6050
f 10957 10958 10959 10960
v 4.7400 4.9700 15.7850
v 4.6800 4.9700 15.7850
v 4.6800 6.7700 15.7850
v 4.7400 6.7700 15.7850
f 10961 10962 10963 10964
v 4.6800 4.9700 15.7850
v 4.6800 4.9700 14.6050
v 4.6800 6.7700 14.6050
v 4.6800 6.7700 15.7850
f 10965 10966 10967 10968
g level_2_detail_window_mullion
usemtl frame
v 4.7500 4.9600 15.1680
v 4.7500 4.9600 15.2220
v 4.7900 4.9600 15.2220
v 4.7900 4.9600 15.1680
f 10969 10970 10971 10972
v 4.7500 6.8000 15.1680
v 4.7900 6.8000 15.1680
v 4.7900 6.8000 15.2220
v 4.7500 6.8000 15.2220
f 10973 10974 10975 10976
v 4.7500 4.9600 15.1680
v 4.7900 4.9600 15.1680
v 4.7900 6.8000 15.1680
v 4.7500 6.8000 15.1680
f 10977 10978 10979 10980
v 4.7900 4.9600 15.1680
v 4.7900 4.9600 15.2220
v 4.7900 6.8000 15.2220
v 4.7900 6.8000 15.1680
f 10981 10982 10983 10984
v 4.7900 4.9600 15.2220
v 4.7500 4.9600 15.2220
v 4.7500 6.8000 15.2220
v 4.7900 6.8000 15.2220
f 10985 10986 10987 10988
v 4.7500 4.9600 15.2220
v 4.7500 4.9600 15.1680
v 4.7500 6.8000 15.1680
v 4.7500 6.8000 15.2220
f 10989 10990 10991 10992
g level_2_detail_sill
usemtl trim
v 4.5200 4.7100 14.3750
v 4.5200 4.7100 16.0150
v 4.7800 4.7100 16.0150
v 4.7800 4.7100 14.3750
f 10993 10994 10995 10996
v 4.5200 4.8400 14.3750
v 4.7800 4.8400 14.3750
v 4.7800 4.8400 16.0150
v 4.5200 4.8400 16.0150
f 10997 10998 10999 11000
v 4.5200 4.7100 14.3750
v 4.7800 4.7100 14.3750
v 4.7800 4.8400 14.3750
v 4.5200 4.8400 14.3750
f 11001 11002 11003 11004
v 4.7800 4.7100 14.3750
v 4.7800 4.7100 16.0150
v 4.7800 4.8400 16.0150
v 4.7800 4.8400 14.3750
f 11005 11006 11007 11008
v 4.7800 4.7100 16.0150
v 4.5200 4.7100 16.0150
v 4.5200 4.8400 16.0150
v 4.7800 4.8400 16.0150
f 11009 11010 11011 11012
v 4.5200 4.7100 16.0150
v 4.5200 4.7100 14.3750
v 4.5200 4.8400 14.3750
v 4.5200 4.8400 16.0150
f 11013 11014 11015 11016
g level_2_detail_portico_cornice
v -4.8500 7.3500 12.6950
v -4.8500 7.3500 17.3950
v 4.8500 7.3500 17.3950
v 4.8500 7.3500 12.6950
f 11017 11018 11019 11020
v -4.8500 7.5500 12.6950
v 4.8500 7.5500 12.6950
v 4.8500 7.5500 17.3950
v -4.8500 7.5500 17.3950
f 11021 11022 11023 11024
v -4.8500 7.3500 12.6950
v 4.8500 7.3500 12.6950
v 4.8500 7.5500 12.6950
v -4.8500 7.5500 12.6950
f 11025 11026 11027 11028
v 4.8500 7.3500 12.6950
v 4.8500 7.3500 17.3950
v 4.8500 7.5500 17.3950
v 4.8500 7.5500 12.6950
f 11029 11030 11031 11032
v 4.8500 7.3500 17.3950
v -4.8500 7.3500 17.3950
v -4.8500 7.5500 17.3950
v 4.8500 7.5500 17.3950
f 11033 11034 11035 11036
v -4.8500 7.3500 17.3950
v -4.8500 7.3500 12.6950
v -4.8500 7.5500 12.6950
v -4.8500 7.5500 17.3950
f 11037 11038 11039 11040
g level_2_detail_portico_roof
usemtl roof
v -5.1000 7.6000 12.5950
v 5.1000 7.6000 12.5950
v 4.5000 8.5500 14.2450
v -4.5000 8.5500 14.2450
f 11041 11042 11043 11044
usemtl roofDark
v -5.1000 7.6000 17.6450
v -4.5000 8.5500 14.2450
v 4.5000 8.5500 14.2450
v 5.1000 7.6000 17.6450
f 11045 11046 11047 11048
usemtl roof
v -5.1000 7.6000 12.5950
v -4.5000 8.5500 14.2450
v -5.1000 7.6000 17.6450
f 11049 11050 11051
usemtl roofDark
v 5.1000 7.6000 12.5950
v 5.1000 7.6000 17.6450
v 4.5000 8.5500 14.2450
f 11052 11053 11054
g level_0_outside_accessible_approach_concept
usemtl path
v -14.0000 0.1200 15.0000
v -4.5000 0.5000 15.0000
v -4.5000 0.5000 17.5000
v -14.0000 0.1200 17.5000
f 11055 11056 11057 11058
g level_0_outside_approach_rail
usemtl metal
v -14.0000 0.1200 17.5000
v -14.0000 0.1200 17.5700
v -13.9300 0.1200 17.5700
v -13.9300 0.1200 17.5000
f 11059 11060 11061 11062
v -14.0000 1.0000 17.5000
v -13.9300 1.0000 17.5000
v -13.9300 1.0000 17.5700
v -14.0000 1.0000 17.5700
f 11063 11064 11065 11066
v -14.0000 0.1200 17.5000
v -13.9300 0.1200 17.5000
v -13.9300 1.0000 17.5000
v -14.0000 1.0000 17.5000
f 11067 11068 11069 11070
v -13.9300 0.1200 17.5000
v -13.9300 0.1200 17.5700
v -13.9300 1.0000 17.5700
v -13.9300 1.0000 17.5000
f 11071 11072 11073 11074
v -13.9300 0.1200 17.5700
v -14.0000 0.1200 17.5700
v -14.0000 1.0000 17.5700
v -13.9300 1.0000 17.5700
f 11075 11076 11077 11078
v -14.0000 0.1200 17.5700
v -14.0000 0.1200 17.5000
v -14.0000 1.0000 17.5000
v -14.0000 1.0000 17.5700
f 11079 11080 11081 11082
v -12.5000 0.1800 17.5000
v -12.5000 0.1800 17.5700
v -12.4300 0.1800 17.5700
v -12.4300 0.1800 17.5000
f 11083 11084 11085 11086
v -12.5000 1.0600 17.5000
v -12.4300 1.0600 17.5000
v -12.4300 1.0600 17.5700
v -12.5000 1.0600 17.5700
f 11087 11088 11089 11090
v -12.5000 0.1800 17.5000
v -12.4300 0.1800 17.5000
v -12.4300 1.0600 17.5000
v -12.5000 1.0600 17.5000
f 11091 11092 11093 11094
v -12.4300 0.1800 17.5000
v -12.4300 0.1800 17.5700
v -12.4300 1.0600 17.5700
v -12.4300 1.0600 17.5000
f 11095 11096 11097 11098
v -12.4300 0.1800 17.5700
v -12.5000 0.1800 17.5700
v -12.5000 1.0600 17.5700
v -12.4300 1.0600 17.5700
f 11099 11100 11101 11102
v -12.5000 0.1800 17.5700
v -12.5000 0.1800 17.5000
v -12.5000 1.0600 17.5000
v -12.5000 1.0600 17.5700
f 11103 11104 11105 11106
v -11.0000 0.2400 17.5000
v -11.0000 0.2400 17.5700
v -10.9300 0.2400 17.5700
v -10.9300 0.2400 17.5000
f 11107 11108 11109 11110
v -11.0000 1.1200 17.5000
v -10.9300 1.1200 17.5000
v -10.9300 1.1200 17.5700
v -11.0000 1.1200 17.5700
f 11111 11112 11113 11114
v -11.0000 0.2400 17.5000
v -10.9300 0.2400 17.5000
v -10.9300 1.1200 17.5000
v -11.0000 1.1200 17.5000
f 11115 11116 11117 11118
v -10.9300 0.2400 17.5000
v -10.9300 0.2400 17.5700
v -10.9300 1.1200 17.5700
v -10.9300 1.1200 17.5000
f 11119 11120 11121 11122
v -10.9300 0.2400 17.5700
v -11.0000 0.2400 17.5700
v -11.0000 1.1200 17.5700
v -10.9300 1.1200 17.5700
f 11123 11124 11125 11126
v -11.0000 0.2400 17.5700
v -11.0000 0.2400 17.5000
v -11.0000 1.1200 17.5000
v -11.0000 1.1200 17.5700
f 11127 11128 11129 11130
v -9.5000 0.3000 17.5000
v -9.5000 0.3000 17.5700
v -9.4300 0.3000 17.5700
v -9.4300 0.3000 17.5000
f 11131 11132 11133 11134
v -9.5000 1.1800 17.5000
v -9.4300 1.1800 17.5000
v -9.4300 1.1800 17.5700
v -9.5000 1.1800 17.5700
f 11135 11136 11137 11138
v -9.5000 0.3000 17.5000
v -9.4300 0.3000 17.5000
v -9.4300 1.1800 17.5000
v -9.5000 1.1800 17.5000
f 11139 11140 11141 11142
v -9.4300 0.3000 17.5000
v -9.4300 0.3000 17.5700
v -9.4300 1.1800 17.5700
v -9.4300 1.1800 17.5000
f 11143 11144 11145 11146
v -9.4300 0.3000 17.5700
v -9.5000 0.3000 17.5700
v -9.5000 1.1800 17.5700
v -9.4300 1.1800 17.5700
f 11147 11148 11149 11150
v -9.5000 0.3000 17.5700
v -9.5000 0.3000 17.5000
v -9.5000 1.1800 17.5000
v -9.5000 1.1800 17.5700
f 11151 11152 11153 11154
v -8.0000 0.3600 17.5000
v -8.0000 0.3600 17.5700
v -7.9300 0.3600 17.5700
v -7.9300 0.3600 17.5000
f 11155 11156 11157 11158
v -8.0000 1.2400 17.5000
v -7.9300 1.2400 17.5000
v -7.9300 1.2400 17.5700
v -8.0000 1.2400 17.5700
f 11159 11160 11161 11162
v -8.0000 0.3600 17.5000
v -7.9300 0.3600 17.5000
v -7.9300 1.2400 17.5000
v -8.0000 1.2400 17.5000
f 11163 11164 11165 11166
v -7.9300 0.3600 17.5000
v -7.9300 0.3600 17.5700
v -7.9300 1.2400 17.5700
v -7.9300 1.2400 17.5000
f 11167 11168 11169 11170
v -7.9300 0.3600 17.5700
v -8.0000 0.3600 17.5700
v -8.0000 1.2400 17.5700
v -7.9300 1.2400 17.5700
f 11171 11172 11173 11174
v -8.0000 0.3600 17.5700
v -8.0000 0.3600 17.5000
v -8.0000 1.2400 17.5000
v -8.0000 1.2400 17.5700
f 11175 11176 11177 11178
v -6.5000 0.4200 17.5000
v -6.5000 0.4200 17.5700
v -6.4300 0.4200 17.5700
v -6.4300 0.4200 17.5000
f 11179 11180 11181 11182
v -6.5000 1.3000 17.5000
v -6.4300 1.3000 17.5000
v -6.4300 1.3000 17.5700
v -6.5000 1.3000 17.5700
f 11183 11184 11185 11186
v -6.5000 0.4200 17.5000
v -6.4300 0.4200 17.5000
v -6.4300 1.3000 17.5000
v -6.5000 1.3000 17.5000
f 11187 11188 11189 11190
v -6.4300 0.4200 17.5000
v -6.4300 0.4200 17.5700
v -6.4300 1.3000 17.5700
v -6.4300 1.3000 17.5000
f 11191 11192 11193 11194
v -6.4300 0.4200 17.5700
v -6.5000 0.4200 17.5700
v -6.5000 1.3000 17.5700
v -6.4300 1.3000 17.5700
f 11195 11196 11197 11198
v -6.5000 0.4200 17.5700
v -6.5000 0.4200 17.5000
v -6.5000 1.3000 17.5000
v -6.5000 1.3000 17.5700
f 11199 11200 11201 11202
v -5.0000 0.4800 17.5000
v -5.0000 0.4800 17.5700
v -4.9300 0.4800 17.5700
v -4.9300 0.4800 17.5000
f 11203 11204 11205 11206
v -5.0000 1.3600 17.5000
v -4.9300 1.3600 17.5000
v -4.9300 1.3600 17.5700
v -5.0000 1.3600 17.5700
f 11207 11208 11209 11210
v -5.0000 0.4800 17.5000
v -4.9300 0.4800 17.5000
v -4.9300 1.3600 17.5000
v -5.0000 1.3600 17.5000
f 11211 11212 11213 11214
v -4.9300 0.4800 17.5000
v -4.9300 0.4800 17.5700
v -4.9300 1.3600 17.5700
v -4.9300 1.3600 17.5000
f 11215 11216 11217 11218
v -4.9300 0.4800 17.5700
v -5.0000 0.4800 17.5700
v -5.0000 1.3600 17.5700
v -4.9300 1.3600 17.5700
f 11219 11220 11221 11222
v -5.0000 0.4800 17.5700
v -5.0000 0.4800 17.5000
v -5.0000 1.3600 17.5000
v -5.0000 1.3600 17.5700
f 11223 11224 11225 11226
g level_4_roof_main_roof
usemtl roof
v -17.2950 8.4200 2.1500
v 17.2950 8.4200 2.1500
v 17.2950 13.5400 7.7225
v -17.2950 13.5400 7.7225
f 11227 11228 11229 11230
usemtl roofDark
v -17.2950 13.5400 7.7225
v 17.2950 13.5400 7.7225
v 17.2950 8.4200 13.2950
v -17.2950 8.4200 13.2950
f 11231 11232 11233 11234
usemtl facade
v -17.2950 8.4200 2.1500
v -17.2950 13.5400 7.7225
v -17.2950 8.4200 13.2950
f 11235 11236 11237
v 17.2950 8.4200 13.2950
v 17.2950 13.5400 7.7225
v 17.2950 8.4200 2.1500
f 11238 11239 11240
g level_4_roof_west_roof
usemtl roof
v -17.2950 8.4200 -13.2450
v -12.7200 12.9000 -13.2450
v -12.7200 12.9000 2.9500
v -17.2950 8.4200 2.9500
f 11241 11242 11243 11244
usemtl roofDark
v -12.7200 12.9000 -13.2450
v -8.1450 8.4200 -13.2450
v -8.1450 8.4200 2.9500
v -12.7200 12.9000 2.9500
f 11245 11246 11247 11248
usemtl facade
v -17.2950 8.4200 -13.2450
v -8.1450 8.4200 -13.2450
v -12.7200 12.9000 -13.2450
f 11249 11250 11251
g level_4_roof_east_roof
usemtl roof
v 8.1450 8.4200 -13.2450
v 12.7200 12.9000 -13.2450
v 12.7200 12.9000 2.9500
v 8.1450 8.4200 2.9500
f 11252 11253 11254 11255
usemtl roofDark
v 12.7200 12.9000 -13.2450
v 17.2950 8.4200 -13.2450
v 17.2950 8.4200 2.9500
v 12.7200 12.9000 2.9500
f 11256 11257 11258 11259
usemtl facade
v 8.1450 8.4200 -13.2450
v 17.2950 8.4200 -13.2450
v 12.7200 12.9000 -13.2450
f 11260 11261 11262
g level_4_roof_chimney
usemtl trim
v -13.0000 11.2500 7.0000
v -13.0000 11.2500 8.0000
v -12.0000 11.2500 8.0000
v -12.0000 11.2500 7.0000
f 11263 11264 11265 11266
v -13.0000 13.2500 7.0000
v -12.0000 13.2500 7.0000
v -12.0000 13.2500 8.0000
v -13.0000 13.2500 8.0000
f 11267 11268 11269 11270
v -13.0000 11.2500 7.0000
v -12.0000 11.2500 7.0000
v -12.0000 13.2500 7.0000
v -13.0000 13.2500 7.0000
f 11271 11272 11273 11274
v -12.0000 11.2500 7.0000
v -12.0000 11.2500 8.0000
v -12.0000 13.2500 8.0000
v -12.0000 13.2500 7.0000
f 11275 11276 11277 11278
v -12.0000 11.2500 8.0000
v -13.0000 11.2500 8.0000
v -13.0000 13.2500 8.0000
v -12.0000 13.2500 8.0000
f 11279 11280 11281 11282
v -13.0000 11.2500 8.0000
v -13.0000 11.2500 7.0000
v -13.0000 13.2500 7.0000
v -13.0000 13.2500 8.0000
f 11283 11284 11285 11286
g level_4_roof_chimney_cap
usemtl roofDark
v -13.1200 13.2500 6.8800
v -13.1200 13.2500 8.1200
v -11.8800 13.2500 8.1200
v -11.8800 13.2500 6.8800
f 11287 11288 11289 11290
v -13.1200 13.4200 6.8800
v -11.8800 13.4200 6.8800
v -11.8800 13.4200 8.1200
v -13.1200 13.4200 8.1200
f 11291 11292 11293 11294
v -13.1200 13.2500 6.8800
v -11.8800 13.2500 6.8800
v -11.8800 13.4200 6.8800
v -13.1200 13.4200 6.8800
f 11295 11296 11297 11298
v -11.8800 13.2500 6.8800
v -11.8800 13.2500 8.1200
v -11.8800 13.4200 8.1200
v -11.8800 13.4200 6.8800
f 11299 11300 11301 11302
v -11.8800 13.2500 8.1200
v -13.1200 13.2500 8.1200
v -13.1200 13.4200 8.1200
v -11.8800 13.4200 8.1200
f 11303 11304 11305 11306
v -13.1200 13.2500 8.1200
v -13.1200 13.2500 6.8800
v -13.1200 13.4200 6.8800
v -13.1200 13.4200 8.1200
f 11307 11308 11309 11310
g level_4_roof_chimney
usemtl trim
v 13.0000 11.2500 7.0000
v 13.0000 11.2500 8.0000
v 14.0000 11.2500 8.0000
v 14.0000 11.2500 7.0000
f 11311 11312 11313 11314
v 13.0000 13.2500 7.0000
v 14.0000 13.2500 7.0000
v 14.0000 13.2500 8.0000
v 13.0000 13.2500 8.0000
f 11315 11316 11317 11318
v 13.0000 11.2500 7.0000
v 14.0000 11.2500 7.0000
v 14.0000 13.2500 7.0000
v 13.0000 13.2500 7.0000
f 11319 11320 11321 11322
v 14.0000 11.2500 7.0000
v 14.0000 11.2500 8.0000
v 14.0000 13.2500 8.0000
v 14.0000 13.2500 7.0000
f 11323 11324 11325 11326
v 14.0000 11.2500 8.0000
v 13.0000 11.2500 8.0000
v 13.0000 13.2500 8.0000
v 14.0000 13.2500 8.0000
f 11327 11328 11329 11330
v 13.0000 11.2500 8.0000
v 13.0000 11.2500 7.0000
v 13.0000 13.2500 7.0000
v 13.0000 13.2500 8.0000
f 11331 11332 11333 11334
g level_4_roof_chimney_cap
usemtl roofDark
v 12.8800 13.2500 6.8800
v 12.8800 13.2500 8.1200
v 14.1200 13.2500 8.1200
v 14.1200 13.2500 6.8800
f 11335 11336 11337 11338
v 12.8800 13.4200 6.8800
v 14.1200 13.4200 6.8800
v 14.1200 13.4200 8.1200
v 12.8800 13.4200 8.1200
f 11339 11340 11341 11342
v 12.8800 13.2500 6.8800
v 14.1200 13.2500 6.8800
v 14.1200 13.4200 6.8800
v 12.8800 13.4200 6.8800
f 11343 11344 11345 11346
v 14.1200 13.2500 6.8800
v 14.1200 13.2500 8.1200
v 14.1200 13.4200 8.1200
v 14.1200 13.4200 6.8800
f 11347 11348 11349 11350
v 14.1200 13.2500 8.1200
v 12.8800 13.2500 8.1200
v 12.8800 13.4200 8.1200
v 14.1200 13.4200 8.1200
f 11351 11352 11353 11354
v 12.8800 13.2500 8.1200
v 12.8800 13.2500 6.8800
v 12.8800 13.4200 6.8800
v 12.8800 13.4200 8.1200
f 11355 11356 11357 11358
g level_1_interior_circulation
usemtl corridor
v -16.4950 0.5120 2.8500
v -16.4950 0.5120 12.4450
v 16.4950 0.5120 12.4450
v 16.4950 0.5120 2.8500
f 11359 11360 11361 11362
v -16.4950 0.5420 2.8500
v 16.4950 0.5420 2.8500
v 16.4950 0.5420 12.4450
v -16.4950 0.5420 12.4450
f 11363 11364 11365 11366
v -16.4950 0.5120 2.8500
v 16.4950 0.5120 2.8500
v 16.4950 0.5420 2.8500
v -16.4950 0.5420 2.8500
f 11367 11368 11369 11370
v 16.4950 0.5120 2.8500
v 16.4950 0.5120 12.4450
v 16.4950 0.5420 12.4450
v 16.4950 0.5420 2.8500
f 11371 11372 11373 11374
v 16.4950 0.5120 12.4450
v -16.4950 0.5120 12.4450
v -16.4950 0.5420 12.4450
v 16.4950 0.5420 12.4450
f 11375 11376 11377 11378
v -16.4950 0.5120 12.4450
v -16.4950 0.5120 2.8500
v -16.4950 0.5420 2.8500
v -16.4950 0.5420 12.4450
f 11379 11380 11381 11382
v -16.4950 0.5120 -12.4450
v -16.4950 0.5120 2.2500
v -8.9450 0.5120 2.2500
v -8.9450 0.5120 -12.4450
f 11383 11384 11385 11386
v -16.4950 0.5420 -12.4450
v -8.9450 0.5420 -12.4450
v -8.9450 0.5420 2.2500
v -16.4950 0.5420 2.2500
f 11387 11388 11389 11390
v -16.4950 0.5120 -12.4450
v -8.9450 0.5120 -12.4450
v -8.9450 0.5420 -12.4450
v -16.4950 0.5420 -12.4450
f 11391 11392 11393 11394
v -8.9450 0.5120 -12.4450
v -8.9450 0.5120 2.2500
v -8.9450 0.5420 2.2500
v -8.9450 0.5420 -12.4450
f 11395 11396 11397 11398
v -8.9450 0.5120 2.2500
v -16.4950 0.5120 2.2500
v -16.4950 0.5420 2.2500
v -8.9450 0.5420 2.2500
f 11399 11400 11401 11402
v -16.4950 0.5120 2.2500
v -16.4950 0.5120 -12.4450
v -16.4950 0.5420 -12.4450
v -16.4950 0.5420 2.2500
f 11403 11404 11405 11406
v 8.9450 0.5120 -12.4450
v 8.9450 0.5120 2.2500
v 16.4950 0.5120 2.2500
v 16.4950 0.5120 -12.4450
f 11407 11408 11409 11410
v 8.9450 0.5420 -12.4450
v 16.4950 0.5420 -12.4450
v 16.4950 0.5420 2.2500
v 8.9450 0.5420 2.2500
f 11411 11412 11413 11414
v 8.9450 0.5120 -12.4450
v 16.4950 0.5120 -12.4450
v 16.4950 0.5420 -12.4450
v 8.9450 0.5420 -12.4450
f 11415 11416 11417 11418
v 16.4950 0.5120 -12.4450
v 16.4950 0.5120 2.2500
v 16.4950 0.5420 2.2500
v 16.4950 0.5420 -12.4450
f 11419 11420 11421 11422
v 16.4950 0.5120 2.2500
v 8.9450 0.5120 2.2500
v 8.9450 0.5420 2.2500
v 16.4950 0.5420 2.2500
f 11423 11424 11425 11426
v 8.9450 0.5120 2.2500
v 8.9450 0.5120 -12.4450
v 8.9450 0.5420 -12.4450
v 8.9450 0.5420 2.2500
f 11427 11428 11429 11430
g level_1_interior_room_zone
usemtl room
v -12.0000 0.5100 6.0000
v -12.0000 0.5100 12.3000
v -8.0000 0.5100 12.3000
v -8.0000 0.5100 6.0000
f 11431 11432 11433 11434
v -12.0000 0.5550 6.0000
v -8.0000 0.5550 6.0000
v -8.0000 0.5550 12.3000
v -12.0000 0.5550 12.3000
f 11435 11436 11437 11438
v -12.0000 0.5100 6.0000
v -8.0000 0.5100 6.0000
v -8.0000 0.5550 6.0000
v -12.0000 0.5550 6.0000
f 11439 11440 11441 11442
v -8.0000 0.5100 6.0000
v -8.0000 0.5100 12.3000
v -8.0000 0.5550 12.3000
v -8.0000 0.5550 6.0000
f 11443 11444 11445 11446
v -8.0000 0.5100 12.3000
v -12.0000 0.5100 12.3000
v -12.0000 0.5550 12.3000
v -8.0000 0.5550 12.3000
f 11447 11448 11449 11450
v -12.0000 0.5100 12.3000
v -12.0000 0.5100 6.0000
v -12.0000 0.5550 6.0000
v -12.0000 0.5550 12.3000
f 11451 11452 11453 11454
g level_1_interior_schematic_partition
usemtl wall
v -12.0000 0.5550 6.0000
v -12.0000 0.5550 12.3000
v -11.9000 0.5550 12.3000
v -11.9000 0.5550 6.0000
f 11455 11456 11457 11458
v -12.0000 1.1750 6.0000
v -11.9000 1.1750 6.0000
v -11.9000 1.1750 12.3000
v -12.0000 1.1750 12.3000
f 11459 11460 11461 11462
v -12.0000 0.5550 6.0000
v -11.9000 0.5550 6.0000
v -11.9000 1.1750 6.0000
v -12.0000 1.1750 6.0000
f 11463 11464 11465 11466
v -11.9000 0.5550 6.0000
v -11.9000 0.5550 12.3000
v -11.9000 1.1750 12.3000
v -11.9000 1.1750 6.0000
f 11467 11468 11469 11470
v -11.9000 0.5550 12.3000
v -12.0000 0.5550 12.3000
v -12.0000 1.1750 12.3000
v -11.9000 1.1750 12.3000
f 11471 11472 11473 11474
v -12.0000 0.5550 12.3000
v -12.0000 0.5550 6.0000
v -12.0000 1.1750 6.0000
v -12.0000 1.1750 12.3000
f 11475 11476 11477 11478
v -12.0000 0.5550 6.0000
v -12.0000 0.5550 6.1000
v -8.0000 0.5550 6.1000
v -8.0000 0.5550 6.0000
f 11479 11480 11481 11482
v -12.0000 1.1750 6.0000
v -8.0000 1.1750 6.0000
v -8.0000 1.1750 6.1000
v -12.0000 1.1750 6.1000
f 11483 11484 11485 11486
v -12.0000 0.5550 6.0000
v -8.0000 0.5550 6.0000
v -8.0000 1.1750 6.0000
v -12.0000 1.1750 6.0000
f 11487 11488 11489 11490
v -8.0000 0.5550 6.0000
v -8.0000 0.5550 6.1000
v -8.0000 1.1750 6.1000
v -8.0000 1.1750 6.0000
f 11491 11492 11493 11494
v -8.0000 0.5550 6.1000
v -12.0000 0.5550 6.1000
v -12.0000 1.1750 6.1000
v -8.0000 1.1750 6.1000
f 11495 11496 11497 11498
v -12.0000 0.5550 6.1000
v -12.0000 0.5550 6.0000
v -12.0000 1.1750 6.0000
v -12.0000 1.1750 6.1000
f 11499 11500 11501 11502
g level_1_interior_bed_frame
usemtl furniture
v -11.5800 0.5500 6.4800
v -11.5800 0.5500 8.5300
v -10.5600 0.5500 8.5300
v -10.5600 0.5500 6.4800
f 11503 11504 11505 11506
v -11.5800 0.9700 6.4800
v -10.5600 0.9700 6.4800
v -10.5600 0.9700 8.5300
v -11.5800 0.9700 8.5300
f 11507 11508 11509 11510
v -11.5800 0.5500 6.4800
v -10.5600 0.5500 6.4800
v -10.5600 0.9700 6.4800
v -11.5800 0.9700 6.4800
f 11511 11512 11513 11514
v -10.5600 0.5500 6.4800
v -10.5600 0.5500 8.5300
v -10.5600 0.9700 8.5300
v -10.5600 0.9700 6.4800
f 11515 11516 11517 11518
v -10.5600 0.5500 8.5300
v -11.5800 0.5500 8.5300
v -11.5800 0.9700 8.5300
v -10.5600 0.9700 8.5300
f 11519 11520 11521 11522
v -11.5800 0.5500 8.5300
v -11.5800 0.5500 6.4800
v -11.5800 0.9700 6.4800
v -11.5800 0.9700 8.5300
f 11523 11524 11525 11526
g level_1_interior_bed_mattress
usemtl bed
v -11.5450 0.9700 6.5150
v -11.5450 0.9700 8.4950
v -10.5950 0.9700 8.4950
v -10.5950 0.9700 6.5150
f 11527 11528 11529 11530
v -11.5450 1.1700 6.5150
v -10.5950 1.1700 6.5150
v -10.5950 1.1700 8.4950
v -11.5450 1.1700 8.4950
f 11531 11532 11533 11534
v -11.5450 0.9700 6.5150
v -10.5950 0.9700 6.5150
v -10.5950 1.1700 6.5150
v -11.5450 1.1700 6.5150
f 11535 11536 11537 11538
v -10.5950 0.9700 6.5150
v -10.5950 0.9700 8.4950
v -10.5950 1.1700 8.4950
v -10.5950 1.1700 6.5150
f 11539 11540 11541 11542
v -10.5950 0.9700 8.4950
v -11.5450 0.9700 8.4950
v -11.5450 1.1700 8.4950
v -10.5950 1.1700 8.4950
f 11543 11544 11545 11546
v -11.5450 0.9700 8.4950
v -11.5450 0.9700 6.5150
v -11.5450 1.1700 6.5150
v -11.5450 1.1700 8.4950
f 11547 11548 11549 11550
g level_1_interior_blanket
usemtl blanket
v -11.5150 1.1800 7.1600
v -11.5150 1.1800 8.4100
v -10.6250 1.1800 8.4100
v -10.6250 1.1800 7.1600
f 11551 11552 11553 11554
v -11.5150 1.2150 7.1600
v -10.6250 1.2150 7.1600
v -10.6250 1.2150 8.4100
v -11.5150 1.2150 8.4100
f 11555 11556 11557 11558
v -11.5150 1.1800 7.1600
v -10.6250 1.1800 7.1600
v -10.6250 1.2150 7.1600
v -11.5150 1.2150 7.1600
f 11559 11560 11561 11562
v -10.6250 1.1800 7.1600
v -10.6250 1.1800 8.4100
v -10.6250 1.2150 8.4100
v -10.6250 1.2150 7.1600
f 11563 11564 11565 11566
v -10.6250 1.1800 8.4100
v -11.5150 1.1800 8.4100
v -11.5150 1.2150 8.4100
v -10.6250 1.2150 8.4100
f 11567 11568 11569 11570
v -11.5150 1.1800 8.4100
v -11.5150 1.1800 7.1600
v -11.5150 1.2150 7.1600
v -11.5150 1.2150 8.4100
f 11571 11572 11573 11574
g level_1_interior_pillow
usemtl pillow
v -11.4600 1.1850 6.6000
v -11.4600 1.1850 7.0200
v -10.6700 1.1850 7.0200
v -10.6700 1.1850 6.6000
f 11575 11576 11577 11578
v -11.4600 1.2750 6.6000
v -10.6700 1.2750 6.6000
v -10.6700 1.2750 7.0200
v -11.4600 1.2750 7.0200
f 11579 11580 11581 11582
v -11.4600 1.1850 6.6000
v -10.6700 1.1850 6.6000
v -10.6700 1.2750 6.6000
v -11.4600 1.2750 6.6000
f 11583 11584 11585 11586
v -10.6700 1.1850 6.6000
v -10.6700 1.1850 7.0200
v -10.6700 1.2750 7.0200
v -10.6700 1.2750 6.6000
f 11587 11588 11589 11590
v -10.6700 1.1850 7.0200
v -11.4600 1.1850 7.0200
v -11.4600 1.2750 7.0200
v -10.6700 1.2750 7.0200
f 11591 11592 11593 11594
v -11.4600 1.1850 7.0200
v -11.4600 1.1850 6.6000
v -11.4600 1.2750 6.6000
v -11.4600 1.2750 7.0200
f 11595 11596 11597 11598
g level_1_interior_headboard
usemtl furniture
v -11.5800 0.9000 6.4300
v -11.5800 0.9000 6.5300
v -10.5600 0.9000 6.5300
v -10.5600 0.9000 6.4300
f 11599 11600 11601 11602
v -11.5800 1.5500 6.4300
v -10.5600 1.5500 6.4300
v -10.5600 1.5500 6.5300
v -11.5800 1.5500 6.5300
f 11603 11604 11605 11606
v -11.5800 0.9000 6.4300
v -10.5600 0.9000 6.4300
v -10.5600 1.5500 6.4300
v -11.5800 1.5500 6.4300
f 11607 11608 11609 11610
v -10.5600 0.9000 6.4300
v -10.5600 0.9000 6.5300
v -10.5600 1.5500 6.5300
v -10.5600 1.5500 6.4300
f 11611 11612 11613 11614
v -10.5600 0.9000 6.5300
v -11.5800 0.9000 6.5300
v -11.5800 1.5500 6.5300
v -10.5600 1.5500 6.5300
f 11615 11616 11617 11618
v -11.5800 0.9000 6.5300
v -11.5800 0.9000 6.4300
v -11.5800 1.5500 6.4300
v -11.5800 1.5500 6.5300
f 11619 11620 11621 11622
g level_1_interior_bed_frame
v -9.4500 0.5500 6.4800
v -9.4500 0.5500 8.5300
v -8.4300 0.5500 8.5300
v -8.4300 0.5500 6.4800
f 11623 11624 11625 11626
v -9.4500 0.9700 6.4800
v -8.4300 0.9700 6.4800
v -8.4300 0.9700 8.5300
v -9.4500 0.9700 8.5300
f 11627 11628 11629 11630
v -9.4500 0.5500 6.4800
v -8.4300 0.5500 6.4800
v -8.4300 0.9700 6.4800
v -9.4500 0.9700 6.4800
f 11631 11632 11633 11634
v -8.4300 0.5500 6.4800
v -8.4300 0.5500 8.5300
v -8.4300 0.9700 8.5300
v -8.4300 0.9700 6.4800
f 11635 11636 11637 11638
v -8.4300 0.5500 8.5300
v -9.4500 0.5500 8.5300
v -9.4500 0.9700 8.5300
v -8.4300 0.9700 8.5300
f 11639 11640 11641 11642
v -9.4500 0.5500 8.5300
v -9.4500 0.5500 6.4800
v -9.4500 0.9700 6.4800
v -9.4500 0.9700 8.5300
f 11643 11644 11645 11646
g level_1_interior_bed_mattress
usemtl bed
v -9.4150 0.9700 6.5150
v -9.4150 0.9700 8.4950
v -8.4650 0.9700 8.4950
v -8.4650 0.9700 6.5150
f 11647 11648 11649 11650
v -9.4150 1.1700 6.5150
v -8.4650 1.1700 6.5150
v -8.4650 1.1700 8.4950
v -9.4150 1.1700 8.4950
f 11651 11652 11653 11654
v -9.4150 0.9700 6.5150
v -8.4650 0.9700 6.5150
v -8.4650 1.1700 6.5150
v -9.4150 1.1700 6.5150
f 11655 11656 11657 11658
v -8.4650 0.9700 6.5150
v -8.4650 0.9700 8.4950
v -8.4650 1.1700 8.4950
v -8.4650 1.1700 6.5150
f 11659 11660 11661 11662
v -8.4650 0.9700 8.4950
v -9.4150 0.9700 8.4950
v -9.4150 1.1700 8.4950
v -8.4650 1.1700 8.4950
f 11663 11664 11665 11666
v -9.4150 0.9700 8.4950
v -9.4150 0.9700 6.5150
v -9.4150 1.1700 6.5150
v -9.4150 1.1700 8.4950
f 11667 11668 11669 11670
g level_1_interior_blanket
usemtl blanket
v -9.3850 1.1800 7.1600
v -9.3850 1.1800 8.4100
v -8.4950 1.1800 8.4100
v -8.4950 1.1800 7.1600
f 11671 11672 11673 11674
v -9.3850 1.2150 7.1600
v -8.4950 1.2150 7.1600
v -8.4950 1.2150 8.4100
v -9.3850 1.2150 8.4100
f 11675 11676 11677 11678
v -9.3850 1.1800 7.1600
v -8.4950 1.1800 7.1600
v -8.4950 1.2150 7.1600
v -9.3850 1.2150 7.1600
f 11679 11680 11681 11682
v -8.4950 1.1800 7.1600
v -8.4950 1.1800 8.4100
v -8.4950 1.2150 8.4100
v -8.4950 1.2150 7.1600
f 11683 11684 11685 11686
v -8.4950 1.1800 8.4100
v -9.3850 1.1800 8.4100
v -9.3850 1.2150 8.4100
v -8.4950 1.2150 8.4100
f 11687 11688 11689 11690
v -9.3850 1.1800 8.4100
v -9.3850 1.1800 7.1600
v -9.3850 1.2150 7.1600
v -9.3850 1.2150 8.4100
f 11691 11692 11693 11694
g level_1_interior_pillow
usemtl pillow
v -9.3300 1.1850 6.6000
v -9.3300 1.1850 7.0200
v -8.5400 1.1850 7.0200
v -8.5400 1.1850 6.6000
f 11695 11696 11697 11698
v -9.3300 1.2750 6.6000
v -8.5400 1.2750 6.6000
v -8.5400 1.2750 7.0200
v -9.3300 1.2750 7.0200
f 11699 11700 11701 11702
v -9.3300 1.1850 6.6000
v -8.5400 1.1850 6.6000
v -8.5400 1.2750 6.6000
v -9.3300 1.2750 6.6000
f 11703 11704 11705 11706
v -8.5400 1.1850 6.6000
v -8.5400 1.1850 7.0200
v -8.5400 1.2750 7.0200
v -8.5400 1.2750 6.6000
f 11707 11708 11709 11710
v -8.5400 1.1850 7.0200
v -9.3300 1.1850 7.0200
v -9.3300 1.2750 7.0200
v -8.5400 1.2750 7.0200
f 11711 11712 11713 11714
v -9.3300 1.1850 7.0200
v -9.3300 1.1850 6.6000
v -9.3300 1.2750 6.6000
v -9.3300 1.2750 7.0200
f 11715 11716 11717 11718
g level_1_interior_headboard
usemtl furniture
v -9.4500 0.9000 6.4300
v -9.4500 0.9000 6.5300
v -8.4300 0.9000 6.5300
v -8.4300 0.9000 6.4300
f 11719 11720 11721 11722
v -9.4500 1.5500 6.4300
v -8.4300 1.5500 6.4300
v -8.4300 1.5500 6.5300
v -9.4500 1.5500 6.5300
f 11723 11724 11725 11726
v -9.4500 0.9000 6.4300
v -8.4300 0.9000 6.4300
v -8.4300 1.5500 6.4300
v -9.4500 1.5500 6.4300
f 11727 11728 11729 11730
v -8.4300 0.9000 6.4300
v -8.4300 0.9000 6.5300
v -8.4300 1.5500 6.5300
v -8.4300 1.5500 6.4300
f 11731 11732 11733 11734
v -8.4300 0.9000 6.5300
v -9.4500 0.9000 6.5300
v -9.4500 1.5500 6.5300
v -8.4300 1.5500 6.5300
f 11735 11736 11737 11738
v -9.4500 0.9000 6.5300
v -9.4500 0.9000 6.4300
v -9.4500 1.5500 6.4300
v -9.4500 1.5500 6.5300
f 11739 11740 11741 11742
g level_1_interior_cabinet
v -8.7500 0.5600 11.3500
v -8.7500 0.5600 12.1500
v -8.1000 0.5600 12.1500
v -8.1000 0.5600 11.3500
f 11743 11744 11745 11746
v -8.7500 1.3600 11.3500
v -8.1000 1.3600 11.3500
v -8.1000 1.3600 12.1500
v -8.7500 1.3600 12.1500
f 11747 11748 11749 11750
v -8.7500 0.5600 11.3500
v -8.1000 0.5600 11.3500
v -8.1000 1.3600 11.3500
v -8.7500 1.3600 11.3500
f 11751 11752 11753 11754
v -8.1000 0.5600 11.3500
v -8.1000 0.5600 12.1500
v -8.1000 1.3600 12.1500
v -8.1000 1.3600 11.3500
f 11755 11756 11757 11758
v -8.1000 0.5600 12.1500
v -8.7500 0.5600 12.1500
v -8.7500 1.3600 12.1500
v -8.1000 1.3600 12.1500
f 11759 11760 11761 11762
v -8.7500 0.5600 12.1500
v -8.7500 0.5600 11.3500
v -8.7500 1.3600 11.3500
v -8.7500 1.3600 12.1500
f 11763 11764 11765 11766
g level_1_interior_room_zone
usemtl room
v -8.0000 0.5100 6.0000
v -8.0000 0.5100 12.3000
v -4.0000 0.5100 12.3000
v -4.0000 0.5100 6.0000
f 11767 11768 11769 11770
v -8.0000 0.5550 6.0000
v -4.0000 0.5550 6.0000
v -4.0000 0.5550 12.3000
v -8.0000 0.5550 12.3000
f 11771 11772 11773 11774
v -8.0000 0.5100 6.0000
v -4.0000 0.5100 6.0000
v -4.0000 0.5550 6.0000
v -8.0000 0.5550 6.0000
f 11775 11776 11777 11778
v -4.0000 0.5100 6.0000
v -4.0000 0.5100 12.3000
v -4.0000 0.5550 12.3000
v -4.0000 0.5550 6.0000
f 11779 11780 11781 11782
v -4.0000 0.5100 12.3000
v -8.0000 0.5100 12.3000
v -8.0000 0.5550 12.3000
v -4.0000 0.5550 12.3000
f 11783 11784 11785 11786
v -8.0000 0.5100 12.3000
v -8.0000 0.5100 6.0000
v -8.0000 0.5550 6.0000
v -8.0000 0.5550 12.3000
f 11787 11788 11789 11790
g level_1_interior_schematic_partition
usemtl wall
v -8.0000 0.5550 6.0000
v -8.0000 0.5550 12.3000
v -7.9000 0.5550 12.3000
v -7.9000 0.5550 6.0000
f 11791 11792 11793 11794
v -8.0000 1.1750 6.0000
v -7.9000 1.1750 6.0000
v -7.9000 1.1750 12.3000
v -8.0000 1.1750 12.3000
f 11795 11796 11797 11798
v -8.0000 0.5550 6.0000
v -7.9000 0.5550 6.0000
v -7.9000 1.1750 6.0000
v -8.0000 1.1750 6.0000
f 11799 11800 11801 11802
v -7.9000 0.5550 6.0000
v -7.9000 0.5550 12.3000
v -7.9000 1.1750 12.3000
v -7.9000 1.1750 6.0000
f 11803 11804 11805 11806
v -7.9000 0.5550 12.3000
v -8.0000 0.5550 12.3000
v -8.0000 1.1750 12.3000
v -7.9000 1.1750 12.3000
f 11807 11808 11809 11810
v -8.0000 0.5550 12.3000
v -8.0000 0.5550 6.0000
v -8.0000 1.1750 6.0000
v -8.0000 1.1750 12.3000
f 11811 11812 11813 11814
v -8.0000 0.5550 6.0000
v -8.0000 0.5550 6.1000
v -4.0000 0.5550 6.1000
v -4.0000 0.5550 6.0000
f 11815 11816 11817 11818
v -8.0000 1.1750 6.0000
v -4.0000 1.1750 6.0000
v -4.0000 1.1750 6.1000
v -8.0000 1.1750 6.1000
f 11819 11820 11821 11822
v -8.0000 0.5550 6.0000
v -4.0000 0.5550 6.0000
v -4.0000 1.1750 6.0000
v -8.0000 1.1750 6.0000
f 11823 11824 11825 11826
v -4.0000 0.5550 6.0000
v -4.0000 0.5550 6.1000
v -4.0000 1.1750 6.1000
v -4.0000 1.1750 6.0000
f 11827 11828 11829 11830
v -4.0000 0.5550 6.1000
v -8.0000 0.5550 6.1000
v -8.0000 1.1750 6.1000
v -4.0000 1.1750 6.1000
f 11831 11832 11833 11834
v -8.0000 0.5550 6.1000
v -8.0000 0.5550 6.0000
v -8.0000 1.1750 6.0000
v -8.0000 1.1750 6.1000
f 11835 11836 11837 11838
g level_1_interior_bed_frame
usemtl furniture
v -7.5800 0.5500 6.4800
v -7.5800 0.5500 8.5300
v -6.5600 0.5500 8.5300
v -6.5600 0.5500 6.4800
f 11839 11840 11841 11842
v -7.5800 0.9700 6.4800
v -6.5600 0.9700 6.4800
v -6.5600 0.9700 8.5300
v -7.5800 0.9700 8.5300
f 11843 11844 11845 11846
v -7.5800 0.5500 6.4800
v -6.5600 0.5500 6.4800
v -6.5600 0.9700 6.4800
v -7.5800 0.9700 6.4800
f 11847 11848 11849 11850
v -6.5600 0.5500 6.4800
v -6.5600 0.5500 8.5300
v -6.5600 0.9700 8.5300
v -6.5600 0.9700 6.4800
f 11851 11852 11853 11854
v -6.5600 0.5500 8.5300
v -7.5800 0.5500 8.5300
v -7.5800 0.9700 8.5300
v -6.5600 0.9700 8.5300
f 11855 11856 11857 11858
v -7.5800 0.5500 8.5300
v -7.5800 0.5500 6.4800
v -7.5800 0.9700 6.4800
v -7.5800 0.9700 8.5300
f 11859 11860 11861 11862
g level_1_interior_bed_mattress
usemtl bed
v -7.5450 0.9700 6.5150
v -7.5450 0.9700 8.4950
v -6.5950 0.9700 8.4950
v -6.5950 0.9700 6.5150
f 11863 11864 11865 11866
v -7.5450 1.1700 6.5150
v -6.5950 1.1700 6.5150
v -6.5950 1.1700 8.4950
v -7.5450 1.1700 8.4950
f 11867 11868 11869 11870
v -7.5450 0.9700 6.5150
v -6.5950 0.9700 6.5150
v -6.5950 1.1700 6.5150
v -7.5450 1.1700 6.5150
f 11871 11872 11873 11874
v -6.5950 0.9700 6.5150
v -6.5950 0.9700 8.4950
v -6.5950 1.1700 8.4950
v -6.5950 1.1700 6.5150
f 11875 11876 11877 11878
v -6.5950 0.9700 8.4950
v -7.5450 0.9700 8.4950
v -7.5450 1.1700 8.4950
v -6.5950 1.1700 8.4950
f 11879 11880 11881 11882
v -7.5450 0.9700 8.4950
v -7.5450 0.9700 6.5150
v -7.5450 1.1700 6.5150
v -7.5450 1.1700 8.4950
f 11883 11884 11885 11886
g level_1_interior_blanket
usemtl blanket
v -7.5150 1.1800 7.1600
v -7.5150 1.1800 8.4100
v -6.6250 1.1800 8.4100
v -6.6250 1.1800 7.1600
f 11887 11888 11889 11890
v -7.5150 1.2150 7.1600
v -6.6250 1.2150 7.1600
v -6.6250 1.2150 8.4100
v -7.5150 1.2150 8.4100
f 11891 11892 11893 11894
v -7.5150 1.1800 7.1600
v -6.6250 1.1800 7.1600
v -6.6250 1.2150 7.1600
v -7.5150 1.2150 7.1600
f 11895 11896 11897 11898
v -6.6250 1.1800 7.1600
v -6.6250 1.1800 8.4100
v -6.6250 1.2150 8.4100
v -6.6250 1.2150 7.1600
f 11899 11900 11901 11902
v -6.6250 1.1800 8.4100
v -7.5150 1.1800 8.4100
v -7.5150 1.2150 8.4100
v -6.6250 1.2150 8.4100
f 11903 11904 11905 11906
v -7.5150 1.1800 8.4100
v -7.5150 1.1800 7.1600
v -7.5150 1.2150 7.1600
v -7.5150 1.2150 8.4100
f 11907 11908 11909 11910
g level_1_interior_pillow
usemtl pillow
v -7.4600 1.1850 6.6000
v -7.4600 1.1850 7.0200
v -6.6700 1.1850 7.0200
v -6.6700 1.1850 6.6000
f 11911 11912 11913 11914
v -7.4600 1.2750 6.6000
v -6.6700 1.2750 6.6000
v -6.6700 1.2750 7.0200
v -7.4600 1.2750 7.0200
f 11915 11916 11917 11918
v -7.4600 1.1850 6.6000
v -6.6700 1.1850 6.6000
v -6.6700 1.2750 6.6000
v -7.4600 1.2750 6.6000
f 11919 11920 11921 11922
v -6.6700 1.1850 6.6000
v -6.6700 1.1850 7.0200
v -6.6700 1.2750 7.0200
v -6.6700 1.2750 6.6000
f 11923 11924 11925 11926
v -6.6700 1.1850 7.0200
v -7.4600 1.1850 7.0200
v -7.4600 1.2750 7.0200
v -6.6700 1.2750 7.0200
f 11927 11928 11929 11930
v -7.4600 1.1850 7.0200
v -7.4600 1.1850 6.6000
v -7.4600 1.2750 6.6000
v -7.4600 1.2750 7.0200
f 11931 11932 11933 11934
g level_1_interior_headboard
usemtl furniture
v -7.5800 0.9000 6.4300
v -7.5800 0.9000 6.5300
v -6.5600 0.9000 6.5300
v -6.5600 0.9000 6.4300
f 11935 11936 11937 11938
v -7.5800 1.5500 6.4300
v -6.5600 1.5500 6.4300
v -6.5600 1.5500 6.5300
v -7.5800 1.5500 6.5300
f 11939 11940 11941 11942
v -7.5800 0.9000 6.4300
v -6.5600 0.9000 6.4300
v -6.5600 1.5500 6.4300
v -7.5800 1.5500 6.4300
f 11943 11944 11945 11946
v -6.5600 0.9000 6.4300
v -6.5600 0.9000 6.5300
v -6.5600 1.5500 6.5300
v -6.5600 1.5500 6.4300
f 11947 11948 11949 11950
v -6.5600 0.9000 6.5300
v -7.5800 0.9000 6.5300
v -7.5800 1.5500 6.5300
v -6.5600 1.5500 6.5300
f 11951 11952 11953 11954
v -7.5800 0.9000 6.5300
v -7.5800 0.9000 6.4300
v -7.5800 1.5500 6.4300
v -7.5800 1.5500 6.5300
f 11955 11956 11957 11958
g level_1_interior_bed_frame
v -5.4500 0.5500 6.4800
v -5.4500 0.5500 8.5300
v -4.4300 0.5500 8.5300
v -4.4300 0.5500 6.4800
f 11959 11960 11961 11962
v -5.4500 0.9700 6.4800
v -4.4300 0.9700 6.4800
v -4.4300 0.9700 8.5300
v -5.4500 0.9700 8.5300
f 11963 11964 11965 11966
v -5.4500 0.5500 6.4800
v -4.4300 0.5500 6.4800
v -4.4300 0.9700 6.4800
v -5.4500 0.9700 6.4800
f 11967 11968 11969 11970
v -4.4300 0.5500 6.4800
v -4.4300 0.5500 8.5300
v -4.4300 0.9700 8.5300
v -4.4300 0.9700 6.4800
f 11971 11972 11973 11974
v -4.4300 0.5500 8.5300
v -5.4500 0.5500 8.5300
v -5.4500 0.9700 8.5300
v -4.4300 0.9700 8.5300
f 11975 11976 11977 11978
v -5.4500 0.5500 8.5300
v -5.4500 0.5500 6.4800
v -5.4500 0.9700 6.4800
v -5.4500 0.9700 8.5300
f 11979 11980 11981 11982
g level_1_interior_bed_mattress
usemtl bed
v -5.4150 0.9700 6.5150
v -5.4150 0.9700 8.4950
v -4.4650 0.9700 8.4950
v -4.4650 0.9700 6.5150
f 11983 11984 11985 11986
v -5.4150 1.1700 6.5150
v -4.4650 1.1700 6.5150
v -4.4650 1.1700 8.4950
v -5.4150 1.1700 8.4950
f 11987 11988 11989 11990
v -5.4150 0.9700 6.5150
v -4.4650 0.9700 6.5150
v -4.4650 1.1700 6.5150
v -5.4150 1.1700 6.5150
f 11991 11992 11993 11994
v -4.4650 0.9700 6.5150
v -4.4650 0.9700 8.4950
v -4.4650 1.1700 8.4950
v -4.4650 1.1700 6.5150
f 11995 11996 11997 11998
v -4.4650 0.9700 8.4950
v -5.4150 0.9700 8.4950
v -5.4150 1.1700 8.4950
v -4.4650 1.1700 8.4950
f 11999 12000 12001 12002
v -5.4150 0.9700 8.4950
v -5.4150 0.9700 6.5150
v -5.4150 1.1700 6.5150
v -5.4150 1.1700 8.4950
f 12003 12004 12005 12006
g level_1_interior_blanket
usemtl blanket
v -5.3850 1.1800 7.1600
v -5.3850 1.1800 8.4100
v -4.4950 1.1800 8.4100
v -4.4950 1.1800 7.1600
f 12007 12008 12009 12010
v -5.3850 1.2150 7.1600
v -4.4950 1.2150 7.1600
v -4.4950 1.2150 8.4100
v -5.3850 1.2150 8.4100
f 12011 12012 12013 12014
v -5.3850 1.1800 7.1600
v -4.4950 1.1800 7.1600
v -4.4950 1.2150 7.1600
v -5.3850 1.2150 7.1600
f 12015 12016 12017 12018
v -4.4950 1.1800 7.1600
v -4.4950 1.1800 8.4100
v -4.4950 1.2150 8.4100
v -4.4950 1.2150 7.1600
f 12019 12020 12021 12022
v -4.4950 1.1800 8.4100
v -5.3850 1.1800 8.4100
v -5.3850 1.2150 8.4100
v -4.4950 1.2150 8.4100
f 12023 12024 12025 12026
v -5.3850 1.1800 8.4100
v -5.3850 1.1800 7.1600
v -5.3850 1.2150 7.1600
v -5.3850 1.2150 8.4100
f 12027 12028 12029 12030
g level_1_interior_pillow
usemtl pillow
v -5.3300 1.1850 6.6000
v -5.3300 1.1850 7.0200
v -4.5400 1.1850 7.0200
v -4.5400 1.1850 6.6000
f 12031 12032 12033 12034
v -5.3300 1.2750 6.6000
v -4.5400 1.2750 6.6000
v -4.5400 1.2750 7.0200
v -5.3300 1.2750 7.0200
f 12035 12036 12037 12038
v -5.3300 1.1850 6.6000
v -4.5400 1.1850 6.6000
v -4.5400 1.2750 6.6000
v -5.3300 1.2750 6.6000
f 12039 12040 12041 12042
v -4.5400 1.1850 6.6000
v -4.5400 1.1850 7.0200
v -4.5400 1.2750 7.0200
v -4.5400 1.2750 6.6000
f 12043 12044 12045 12046
v -4.5400 1.1850 7.0200
v -5.3300 1.1850 7.0200
v -5.3300 1.2750 7.0200
v -4.5400 1.2750 7.0200
f 12047 12048 12049 12050
v -5.3300 1.1850 7.0200
v -5.3300 1.1850 6.6000
v -5.3300 1.2750 6.6000
v -5.3300 1.2750 7.0200
f 12051 12052 12053 12054
g level_1_interior_headboard
usemtl furniture
v -5.4500 0.9000 6.4300
v -5.4500 0.9000 6.5300
v -4.4300 0.9000 6.5300
v -4.4300 0.9000 6.4300
f 12055 12056 12057 12058
v -5.4500 1.5500 6.4300
v -4.4300 1.5500 6.4300
v -4.4300 1.5500 6.5300
v -5.4500 1.5500 6.5300
f 12059 12060 12061 12062
v -5.4500 0.9000 6.4300
v -4.4300 0.9000 6.4300
v -4.4300 1.5500 6.4300
v -5.4500 1.5500 6.4300
f 12063 12064 12065 12066
v -4.4300 0.9000 6.4300
v -4.4300 0.9000 6.5300
v -4.4300 1.5500 6.5300
v -4.4300 1.5500 6.4300
f 12067 12068 12069 12070
v -4.4300 0.9000 6.5300
v -5.4500 0.9000 6.5300
v -5.4500 1.5500 6.5300
v -4.4300 1.5500 6.5300
f 12071 12072 12073 12074
v -5.4500 0.9000 6.5300
v -5.4500 0.9000 6.4300
v -5.4500 1.5500 6.4300
v -5.4500 1.5500 6.5300
f 12075 12076 12077 12078
g level_1_interior_cabinet
v -4.7500 0.5600 11.3500
v -4.7500 0.5600 12.1500
v -4.1000 0.5600 12.1500
v -4.1000 0.5600 11.3500
f 12079 12080 12081 12082
v -4.7500 1.3600 11.3500
v -4.1000 1.3600 11.3500
v -4.1000 1.3600 12.1500
v -4.7500 1.3600 12.1500
f 12083 12084 12085 12086
v -4.7500 0.5600 11.3500
v -4.1000 0.5600 11.3500
v -4.1000 1.3600 11.3500
v -4.7500 1.3600 11.3500
f 12087 12088 12089 12090
v -4.1000 0.5600 11.3500
v -4.1000 0.5600 12.1500
v -4.1000 1.3600 12.1500
v -4.1000 1.3600 11.3500
f 12091 12092 12093 12094
v -4.1000 0.5600 12.1500
v -4.7500 0.5600 12.1500
v -4.7500 1.3600 12.1500
v -4.1000 1.3600 12.1500
f 12095 12096 12097 12098
v -4.7500 0.5600 12.1500
v -4.7500 0.5600 11.3500
v -4.7500 1.3600 11.3500
v -4.7500 1.3600 12.1500
f 12099 12100 12101 12102
g level_1_interior_room_zone
usemtl room
v -4.0000 0.5100 6.0000
v -4.0000 0.5100 12.3000
v 0.0000 0.5100 12.3000
v 0.0000 0.5100 6.0000
f 12103 12104 12105 12106
v -4.0000 0.5550 6.0000
v 0.0000 0.5550 6.0000
v 0.0000 0.5550 12.3000
v -4.0000 0.5550 12.3000
f 12107 12108 12109 12110
v -4.0000 0.5100 6.0000
v 0.0000 0.5100 6.0000
v 0.0000 0.5550 6.0000
v -4.0000 0.5550 6.0000
f 12111 12112 12113 12114
v 0.0000 0.5100 6.0000
v 0.0000 0.5100 12.3000
v 0.0000 0.5550 12.3000
v 0.0000 0.5550 6.0000
f 12115 12116 12117 12118
v 0.0000 0.5100 12.3000
v -4.0000 0.5100 12.3000
v -4.0000 0.5550 12.3000
v 0.0000 0.5550 12.3000
f 12119 12120 12121 12122
v -4.0000 0.5100 12.3000
v -4.0000 0.5100 6.0000
v -4.0000 0.5550 6.0000
v -4.0000 0.5550 12.3000
f 12123 12124 12125 12126
g level_1_interior_schematic_partition
usemtl wall
v -4.0000 0.5550 6.0000
v -4.0000 0.5550 12.3000
v -3.9000 0.5550 12.3000
v -3.9000 0.5550 6.0000
f 12127 12128 12129 12130
v -4.0000 1.1750 6.0000
v -3.9000 1.1750 6.0000
v -3.9000 1.1750 12.3000
v -4.0000 1.1750 12.3000
f 12131 12132 12133 12134
v -4.0000 0.5550 6.0000
v -3.9000 0.5550 6.0000
v -3.9000 1.1750 6.0000
v -4.0000 1.1750 6.0000
f 12135 12136 12137 12138
v -3.9000 0.5550 6.0000
v -3.9000 0.5550 12.3000
v -3.9000 1.1750 12.3000
v -3.9000 1.1750 6.0000
f 12139 12140 12141 12142
v -3.9000 0.5550 12.3000
v -4.0000 0.5550 12.3000
v -4.0000 1.1750 12.3000
v -3.9000 1.1750 12.3000
f 12143 12144 12145 12146
v -4.0000 0.5550 12.3000
v -4.0000 0.5550 6.0000
v -4.0000 1.1750 6.0000
v -4.0000 1.1750 12.3000
f 12147 12148 12149 12150
v -4.0000 0.5550 6.0000
v -4.0000 0.5550 6.1000
v 0.0000 0.5550 6.1000
v 0.0000 0.5550 6.0000
f 12151 12152 12153 12154
v -4.0000 1.1750 6.0000
v 0.0000 1.1750 6.0000
v 0.0000 1.1750 6.1000
v -4.0000 1.1750 6.1000
f 12155 12156 12157 12158
v -4.0000 0.5550 6.0000
v 0.0000 0.5550 6.0000
v 0.0000 1.1750 6.0000
v -4.0000 1.1750 6.0000
f 12159 12160 12161 12162
v 0.0000 0.5550 6.0000
v 0.0000 0.5550 6.1000
v 0.0000 1.1750 6.1000
v 0.0000 1.1750 6.0000
f 12163 12164 12165 12166
v 0.0000 0.5550 6.1000
v -4.0000 0.5550 6.1000
v -4.0000 1.1750 6.1000
v 0.0000 1.1750 6.1000
f 12167 12168 12169 12170
v -4.0000 0.5550 6.1000
v -4.0000 0.5550 6.0000
v -4.0000 1.1750 6.0000
v -4.0000 1.1750 6.1000
f 12171 12172 12173 12174
g level_1_interior_bed_frame
usemtl furniture
v -3.5800 0.5500 6.4800
v -3.5800 0.5500 8.5300
v -2.5600 0.5500 8.5300
v -2.5600 0.5500 6.4800
f 12175 12176 12177 12178
v -3.5800 0.9700 6.4800
v -2.5600 0.9700 6.4800
v -2.5600 0.9700 8.5300
v -3.5800 0.9700 8.5300
f 12179 12180 12181 12182
v -3.5800 0.5500 6.4800
v -2.5600 0.5500 6.4800
v -2.5600 0.9700 6.4800
v -3.5800 0.9700 6.4800
f 12183 12184 12185 12186
v -2.5600 0.5500 6.4800
v -2.5600 0.5500 8.5300
v -2.5600 0.9700 8.5300
v -2.5600 0.9700 6.4800
f 12187 12188 12189 12190
v -2.5600 0.5500 8.5300
v -3.5800 0.5500 8.5300
v -3.5800 0.9700 8.5300
v -2.5600 0.9700 8.5300
f 12191 12192 12193 12194
v -3.5800 0.5500 8.5300
v -3.5800 0.5500 6.4800
v -3.5800 0.9700 6.4800
v -3.5800 0.9700 8.5300
f 12195 12196 12197 12198
g level_1_interior_bed_mattress
usemtl bed
v -3.5450 0.9700 6.5150
v -3.5450 0.9700 8.4950
v -2.5950 0.9700 8.4950
v -2.5950 0.9700 6.5150
f 12199 12200 12201 12202
v -3.5450 1.1700 6.5150
v -2.5950 1.1700 6.5150
v -2.5950 1.1700 8.4950
v -3.5450 1.1700 8.4950
f 12203 12204 12205 12206
v -3.5450 0.9700 6.5150
v -2.5950 0.9700 6.5150
v -2.5950 1.1700 6.5150
v -3.5450 1.1700 6.5150
f 12207 12208 12209 12210
v -2.5950 0.9700 6.5150
v -2.5950 0.9700 8.4950
v -2.5950 1.1700 8.4950
v -2.5950 1.1700 6.5150
f 12211 12212 12213 12214
v -2.5950 0.9700 8.4950
v -3.5450 0.9700 8.4950
v -3.5450 1.1700 8.4950
v -2.5950 1.1700 8.4950
f 12215 12216 12217 12218
v -3.5450 0.9700 8.4950
v -3.5450 0.9700 6.5150
v -3.5450 1.1700 6.5150
v -3.5450 1.1700 8.4950
f 12219 12220 12221 12222
g level_1_interior_blanket
usemtl blanket
v -3.5150 1.1800 7.1600
v -3.5150 1.1800 8.4100
v -2.6250 1.1800 8.4100
v -2.6250 1.1800 7.1600
f 12223 12224 12225 12226
v -3.5150 1.2150 7.1600
v -2.6250 1.2150 7.1600
v -2.6250 1.2150 8.4100
v -3.5150 1.2150 8.4100
f 12227 12228 12229 12230
v -3.5150 1.1800 7.1600
v -2.6250 1.1800 7.1600
v -2.6250 1.2150 7.1600
v -3.5150 1.2150 7.1600
f 12231 12232 12233 12234
v -2.6250 1.1800 7.1600
v -2.6250 1.1800 8.4100
v -2.6250 1.2150 8.4100
v -2.6250 1.2150 7.1600
f 12235 12236 12237 12238
v -2.6250 1.1800 8.4100
v -3.5150 1.1800 8.4100
v -3.5150 1.2150 8.4100
v -2.6250 1.2150 8.4100
f 12239 12240 12241 12242
v -3.5150 1.1800 8.4100
v -3.5150 1.1800 7.1600
v -3.5150 1.2150 7.1600
v -3.5150 1.2150 8.4100
f 12243 12244 12245 12246
g level_1_interior_pillow
usemtl pillow
v -3.4600 1.1850 6.6000
v -3.4600 1.1850 7.0200
v -2.6700 1.1850 7.0200
v -2.6700 1.1850 6.6000
f 12247 12248 12249 12250
v -3.4600 1.2750 6.6000
v -2.6700 1.2750 6.6000
v -2.6700 1.2750 7.0200
v -3.4600 1.2750 7.0200
f 12251 12252 12253 12254
v -3.4600 1.1850 6.6000
v -2.6700 1.1850 6.6000
v -2.6700 1.2750 6.6000
v -3.4600 1.2750 6.6000
f 12255 12256 12257 12258
v -2.6700 1.1850 6.6000
v -2.6700 1.1850 7.0200
v -2.6700 1.2750 7.0200
v -2.6700 1.2750 6.6000
f 12259 12260 12261 12262
v -2.6700 1.1850 7.0200
v -3.4600 1.1850 7.0200
v -3.4600 1.2750 7.0200
v -2.6700 1.2750 7.0200
f 12263 12264 12265 12266
v -3.4600 1.1850 7.0200
v -3.4600 1.1850 6.6000
v -3.4600 1.2750 6.6000
v -3.4600 1.2750 7.0200
f 12267 12268 12269 12270
g level_1_interior_headboard
usemtl furniture
v -3.5800 0.9000 6.4300
v -3.5800 0.9000 6.5300
v -2.5600 0.9000 6.5300
v -2.5600 0.9000 6.4300
f 12271 12272 12273 12274
v -3.5800 1.5500 6.4300
v -2.5600 1.5500 6.4300
v -2.5600 1.5500 6.5300
v -3.5800 1.5500 6.5300
f 12275 12276 12277 12278
v -3.5800 0.9000 6.4300
v -2.5600 0.9000 6.4300
v -2.5600 1.5500 6.4300
v -3.5800 1.5500 6.4300
f 12279 12280 12281 12282
v -2.5600 0.9000 6.4300
v -2.5600 0.9000 6.5300
v -2.5600 1.5500 6.5300
v -2.5600 1.5500 6.4300
f 12283 12284 12285 12286
v -2.5600 0.9000 6.5300
v -3.5800 0.9000 6.5300
v -3.5800 1.5500 6.5300
v -2.5600 1.5500 6.5300
f 12287 12288 12289 12290
v -3.5800 0.9000 6.5300
v -3.5800 0.9000 6.4300
v -3.5800 1.5500 6.4300
v -3.5800 1.5500 6.5300
f 12291 12292 12293 12294
g level_1_interior_bed_frame
v -1.4500 0.5500 6.4800
v -1.4500 0.5500 8.5300
v -0.4300 0.5500 8.5300
v -0.4300 0.5500 6.4800
f 12295 12296 12297 12298
v -1.4500 0.9700 6.4800
v -0.4300 0.9700 6.4800
v -0.4300 0.9700 8.5300
v -1.4500 0.9700 8.5300
f 12299 12300 12301 12302
v -1.4500 0.5500 6.4800
v -0.4300 0.5500 6.4800
v -0.4300 0.9700 6.4800
v -1.4500 0.9700 6.4800
f 12303 12304 12305 12306
v -0.4300 0.5500 6.4800
v -0.4300 0.5500 8.5300
v -0.4300 0.9700 8.5300
v -0.4300 0.9700 6.4800
f 12307 12308 12309 12310
v -0.4300 0.5500 8.5300
v -1.4500 0.5500 8.5300
v -1.4500 0.9700 8.5300
v -0.4300 0.9700 8.5300
f 12311 12312 12313 12314
v -1.4500 0.5500 8.5300
v -1.4500 0.5500 6.4800
v -1.4500 0.9700 6.4800
v -1.4500 0.9700 8.5300
f 12315 12316 12317 12318
g level_1_interior_bed_mattress
usemtl bed
v -1.4150 0.9700 6.5150
v -1.4150 0.9700 8.4950
v -0.4650 0.9700 8.4950
v -0.4650 0.9700 6.5150
f 12319 12320 12321 12322
v -1.4150 1.1700 6.5150
v -0.4650 1.1700 6.5150
v -0.4650 1.1700 8.4950
v -1.4150 1.1700 8.4950
f 12323 12324 12325 12326
v -1.4150 0.9700 6.5150
v -0.4650 0.9700 6.5150
v -0.4650 1.1700 6.5150
v -1.4150 1.1700 6.5150
f 12327 12328 12329 12330
v -0.4650 0.9700 6.5150
v -0.4650 0.9700 8.4950
v -0.4650 1.1700 8.4950
v -0.4650 1.1700 6.5150
f 12331 12332 12333 12334
v -0.4650 0.9700 8.4950
v -1.4150 0.9700 8.4950
v -1.4150 1.1700 8.4950
v -0.4650 1.1700 8.4950
f 12335 12336 12337 12338
v -1.4150 0.9700 8.4950
v -1.4150 0.9700 6.5150
v -1.4150 1.1700 6.5150
v -1.4150 1.1700 8.4950
f 12339 12340 12341 12342
g level_1_interior_blanket
usemtl blanket
v -1.3850 1.1800 7.1600
v -1.3850 1.1800 8.4100
v -0.4950 1.1800 8.4100
v -0.4950 1.1800 7.1600
f 12343 12344 12345 12346
v -1.3850 1.2150 7.1600
v -0.4950 1.2150 7.1600
v -0.4950 1.2150 8.4100
v -1.3850 1.2150 8.4100
f 12347 12348 12349 12350
v -1.3850 1.1800 7.1600
v -0.4950 1.1800 7.1600
v -0.4950 1.2150 7.1600
v -1.3850 1.2150 7.1600
f 12351 12352 12353 12354
v -0.4950 1.1800 7.1600
v -0.4950 1.1800 8.4100
v -0.4950 1.2150 8.4100
v -0.4950 1.2150 7.1600
f 12355 12356 12357 12358
v -0.4950 1.1800 8.4100
v -1.3850 1.1800 8.4100
v -1.3850 1.2150 8.4100
v -0.4950 1.2150 8.4100
f 12359 12360 12361 12362
v -1.3850 1.1800 8.4100
v -1.3850 1.1800 7.1600
v -1.3850 1.2150 7.1600
v -1.3850 1.2150 8.4100
f 12363 12364 12365 12366
g level_1_interior_pillow
usemtl pillow
v -1.3300 1.1850 6.6000
v -1.3300 1.1850 7.0200
v -0.5400 1.1850 7.0200
v -0.5400 1.1850 6.6000
f 12367 12368 12369 12370
v -1.3300 1.2750 6.6000
v -0.5400 1.2750 6.6000
v -0.5400 1.2750 7.0200
v -1.3300 1.2750 7.0200
f 12371 12372 12373 12374
v -1.3300 1.1850 6.6000
v -0.5400 1.1850 6.6000
v -0.5400 1.2750 6.6000
v -1.3300 1.2750 6.6000
f 12375 12376 12377 12378
v -0.5400 1.1850 6.6000
v -0.5400 1.1850 7.0200
v -0.5400 1.2750 7.0200
v -0.5400 1.2750 6.6000
f 12379 12380 12381 12382
v -0.5400 1.1850 7.0200
v -1.3300 1.1850 7.0200
v -1.3300 1.2750 7.0200
v -0.5400 1.2750 7.0200
f 12383 12384 12385 12386
v -1.3300 1.1850 7.0200
v -1.3300 1.1850 6.6000
v -1.3300 1.2750 6.6000
v -1.3300 1.2750 7.0200
f 12387 12388 12389 12390
g level_1_interior_headboard
usemtl furniture
v -1.4500 0.9000 6.4300
v -1.4500 0.9000 6.5300
v -0.4300 0.9000 6.5300
v -0.4300 0.9000 6.4300
f 12391 12392 12393 12394
v -1.4500 1.5500 6.4300
v -0.4300 1.5500 6.4300
v -0.4300 1.5500 6.5300
v -1.4500 1.5500 6.5300
f 12395 12396 12397 12398
v -1.4500 0.9000 6.4300
v -0.4300 0.9000 6.4300
v -0.4300 1.5500 6.4300
v -1.4500 1.5500 6.4300
f 12399 12400 12401 12402
v -0.4300 0.9000 6.4300
v -0.4300 0.9000 6.5300
v -0.4300 1.5500 6.5300
v -0.4300 1.5500 6.4300
f 12403 12404 12405 12406
v -0.4300 0.9000 6.5300
v -1.4500 0.9000 6.5300
v -1.4500 1.5500 6.5300
v -0.4300 1.5500 6.5300
f 12407 12408 12409 12410
v -1.4500 0.9000 6.5300
v -1.4500 0.9000 6.4300
v -1.4500 1.5500 6.4300
v -1.4500 1.5500 6.5300
f 12411 12412 12413 12414
g level_1_interior_cabinet
v -0.7500 0.5600 11.3500
v -0.7500 0.5600 12.1500
v -0.1000 0.5600 12.1500
v -0.1000 0.5600 11.3500
f 12415 12416 12417 12418
v -0.7500 1.3600 11.3500
v -0.1000 1.3600 11.3500
v -0.1000 1.3600 12.1500
v -0.7500 1.3600 12.1500
f 12419 12420 12421 12422
v -0.7500 0.5600 11.3500
v -0.1000 0.5600 11.3500
v -0.1000 1.3600 11.3500
v -0.7500 1.3600 11.3500
f 12423 12424 12425 12426
v -0.1000 0.5600 11.3500
v -0.1000 0.5600 12.1500
v -0.1000 1.3600 12.1500
v -0.1000 1.3600 11.3500
f 12427 12428 12429 12430
v -0.1000 0.5600 12.1500
v -0.7500 0.5600 12.1500
v -0.7500 1.3600 12.1500
v -0.1000 1.3600 12.1500
f 12431 12432 12433 12434
v -0.7500 0.5600 12.1500
v -0.7500 0.5600 11.3500
v -0.7500 1.3600 11.3500
v -0.7500 1.3600 12.1500
f 12435 12436 12437 12438
g level_1_interior_room_zone
usemtl room
v 0.0000 0.5100 6.0000
v 0.0000 0.5100 12.3000
v 4.0000 0.5100 12.3000
v 4.0000 0.5100 6.0000
f 12439 12440 12441 12442
v 0.0000 0.5550 6.0000
v 4.0000 0.5550 6.0000
v 4.0000 0.5550 12.3000
v 0.0000 0.5550 12.3000
f 12443 12444 12445 12446
v 0.0000 0.5100 6.0000
v 4.0000 0.5100 6.0000
v 4.0000 0.5550 6.0000
v 0.0000 0.5550 6.0000
f 12447 12448 12449 12450
v 4.0000 0.5100 6.0000
v 4.0000 0.5100 12.3000
v 4.0000 0.5550 12.3000
v 4.0000 0.5550 6.0000
f 12451 12452 12453 12454
v 4.0000 0.5100 12.3000
v 0.0000 0.5100 12.3000
v 0.0000 0.5550 12.3000
v 4.0000 0.5550 12.3000
f 12455 12456 12457 12458
v 0.0000 0.5100 12.3000
v 0.0000 0.5100 6.0000
v 0.0000 0.5550 6.0000
v 0.0000 0.5550 12.3000
f 12459 12460 12461 12462
g level_1_interior_schematic_partition
usemtl wall
v 0.0000 0.5550 6.0000
v 0.0000 0.5550 12.3000
v 0.1000 0.5550 12.3000
v 0.1000 0.5550 6.0000
f 12463 12464 12465 12466
v 0.0000 1.1750 6.0000
v 0.1000 1.1750 6.0000
v 0.1000 1.1750 12.3000
v 0.0000 1.1750 12.3000
f 12467 12468 12469 12470
v 0.0000 0.5550 6.0000
v 0.1000 0.5550 6.0000
v 0.1000 1.1750 6.0000
v 0.0000 1.1750 6.0000
f 12471 12472 12473 12474
v 0.1000 0.5550 6.0000
v 0.1000 0.5550 12.3000
v 0.1000 1.1750 12.3000
v 0.1000 1.1750 6.0000
f 12475 12476 12477 12478
v 0.1000 0.5550 12.3000
v 0.0000 0.5550 12.3000
v 0.0000 1.1750 12.3000
v 0.1000 1.1750 12.3000
f 12479 12480 12481 12482
v 0.0000 0.5550 12.3000
v 0.0000 0.5550 6.0000
v 0.0000 1.1750 6.0000
v 0.0000 1.1750 12.3000
f 12483 12484 12485 12486
v 0.0000 0.5550 6.0000
v 0.0000 0.5550 6.1000
v 4.0000 0.5550 6.1000
v 4.0000 0.5550 6.0000
f 12487 12488 12489 12490
v 0.0000 1.1750 6.0000
v 4.0000 1.1750 6.0000
v 4.0000 1.1750 6.1000
v 0.0000 1.1750 6.1000
f 12491 12492 12493 12494
v 0.0000 0.5550 6.0000
v 4.0000 0.5550 6.0000
v 4.0000 1.1750 6.0000
v 0.0000 1.1750 6.0000
f 12495 12496 12497 12498
v 4.0000 0.5550 6.0000
v 4.0000 0.5550 6.1000
v 4.0000 1.1750 6.1000
v 4.0000 1.1750 6.0000
f 12499 12500 12501 12502
v 4.0000 0.5550 6.1000
v 0.0000 0.5550 6.1000
v 0.0000 1.1750 6.1000
v 4.0000 1.1750 6.1000
f 12503 12504 12505 12506
v 0.0000 0.5550 6.1000
v 0.0000 0.5550 6.0000
v 0.0000 1.1750 6.0000
v 0.0000 1.1750 6.1000
f 12507 12508 12509 12510
g level_1_interior_bed_frame
usemtl furniture
v 0.4200 0.5500 6.4800
v 0.4200 0.5500 8.5300
v 1.4400 0.5500 8.5300
v 1.4400 0.5500 6.4800
f 12511 12512 12513 12514
v 0.4200 0.9700 6.4800
v 1.4400 0.9700 6.4800
v 1.4400 0.9700 8.5300
v 0.4200 0.9700 8.5300
f 12515 12516 12517 12518
v 0.4200 0.5500 6.4800
v 1.4400 0.5500 6.4800
v 1.4400 0.9700 6.4800
v 0.4200 0.9700 6.4800
f 12519 12520 12521 12522
v 1.4400 0.5500 6.4800
v 1.4400 0.5500 8.5300
v 1.4400 0.9700 8.5300
v 1.4400 0.9700 6.4800
f 12523 12524 12525 12526
v 1.4400 0.5500 8.5300
v 0.4200 0.5500 8.5300
v 0.4200 0.9700 8.5300
v 1.4400 0.9700 8.5300
f 12527 12528 12529 12530
v 0.4200 0.5500 8.5300
v 0.4200 0.5500 6.4800
v 0.4200 0.9700 6.4800
v 0.4200 0.9700 8.5300
f 12531 12532 12533 12534
g level_1_interior_bed_mattress
usemtl bed
v 0.4550 0.9700 6.5150
v 0.4550 0.9700 8.4950
v 1.4050 0.9700 8.4950
v 1.4050 0.9700 6.5150
f 12535 12536 12537 12538
v 0.4550 1.1700 6.5150
v 1.4050 1.1700 6.5150
v 1.4050 1.1700 8.4950
v 0.4550 1.1700 8.4950
f 12539 12540 12541 12542
v 0.4550 0.9700 6.5150
v 1.4050 0.9700 6.5150
v 1.4050 1.1700 6.5150
v 0.4550 1.1700 6.5150
f 12543 12544 12545 12546
v 1.4050 0.9700 6.5150
v 1.4050 0.9700 8.4950
v 1.4050 1.1700 8.4950
v 1.4050 1.1700 6.5150
f 12547 12548 12549 12550
v 1.4050 0.9700 8.4950
v 0.4550 0.9700 8.4950
v 0.4550 1.1700 8.4950
v 1.4050 1.1700 8.4950
f 12551 12552 12553 12554
v 0.4550 0.9700 8.4950
v 0.4550 0.9700 6.5150
v 0.4550 1.1700 6.5150
v 0.4550 1.1700 8.4950
f 12555 12556 12557 12558
g level_1_interior_blanket
usemtl blanket
v 0.4850 1.1800 7.1600
v 0.4850 1.1800 8.4100
v 1.3750 1.1800 8.4100
v 1.3750 1.1800 7.1600
f 12559 12560 12561 12562
v 0.4850 1.2150 7.1600
v 1.3750 1.2150 7.1600
v 1.3750 1.2150 8.4100
v 0.4850 1.2150 8.4100
f 12563 12564 12565 12566
v 0.4850 1.1800 7.1600
v 1.3750 1.1800 7.1600
v 1.3750 1.2150 7.1600
v 0.4850 1.2150 7.1600
f 12567 12568 12569 12570
v 1.3750 1.1800 7.1600
v 1.3750 1.1800 8.4100
v 1.3750 1.2150 8.4100
v 1.3750 1.2150 7.1600
f 12571 12572 12573 12574
v 1.3750 1.1800 8.4100
v 0.4850 1.1800 8.4100
v 0.4850 1.2150 8.4100
v 1.3750 1.2150 8.4100
f 12575 12576 12577 12578
v 0.4850 1.1800 8.4100
v 0.4850 1.1800 7.1600
v 0.4850 1.2150 7.1600
v 0.4850 1.2150 8.4100
f 12579 12580 12581 12582
g level_1_interior_pillow
usemtl pillow
v 0.5400 1.1850 6.6000
v 0.5400 1.1850 7.0200
v 1.3300 1.1850 7.0200
v 1.3300 1.1850 6.6000
f 12583 12584 12585 12586
v 0.5400 1.2750 6.6000
v 1.3300 1.2750 6.6000
v 1.3300 1.2750 7.0200
v 0.5400 1.2750 7.0200
f 12587 12588 12589 12590
v 0.5400 1.1850 6.6000
v 1.3300 1.1850 6.6000
v 1.3300 1.2750 6.6000
v 0.5400 1.2750 6.6000
f 12591 12592 12593 12594
v 1.3300 1.1850 6.6000
v 1.3300 1.1850 7.0200
v 1.3300 1.2750 7.0200
v 1.3300 1.2750 6.6000
f 12595 12596 12597 12598
v 1.3300 1.1850 7.0200
v 0.5400 1.1850 7.0200
v 0.5400 1.2750 7.0200
v 1.3300 1.2750 7.0200
f 12599 12600 12601 12602
v 0.5400 1.1850 7.0200
v 0.5400 1.1850 6.6000
v 0.5400 1.2750 6.6000
v 0.5400 1.2750 7.0200
f 12603 12604 12605 12606
g level_1_interior_headboard
usemtl furniture
v 0.4200 0.9000 6.4300
v 0.4200 0.9000 6.5300
v 1.4400 0.9000 6.5300
v 1.4400 0.9000 6.4300
f 12607 12608 12609 12610
v 0.4200 1.5500 6.4300
v 1.4400 1.5500 6.4300
v 1.4400 1.5500 6.5300
v 0.4200 1.5500 6.5300
f 12611 12612 12613 12614
v 0.4200 0.9000 6.4300
v 1.4400 0.9000 6.4300
v 1.4400 1.5500 6.4300
v 0.4200 1.5500 6.4300
f 12615 12616 12617 12618
v 1.4400 0.9000 6.4300
v 1.4400 0.9000 6.5300
v 1.4400 1.5500 6.5300
v 1.4400 1.5500 6.4300
f 12619 12620 12621 12622
v 1.4400 0.9000 6.5300
v 0.4200 0.9000 6.5300
v 0.4200 1.5500 6.5300
v 1.4400 1.5500 6.5300
f 12623 12624 12625 12626
v 0.4200 0.9000 6.5300
v 0.4200 0.9000 6.4300
v 0.4200 1.5500 6.4300
v 0.4200 1.5500 6.5300
f 12627 12628 12629 12630
g level_1_interior_bed_frame
v 2.5500 0.5500 6.4800
v 2.5500 0.5500 8.5300
v 3.5700 0.5500 8.5300
v 3.5700 0.5500 6.4800
f 12631 12632 12633 12634
v 2.5500 0.9700 6.4800
v 3.5700 0.9700 6.4800
v 3.5700 0.9700 8.5300
v 2.5500 0.9700 8.5300
f 12635 12636 12637 12638
v 2.5500 0.5500 6.4800
v 3.5700 0.5500 6.4800
v 3.5700 0.9700 6.4800
v 2.5500 0.9700 6.4800
f 12639 12640 12641 12642
v 3.5700 0.5500 6.4800
v 3.5700 0.5500 8.5300
v 3.5700 0.9700 8.5300
v 3.5700 0.9700 6.4800
f 12643 12644 12645 12646
v 3.5700 0.5500 8.5300
v 2.5500 0.5500 8.5300
v 2.5500 0.9700 8.5300
v 3.5700 0.9700 8.5300
f 12647 12648 12649 12650
v 2.5500 0.5500 8.5300
v 2.5500 0.5500 6.4800
v 2.5500 0.9700 6.4800
v 2.5500 0.9700 8.5300
f 12651 12652 12653 12654
g level_1_interior_bed_mattress
usemtl bed
v 2.5850 0.9700 6.5150
v 2.5850 0.9700 8.4950
v 3.5350 0.9700 8.4950
v 3.5350 0.9700 6.5150
f 12655 12656 12657 12658
v 2.5850 1.1700 6.5150
v 3.5350 1.1700 6.5150
v 3.5350 1.1700 8.4950
v 2.5850 1.1700 8.4950
f 12659 12660 12661 12662
v 2.5850 0.9700 6.5150
v 3.5350 0.9700 6.5150
v 3.5350 1.1700 6.5150
v 2.5850 1.1700 6.5150
f 12663 12664 12665 12666
v 3.5350 0.9700 6.5150
v 3.5350 0.9700 8.4950
v 3.5350 1.1700 8.4950
v 3.5350 1.1700 6.5150
f 12667 12668 12669 12670
v 3.5350 0.9700 8.4950
v 2.5850 0.9700 8.4950
v 2.5850 1.1700 8.4950
v 3.5350 1.1700 8.4950
f 12671 12672 12673 12674
v 2.5850 0.9700 8.4950
v 2.5850 0.9700 6.5150
v 2.5850 1.1700 6.5150
v 2.5850 1.1700 8.4950
f 12675 12676 12677 12678
g level_1_interior_blanket
usemtl blanket
v 2.6150 1.1800 7.1600
v 2.6150 1.1800 8.4100
v 3.5050 1.1800 8.4100
v 3.5050 1.1800 7.1600
f 12679 12680 12681 12682
v 2.6150 1.2150 7.1600
v 3.5050 1.2150 7.1600
v 3.5050 1.2150 8.4100
v 2.6150 1.2150 8.4100
f 12683 12684 12685 12686
v 2.6150 1.1800 7.1600
v 3.5050 1.1800 7.1600
v 3.5050 1.2150 7.1600
v 2.6150 1.2150 7.1600
f 12687 12688 12689 12690
v 3.5050 1.1800 7.1600
v 3.5050 1.1800 8.4100
v 3.5050 1.2150 8.4100
v 3.5050 1.2150 7.1600
f 12691 12692 12693 12694
v 3.5050 1.1800 8.4100
v 2.6150 1.1800 8.4100
v 2.6150 1.2150 8.4100
v 3.5050 1.2150 8.4100
f 12695 12696 12697 12698
v 2.6150 1.1800 8.4100
v 2.6150 1.1800 7.1600
v 2.6150 1.2150 7.1600
v 2.6150 1.2150 8.4100
f 12699 12700 12701 12702
g level_1_interior_pillow
usemtl pillow
v 2.6700 1.1850 6.6000
v 2.6700 1.1850 7.0200
v 3.4600 1.1850 7.0200
v 3.4600 1.1850 6.6000
f 12703 12704 12705 12706
v 2.6700 1.2750 6.6000
v 3.4600 1.2750 6.6000
v 3.4600 1.2750 7.0200
v 2.6700 1.2750 7.0200
f 12707 12708 12709 12710
v 2.6700 1.1850 6.6000
v 3.4600 1.1850 6.6000
v 3.4600 1.2750 6.6000
v 2.6700 1.2750 6.6000
f 12711 12712 12713 12714
v 3.4600 1.1850 6.6000
v 3.4600 1.1850 7.0200
v 3.4600 1.2750 7.0200
v 3.4600 1.2750 6.6000
f 12715 12716 12717 12718
v 3.4600 1.1850 7.0200
v 2.6700 1.1850 7.0200
v 2.6700 1.2750 7.0200
v 3.4600 1.2750 7.0200
f 12719 12720 12721 12722
v 2.6700 1.1850 7.0200
v 2.6700 1.1850 6.6000
v 2.6700 1.2750 6.6000
v 2.6700 1.2750 7.0200
f 12723 12724 12725 12726
g level_1_interior_headboard
usemtl furniture
v 2.5500 0.9000 6.4300
v 2.5500 0.9000 6.5300
v 3.5700 0.9000 6.5300
v 3.5700 0.9000 6.4300
f 12727 12728 12729 12730
v 2.5500 1.5500 6.4300
v 3.5700 1.5500 6.4300
v 3.5700 1.5500 6.5300
v 2.5500 1.5500 6.5300
f 12731 12732 12733 12734
v 2.5500 0.9000 6.4300
v 3.5700 0.9000 6.4300
v 3.5700 1.5500 6.4300
v 2.5500 1.5500 6.4300
f 12735 12736 12737 12738
v 3.5700 0.9000 6.4300
v 3.5700 0.9000 6.5300
v 3.5700 1.5500 6.5300
v 3.5700 1.5500 6.4300
f 12739 12740 12741 12742
v 3.5700 0.9000 6.5300
v 2.5500 0.9000 6.5300
v 2.5500 1.5500 6.5300
v 3.5700 1.5500 6.5300
f 12743 12744 12745 12746
v 2.5500 0.9000 6.5300
v 2.5500 0.9000 6.4300
v 2.5500 1.5500 6.4300
v 2.5500 1.5500 6.5300
f 12747 12748 12749 12750
g level_1_interior_cabinet
v 3.2500 0.5600 11.3500
v 3.2500 0.5600 12.1500
v 3.9000 0.5600 12.1500
v 3.9000 0.5600 11.3500
f 12751 12752 12753 12754
v 3.2500 1.3600 11.3500
v 3.9000 1.3600 11.3500
v 3.9000 1.3600 12.1500
v 3.2500 1.3600 12.1500
f 12755 12756 12757 12758
v 3.2500 0.5600 11.3500
v 3.9000 0.5600 11.3500
v 3.9000 1.3600 11.3500
v 3.2500 1.3600 11.3500
f 12759 12760 12761 12762
v 3.9000 0.5600 11.3500
v 3.9000 0.5600 12.1500
v 3.9000 1.3600 12.1500
v 3.9000 1.3600 11.3500
f 12763 12764 12765 12766
v 3.9000 0.5600 12.1500
v 3.2500 0.5600 12.1500
v 3.2500 1.3600 12.1500
v 3.9000 1.3600 12.1500
f 12767 12768 12769 12770
v 3.2500 0.5600 12.1500
v 3.2500 0.5600 11.3500
v 3.2500 1.3600 11.3500
v 3.2500 1.3600 12.1500
f 12771 12772 12773 12774
g level_1_interior_room_zone
usemtl room
v 4.0000 0.5100 6.0000
v 4.0000 0.5100 12.3000
v 8.0000 0.5100 12.3000
v 8.0000 0.5100 6.0000
f 12775 12776 12777 12778
v 4.0000 0.5550 6.0000
v 8.0000 0.5550 6.0000
v 8.0000 0.5550 12.3000
v 4.0000 0.5550 12.3000
f 12779 12780 12781 12782
v 4.0000 0.5100 6.0000
v 8.0000 0.5100 6.0000
v 8.0000 0.5550 6.0000
v 4.0000 0.5550 6.0000
f 12783 12784 12785 12786
v 8.0000 0.5100 6.0000
v 8.0000 0.5100 12.3000
v 8.0000 0.5550 12.3000
v 8.0000 0.5550 6.0000
f 12787 12788 12789 12790
v 8.0000 0.5100 12.3000
v 4.0000 0.5100 12.3000
v 4.0000 0.5550 12.3000
v 8.0000 0.5550 12.3000
f 12791 12792 12793 12794
v 4.0000 0.5100 12.3000
v 4.0000 0.5100 6.0000
v 4.0000 0.5550 6.0000
v 4.0000 0.5550 12.3000
f 12795 12796 12797 12798
g level_1_interior_schematic_partition
usemtl wall
v 4.0000 0.5550 6.0000
v 4.0000 0.5550 12.3000
v 4.1000 0.5550 12.3000
v 4.1000 0.5550 6.0000
f 12799 12800 12801 12802
v 4.0000 1.1750 6.0000
v 4.1000 1.1750 6.0000
v 4.1000 1.1750 12.3000
v 4.0000 1.1750 12.3000
f 12803 12804 12805 12806
v 4.0000 0.5550 6.0000
v 4.1000 0.5550 6.0000
v 4.1000 1.1750 6.0000
v 4.0000 1.1750 6.0000
f 12807 12808 12809 12810
v 4.1000 0.5550 6.0000
v 4.1000 0.5550 12.3000
v 4.1000 1.1750 12.3000
v 4.1000 1.1750 6.0000
f 12811 12812 12813 12814
v 4.1000 0.5550 12.3000
v 4.0000 0.5550 12.3000
v 4.0000 1.1750 12.3000
v 4.1000 1.1750 12.3000
f 12815 12816 12817 12818
v 4.0000 0.5550 12.3000
v 4.0000 0.5550 6.0000
v 4.0000 1.1750 6.0000
v 4.0000 1.1750 12.3000
f 12819 12820 12821 12822
v 4.0000 0.5550 6.0000
v 4.0000 0.5550 6.1000
v 8.0000 0.5550 6.1000
v 8.0000 0.5550 6.0000
f 12823 12824 12825 12826
v 4.0000 1.1750 6.0000
v 8.0000 1.1750 6.0000
v 8.0000 1.1750 6.1000
v 4.0000 1.1750 6.1000
f 12827 12828 12829 12830
v 4.0000 0.5550 6.0000
v 8.0000 0.5550 6.0000
v 8.0000 1.1750 6.0000
v 4.0000 1.1750 6.0000
f 12831 12832 12833 12834
v 8.0000 0.5550 6.0000
v 8.0000 0.5550 6.1000
v 8.0000 1.1750 6.1000
v 8.0000 1.1750 6.0000
f 12835 12836 12837 12838
v 8.0000 0.5550 6.1000
v 4.0000 0.5550 6.1000
v 4.0000 1.1750 6.1000
v 8.0000 1.1750 6.1000
f 12839 12840 12841 12842
v 4.0000 0.5550 6.1000
v 4.0000 0.5550 6.0000
v 4.0000 1.1750 6.0000
v 4.0000 1.1750 6.1000
f 12843 12844 12845 12846
g level_1_interior_bed_frame
usemtl furniture
v 4.4200 0.5500 6.4800
v 4.4200 0.5500 8.5300
v 5.4400 0.5500 8.5300
v 5.4400 0.5500 6.4800
f 12847 12848 12849 12850
v 4.4200 0.9700 6.4800
v 5.4400 0.9700 6.4800
v 5.4400 0.9700 8.5300
v 4.4200 0.9700 8.5300
f 12851 12852 12853 12854
v 4.4200 0.5500 6.4800
v 5.4400 0.5500 6.4800
v 5.4400 0.9700 6.4800
v 4.4200 0.9700 6.4800
f 12855 12856 12857 12858
v 5.4400 0.5500 6.4800
v 5.4400 0.5500 8.5300
v 5.4400 0.9700 8.5300
v 5.4400 0.9700 6.4800
f 12859 12860 12861 12862
v 5.4400 0.5500 8.5300
v 4.4200 0.5500 8.5300
v 4.4200 0.9700 8.5300
v 5.4400 0.9700 8.5300
f 12863 12864 12865 12866
v 4.4200 0.5500 8.5300
v 4.4200 0.5500 6.4800
v 4.4200 0.9700 6.4800
v 4.4200 0.9700 8.5300
f 12867 12868 12869 12870
g level_1_interior_bed_mattress
usemtl bed
v 4.4550 0.9700 6.5150
v 4.4550 0.9700 8.4950
v 5.4050 0.9700 8.4950
v 5.4050 0.9700 6.5150
f 12871 12872 12873 12874
v 4.4550 1.1700 6.5150
v 5.4050 1.1700 6.5150
v 5.4050 1.1700 8.4950
v 4.4550 1.1700 8.4950
f 12875 12876 12877 12878
v 4.4550 0.9700 6.5150
v 5.4050 0.9700 6.5150
v 5.4050 1.1700 6.5150
v 4.4550 1.1700 6.5150
f 12879 12880 12881 12882
v 5.4050 0.9700 6.5150
v 5.4050 0.9700 8.4950
v 5.4050 1.1700 8.4950
v 5.4050 1.1700 6.5150
f 12883 12884 12885 12886
v 5.4050 0.9700 8.4950
v 4.4550 0.9700 8.4950
v 4.4550 1.1700 8.4950
v 5.4050 1.1700 8.4950
f 12887 12888 12889 12890
v 4.4550 0.9700 8.4950
v 4.4550 0.9700 6.5150
v 4.4550 1.1700 6.5150
v 4.4550 1.1700 8.4950
f 12891 12892 12893 12894
g level_1_interior_blanket
usemtl blanket
v 4.4850 1.1800 7.1600
v 4.4850 1.1800 8.4100
v 5.3750 1.1800 8.4100
v 5.3750 1.1800 7.1600
f 12895 12896 12897 12898
v 4.4850 1.2150 7.1600
v 5.3750 1.2150 7.1600
v 5.3750 1.2150 8.4100
v 4.4850 1.2150 8.4100
f 12899 12900 12901 12902
v 4.4850 1.1800 7.1600
v 5.3750 1.1800 7.1600
v 5.3750 1.2150 7.1600
v 4.4850 1.2150 7.1600
f 12903 12904 12905 12906
v 5.3750 1.1800 7.1600
v 5.3750 1.1800 8.4100
v 5.3750 1.2150 8.4100
v 5.3750 1.2150 7.1600
f 12907 12908 12909 12910
v 5.3750 1.1800 8.4100
v 4.4850 1.1800 8.4100
v 4.4850 1.2150 8.4100
v 5.3750 1.2150 8.4100
f 12911 12912 12913 12914
v 4.4850 1.1800 8.4100
v 4.4850 1.1800 7.1600
v 4.4850 1.2150 7.1600
v 4.4850 1.2150 8.4100
f 12915 12916 12917 12918
g level_1_interior_pillow
usemtl pillow
v 4.5400 1.1850 6.6000
v 4.5400 1.1850 7.0200
v 5.3300 1.1850 7.0200
v 5.3300 1.1850 6.6000
f 12919 12920 12921 12922
v 4.5400 1.2750 6.6000
v 5.3300 1.2750 6.6000
v 5.3300 1.2750 7.0200
v 4.5400 1.2750 7.0200
f 12923 12924 12925 12926
v 4.5400 1.1850 6.6000
v 5.3300 1.1850 6.6000
v 5.3300 1.2750 6.6000
v 4.5400 1.2750 6.6000
f 12927 12928 12929 12930
v 5.3300 1.1850 6.6000
v 5.3300 1.1850 7.0200
v 5.3300 1.2750 7.0200
v 5.3300 1.2750 6.6000
f 12931 12932 12933 12934
v 5.3300 1.1850 7.0200
v 4.5400 1.1850 7.0200
v 4.5400 1.2750 7.0200
v 5.3300 1.2750 7.0200
f 12935 12936 12937 12938
v 4.5400 1.1850 7.0200
v 4.5400 1.1850 6.6000
v 4.5400 1.2750 6.6000
v 4.5400 1.2750 7.0200
f 12939 12940 12941 12942
g level_1_interior_headboard
usemtl furniture
v 4.4200 0.9000 6.4300
v 4.4200 0.9000 6.5300
v 5.4400 0.9000 6.5300
v 5.4400 0.9000 6.4300
f 12943 12944 12945 12946
v 4.4200 1.5500 6.4300
v 5.4400 1.5500 6.4300
v 5.4400 1.5500 6.5300
v 4.4200 1.5500 6.5300
f 12947 12948 12949 12950
v 4.4200 0.9000 6.4300
v 5.4400 0.9000 6.4300
v 5.4400 1.5500 6.4300
v 4.4200 1.5500 6.4300
f 12951 12952 12953 12954
v 5.4400 0.9000 6.4300
v 5.4400 0.9000 6.5300
v 5.4400 1.5500 6.5300
v 5.4400 1.5500 6.4300
f 12955 12956 12957 12958
v 5.4400 0.9000 6.5300
v 4.4200 0.9000 6.5300
v 4.4200 1.5500 6.5300
v 5.4400 1.5500 6.5300
f 12959 12960 12961 12962
v 4.4200 0.9000 6.5300
v 4.4200 0.9000 6.4300
v 4.4200 1.5500 6.4300
v 4.4200 1.5500 6.5300
f 12963 12964 12965 12966
g level_1_interior_bed_frame
v 6.5500 0.5500 6.4800
v 6.5500 0.5500 8.5300
v 7.5700 0.5500 8.5300
v 7.5700 0.5500 6.4800
f 12967 12968 12969 12970
v 6.5500 0.9700 6.4800
v 7.5700 0.9700 6.4800
v 7.5700 0.9700 8.5300
v 6.5500 0.9700 8.5300
f 12971 12972 12973 12974
v 6.5500 0.5500 6.4800
v 7.5700 0.5500 6.4800
v 7.5700 0.9700 6.4800
v 6.5500 0.9700 6.4800
f 12975 12976 12977 12978
v 7.5700 0.5500 6.4800
v 7.5700 0.5500 8.5300
v 7.5700 0.9700 8.5300
v 7.5700 0.9700 6.4800
f 12979 12980 12981 12982
v 7.5700 0.5500 8.5300
v 6.5500 0.5500 8.5300
v 6.5500 0.9700 8.5300
v 7.5700 0.9700 8.5300
f 12983 12984 12985 12986
v 6.5500 0.5500 8.5300
v 6.5500 0.5500 6.4800
v 6.5500 0.9700 6.4800
v 6.5500 0.9700 8.5300
f 12987 12988 12989 12990
g level_1_interior_bed_mattress
usemtl bed
v 6.5850 0.9700 6.5150
v 6.5850 0.9700 8.4950
v 7.5350 0.9700 8.4950
v 7.5350 0.9700 6.5150
f 12991 12992 12993 12994
v 6.5850 1.1700 6.5150
v 7.5350 1.1700 6.5150
v 7.5350 1.1700 8.4950
v 6.5850 1.1700 8.4950
f 12995 12996 12997 12998
v 6.5850 0.9700 6.5150
v 7.5350 0.9700 6.5150
v 7.5350 1.1700 6.5150
v 6.5850 1.1700 6.5150
f 12999 13000 13001 13002
v 7.5350 0.9700 6.5150
v 7.5350 0.9700 8.4950
v 7.5350 1.1700 8.4950
v 7.5350 1.1700 6.5150
f 13003 13004 13005 13006
v 7.5350 0.9700 8.4950
v 6.5850 0.9700 8.4950
v 6.5850 1.1700 8.4950
v 7.5350 1.1700 8.4950
f 13007 13008 13009 13010
v 6.5850 0.9700 8.4950
v 6.5850 0.9700 6.5150
v 6.5850 1.1700 6.5150
v 6.5850 1.1700 8.4950
f 13011 13012 13013 13014
g level_1_interior_blanket
usemtl blanket
v 6.6150 1.1800 7.1600
v 6.6150 1.1800 8.4100
v 7.5050 1.1800 8.4100
v 7.5050 1.1800 7.1600
f 13015 13016 13017 13018
v 6.6150 1.2150 7.1600
v 7.5050 1.2150 7.1600
v 7.5050 1.2150 8.4100
v 6.6150 1.2150 8.4100
f 13019 13020 13021 13022
v 6.6150 1.1800 7.1600
v 7.5050 1.1800 7.1600
v 7.5050 1.2150 7.1600
v 6.6150 1.2150 7.1600
f 13023 13024 13025 13026
v 7.5050 1.1800 7.1600
v 7.5050 1.1800 8.4100
v 7.5050 1.2150 8.4100
v 7.5050 1.2150 7.1600
f 13027 13028 13029 13030
v 7.5050 1.1800 8.4100
v 6.6150 1.1800 8.4100
v 6.6150 1.2150 8.4100
v 7.5050 1.2150 8.4100
f 13031 13032 13033 13034
v 6.6150 1.1800 8.4100
v 6.6150 1.1800 7.1600
v 6.6150 1.2150 7.1600
v 6.6150 1.2150 8.4100
f 13035 13036 13037 13038
g level_1_interior_pillow
usemtl pillow
v 6.6700 1.1850 6.6000
v 6.6700 1.1850 7.0200
v 7.4600 1.1850 7.0200
v 7.4600 1.1850 6.6000
f 13039 13040 13041 13042
v 6.6700 1.2750 6.6000
v 7.4600 1.2750 6.6000
v 7.4600 1.2750 7.0200
v 6.6700 1.2750 7.0200
f 13043 13044 13045 13046
v 6.6700 1.1850 6.6000
v 7.4600 1.1850 6.6000
v 7.4600 1.2750 6.6000
v 6.6700 1.2750 6.6000
f 13047 13048 13049 13050
v 7.4600 1.1850 6.6000
v 7.4600 1.1850 7.0200
v 7.4600 1.2750 7.0200
v 7.4600 1.2750 6.6000
f 13051 13052 13053 13054
v 7.4600 1.1850 7.0200
v 6.6700 1.1850 7.0200
v 6.6700 1.2750 7.0200
v 7.4600 1.2750 7.0200
f 13055 13056 13057 13058
v 6.6700 1.1850 7.0200
v 6.6700 1.1850 6.6000
v 6.6700 1.2750 6.6000
v 6.6700 1.2750 7.0200
f 13059 13060 13061 13062
g level_1_interior_headboard
usemtl furniture
v 6.5500 0.9000 6.4300
v 6.5500 0.9000 6.5300
v 7.5700 0.9000 6.5300
v 7.5700 0.9000 6.4300
f 13063 13064 13065 13066
v 6.5500 1.5500 6.4300
v 7.5700 1.5500 6.4300
v 7.5700 1.5500 6.5300
v 6.5500 1.5500 6.5300
f 13067 13068 13069 13070
v 6.5500 0.9000 6.4300
v 7.5700 0.9000 6.4300
v 7.5700 1.5500 6.4300
v 6.5500 1.5500 6.4300
f 13071 13072 13073 13074
v 7.5700 0.9000 6.4300
v 7.5700 0.9000 6.5300
v 7.5700 1.5500 6.5300
v 7.5700 1.5500 6.4300
f 13075 13076 13077 13078
v 7.5700 0.9000 6.5300
v 6.5500 0.9000 6.5300
v 6.5500 1.5500 6.5300
v 7.5700 1.5500 6.5300
f 13079 13080 13081 13082
v 6.5500 0.9000 6.5300
v 6.5500 0.9000 6.4300
v 6.5500 1.5500 6.4300
v 6.5500 1.5500 6.5300
f 13083 13084 13085 13086
g level_1_interior_cabinet
v 7.2500 0.5600 11.3500
v 7.2500 0.5600 12.1500
v 7.9000 0.5600 12.1500
v 7.9000 0.5600 11.3500
f 13087 13088 13089 13090
v 7.2500 1.3600 11.3500
v 7.9000 1.3600 11.3500
v 7.9000 1.3600 12.1500
v 7.2500 1.3600 12.1500
f 13091 13092 13093 13094
v 7.2500 0.5600 11.3500
v 7.9000 0.5600 11.3500
v 7.9000 1.3600 11.3500
v 7.2500 1.3600 11.3500
f 13095 13096 13097 13098
v 7.9000 0.5600 11.3500
v 7.9000 0.5600 12.1500
v 7.9000 1.3600 12.1500
v 7.9000 1.3600 11.3500
f 13099 13100 13101 13102
v 7.9000 0.5600 12.1500
v 7.2500 0.5600 12.1500
v 7.2500 1.3600 12.1500
v 7.9000 1.3600 12.1500
f 13103 13104 13105 13106
v 7.2500 0.5600 12.1500
v 7.2500 0.5600 11.3500
v 7.2500 1.3600 11.3500
v 7.2500 1.3600 12.1500
f 13107 13108 13109 13110
g level_1_interior_room_zone
usemtl room
v 8.0000 0.5100 6.0000
v 8.0000 0.5100 12.3000
v 12.0000 0.5100 12.3000
v 12.0000 0.5100 6.0000
f 13111 13112 13113 13114
v 8.0000 0.5550 6.0000
v 12.0000 0.5550 6.0000
v 12.0000 0.5550 12.3000
v 8.0000 0.5550 12.3000
f 13115 13116 13117 13118
v 8.0000 0.5100 6.0000
v 12.0000 0.5100 6.0000
v 12.0000 0.5550 6.0000
v 8.0000 0.5550 6.0000
f 13119 13120 13121 13122
v 12.0000 0.5100 6.0000
v 12.0000 0.5100 12.3000
v 12.0000 0.5550 12.3000
v 12.0000 0.5550 6.0000
f 13123 13124 13125 13126
v 12.0000 0.5100 12.3000
v 8.0000 0.5100 12.3000
v 8.0000 0.5550 12.3000
v 12.0000 0.5550 12.3000
f 13127 13128 13129 13130
v 8.0000 0.5100 12.3000
v 8.0000 0.5100 6.0000
v 8.0000 0.5550 6.0000
v 8.0000 0.5550 12.3000
f 13131 13132 13133 13134
g level_1_interior_schematic_partition
usemtl wall
v 8.0000 0.5550 6.0000
v 8.0000 0.5550 12.3000
v 8.1000 0.5550 12.3000
v 8.1000 0.5550 6.0000
f 13135 13136 13137 13138
v 8.0000 1.1750 6.0000
v 8.1000 1.1750 6.0000
v 8.1000 1.1750 12.3000
v 8.0000 1.1750 12.3000
f 13139 13140 13141 13142
v 8.0000 0.5550 6.0000
v 8.1000 0.5550 6.0000
v 8.1000 1.1750 6.0000
v 8.0000 1.1750 6.0000
f 13143 13144 13145 13146
v 8.1000 0.5550 6.0000
v 8.1000 0.5550 12.3000
v 8.1000 1.1750 12.3000
v 8.1000 1.1750 6.0000
f 13147 13148 13149 13150
v 8.1000 0.5550 12.3000
v 8.0000 0.5550 12.3000
v 8.0000 1.1750 12.3000
v 8.1000 1.1750 12.3000
f 13151 13152 13153 13154
v 8.0000 0.5550 12.3000
v 8.0000 0.5550 6.0000
v 8.0000 1.1750 6.0000
v 8.0000 1.1750 12.3000
f 13155 13156 13157 13158
v 8.0000 0.5550 6.0000
v 8.0000 0.5550 6.1000
v 12.0000 0.5550 6.1000
v 12.0000 0.5550 6.0000
f 13159 13160 13161 13162
v 8.0000 1.1750 6.0000
v 12.0000 1.1750 6.0000
v 12.0000 1.1750 6.1000
v 8.0000 1.1750 6.1000
f 13163 13164 13165 13166
v 8.0000 0.5550 6.0000
v 12.0000 0.5550 6.0000
v 12.0000 1.1750 6.0000
v 8.0000 1.1750 6.0000
f 13167 13168 13169 13170
v 12.0000 0.5550 6.0000
v 12.0000 0.5550 6.1000
v 12.0000 1.1750 6.1000
v 12.0000 1.1750 6.0000
f 13171 13172 13173 13174
v 12.0000 0.5550 6.1000
v 8.0000 0.5550 6.1000
v 8.0000 1.1750 6.1000
v 12.0000 1.1750 6.1000
f 13175 13176 13177 13178
v 8.0000 0.5550 6.1000
v 8.0000 0.5550 6.0000
v 8.0000 1.1750 6.0000
v 8.0000 1.1750 6.1000
f 13179 13180 13181 13182
g level_1_interior_bed_frame
usemtl furniture
v 8.4200 0.5500 6.4800
v 8.4200 0.5500 8.5300
v 9.4400 0.5500 8.5300
v 9.4400 0.5500 6.4800
f 13183 13184 13185 13186
v 8.4200 0.9700 6.4800
v 9.4400 0.9700 6.4800
v 9.4400 0.9700 8.5300
v 8.4200 0.9700 8.5300
f 13187 13188 13189 13190
v 8.4200 0.5500 6.4800
v 9.4400 0.5500 6.4800
v 9.4400 0.9700 6.4800
v 8.4200 0.9700 6.4800
f 13191 13192 13193 13194
v 9.4400 0.5500 6.4800
v 9.4400 0.5500 8.5300
v 9.4400 0.9700 8.5300
v 9.4400 0.9700 6.4800
f 13195 13196 13197 13198
v 9.4400 0.5500 8.5300
v 8.4200 0.5500 8.5300
v 8.4200 0.9700 8.5300
v 9.4400 0.9700 8.5300
f 13199 13200 13201 13202
v 8.4200 0.5500 8.5300
v 8.4200 0.5500 6.4800
v 8.4200 0.9700 6.4800
v 8.4200 0.9700 8.5300
f 13203 13204 13205 13206
g level_1_interior_bed_mattress
usemtl bed
v 8.4550 0.9700 6.5150
v 8.4550 0.9700 8.4950
v 9.4050 0.9700 8.4950
v 9.4050 0.9700 6.5150
f 13207 13208 13209 13210
v 8.4550 1.1700 6.5150
v 9.4050 1.1700 6.5150
v 9.4050 1.1700 8.4950
v 8.4550 1.1700 8.4950
f 13211 13212 13213 13214
v 8.4550 0.9700 6.5150
v 9.4050 0.9700 6.5150
v 9.4050 1.1700 6.5150
v 8.4550 1.1700 6.5150
f 13215 13216 13217 13218
v 9.4050 0.9700 6.5150
v 9.4050 0.9700 8.4950
v 9.4050 1.1700 8.4950
v 9.4050 1.1700 6.5150
f 13219 13220 13221 13222
v 9.4050 0.9700 8.4950
v 8.4550 0.9700 8.4950
v 8.4550 1.1700 8.4950
v 9.4050 1.1700 8.4950
f 13223 13224 13225 13226
v 8.4550 0.9700 8.4950
v 8.4550 0.9700 6.5150
v 8.4550 1.1700 6.5150
v 8.4550 1.1700 8.4950
f 13227 13228 13229 13230
g level_1_interior_blanket
usemtl blanket
v 8.4850 1.1800 7.1600
v 8.4850 1.1800 8.4100
v 9.3750 1.1800 8.4100
v 9.3750 1.1800 7.1600
f 13231 13232 13233 13234
v 8.4850 1.2150 7.1600
v 9.3750 1.2150 7.1600
v 9.3750 1.2150 8.4100
v 8.4850 1.2150 8.4100
f 13235 13236 13237 13238
v 8.4850 1.1800 7.1600
v 9.3750 1.1800 7.1600
v 9.3750 1.2150 7.1600
v 8.4850 1.2150 7.1600
f 13239 13240 13241 13242
v 9.3750 1.1800 7.1600
v 9.3750 1.1800 8.4100
v 9.3750 1.2150 8.4100
v 9.3750 1.2150 7.1600
f 13243 13244 13245 13246
v 9.3750 1.1800 8.4100
v 8.4850 1.1800 8.4100
v 8.4850 1.2150 8.4100
v 9.3750 1.2150 8.4100
f 13247 13248 13249 13250
v 8.4850 1.1800 8.4100
v 8.4850 1.1800 7.1600
v 8.4850 1.2150 7.1600
v 8.4850 1.2150 8.4100
f 13251 13252 13253 13254
g level_1_interior_pillow
usemtl pillow
v 8.5400 1.1850 6.6000
v 8.5400 1.1850 7.0200
v 9.3300 1.1850 7.0200
v 9.3300 1.1850 6.6000
f 13255 13256 13257 13258
v 8.5400 1.2750 6.6000
v 9.3300 1.2750 6.6000
v 9.3300 1.2750 7.0200
v 8.5400 1.2750 7.0200
f 13259 13260 13261 13262
v 8.5400 1.1850 6.6000
v 9.3300 1.1850 6.6000
v 9.3300 1.2750 6.6000
v 8.5400 1.2750 6.6000
f 13263 13264 13265 13266
v 9.3300 1.1850 6.6000
v 9.3300 1.1850 7.0200
v 9.3300 1.2750 7.0200
v 9.3300 1.2750 6.6000
f 13267 13268 13269 13270
v 9.3300 1.1850 7.0200
v 8.5400 1.1850 7.0200
v 8.5400 1.2750 7.0200
v 9.3300 1.2750 7.0200
f 13271 13272 13273 13274
v 8.5400 1.1850 7.0200
v 8.5400 1.1850 6.6000
v 8.5400 1.2750 6.6000
v 8.5400 1.2750 7.0200
f 13275 13276 13277 13278
g level_1_interior_headboard
usemtl furniture
v 8.4200 0.9000 6.4300
v 8.4200 0.9000 6.5300
v 9.4400 0.9000 6.5300
v 9.4400 0.9000 6.4300
f 13279 13280 13281 13282
v 8.4200 1.5500 6.4300
v 9.4400 1.5500 6.4300
v 9.4400 1.5500 6.5300
v 8.4200 1.5500 6.5300
f 13283 13284 13285 13286
v 8.4200 0.9000 6.4300
v 9.4400 0.9000 6.4300
v 9.4400 1.5500 6.4300
v 8.4200 1.5500 6.4300
f 13287 13288 13289 13290
v 9.4400 0.9000 6.4300
v 9.4400 0.9000 6.5300
v 9.4400 1.5500 6.5300
v 9.4400 1.5500 6.4300
f 13291 13292 13293 13294
v 9.4400 0.9000 6.5300
v 8.4200 0.9000 6.5300
v 8.4200 1.5500 6.5300
v 9.4400 1.5500 6.5300
f 13295 13296 13297 13298
v 8.4200 0.9000 6.5300
v 8.4200 0.9000 6.4300
v 8.4200 1.5500 6.4300
v 8.4200 1.5500 6.5300
f 13299 13300 13301 13302
g level_1_interior_bed_frame
v 10.5500 0.5500 6.4800
v 10.5500 0.5500 8.5300
v 11.5700 0.5500 8.5300
v 11.5700 0.5500 6.4800
f 13303 13304 13305 13306
v 10.5500 0.9700 6.4800
v 11.5700 0.9700 6.4800
v 11.5700 0.9700 8.5300
v 10.5500 0.9700 8.5300
f 13307 13308 13309 13310
v 10.5500 0.5500 6.4800
v 11.5700 0.5500 6.4800
v 11.5700 0.9700 6.4800
v 10.5500 0.9700 6.4800
f 13311 13312 13313 13314
v 11.5700 0.5500 6.4800
v 11.5700 0.5500 8.5300
v 11.5700 0.9700 8.5300
v 11.5700 0.9700 6.4800
f 13315 13316 13317 13318
v 11.5700 0.5500 8.5300
v 10.5500 0.5500 8.5300
v 10.5500 0.9700 8.5300
v 11.5700 0.9700 8.5300
f 13319 13320 13321 13322
v 10.5500 0.5500 8.5300
v 10.5500 0.5500 6.4800
v 10.5500 0.9700 6.4800
v 10.5500 0.9700 8.5300
f 13323 13324 13325 13326
g level_1_interior_bed_mattress
usemtl bed
v 10.5850 0.9700 6.5150
v 10.5850 0.9700 8.4950
v 11.5350 0.9700 8.4950
v 11.5350 0.9700 6.5150
f 13327 13328 13329 13330
v 10.5850 1.1700 6.5150
v 11.5350 1.1700 6.5150
v 11.5350 1.1700 8.4950
v 10.5850 1.1700 8.4950
f 13331 13332 13333 13334
v 10.5850 0.9700 6.5150
v 11.5350 0.9700 6.5150
v 11.5350 1.1700 6.5150
v 10.5850 1.1700 6.5150
f 13335 13336 13337 13338
v 11.5350 0.9700 6.5150
v 11.5350 0.9700 8.4950
v 11.5350 1.1700 8.4950
v 11.5350 1.1700 6.5150
f 13339 13340 13341 13342
v 11.5350 0.9700 8.4950
v 10.5850 0.9700 8.4950
v 10.5850 1.1700 8.4950
v 11.5350 1.1700 8.4950
f 13343 13344 13345 13346
v 10.5850 0.9700 8.4950
v 10.5850 0.9700 6.5150
v 10.5850 1.1700 6.5150
v 10.5850 1.1700 8.4950
f 13347 13348 13349 13350
g level_1_interior_blanket
usemtl blanket
v 10.6150 1.1800 7.1600
v 10.6150 1.1800 8.4100
v 11.5050 1.1800 8.4100
v 11.5050 1.1800 7.1600
f 13351 13352 13353 13354
v 10.6150 1.2150 7.1600
v 11.5050 1.2150 7.1600
v 11.5050 1.2150 8.4100
v 10.6150 1.2150 8.4100
f 13355 13356 13357 13358
v 10.6150 1.1800 7.1600
v 11.5050 1.1800 7.1600
v 11.5050 1.2150 7.1600
v 10.6150 1.2150 7.1600
f 13359 13360 13361 13362
v 11.5050 1.1800 7.1600
v 11.5050 1.1800 8.4100
v 11.5050 1.2150 8.4100
v 11.5050 1.2150 7.1600
f 13363 13364 13365 13366
v 11.5050 1.1800 8.4100
v 10.6150 1.1800 8.4100
v 10.6150 1.2150 8.4100
v 11.5050 1.2150 8.4100
f 13367 13368 13369 13370
v 10.6150 1.1800 8.4100
v 10.6150 1.1800 7.1600
v 10.6150 1.2150 7.1600
v 10.6150 1.2150 8.4100
f 13371 13372 13373 13374
g level_1_interior_pillow
usemtl pillow
v 10.6700 1.1850 6.6000
v 10.6700 1.1850 7.0200
v 11.4600 1.1850 7.0200
v 11.4600 1.1850 6.6000
f 13375 13376 13377 13378
v 10.6700 1.2750 6.6000
v 11.4600 1.2750 6.6000
v 11.4600 1.2750 7.0200
v 10.6700 1.2750 7.0200
f 13379 13380 13381 13382
v 10.6700 1.1850 6.6000
v 11.4600 1.1850 6.6000
v 11.4600 1.2750 6.6000
v 10.6700 1.2750 6.6000
f 13383 13384 13385 13386
v 11.4600 1.1850 6.6000
v 11.4600 1.1850 7.0200
v 11.4600 1.2750 7.0200
v 11.4600 1.2750 6.6000
f 13387 13388 13389 13390
v 11.4600 1.1850 7.0200
v 10.6700 1.1850 7.0200
v 10.6700 1.2750 7.0200
v 11.4600 1.2750 7.0200
f 13391 13392 13393 13394
v 10.6700 1.1850 7.0200
v 10.6700 1.1850 6.6000
v 10.6700 1.2750 6.6000
v 10.6700 1.2750 7.0200
f 13395 13396 13397 13398
g level_1_interior_headboard
usemtl furniture
v 10.5500 0.9000 6.4300
v 10.5500 0.9000 6.5300
v 11.5700 0.9000 6.5300
v 11.5700 0.9000 6.4300
f 13399 13400 13401 13402
v 10.5500 1.5500 6.4300
v 11.5700 1.5500 6.4300
v 11.5700 1.5500 6.5300
v 10.5500 1.5500 6.5300
f 13403 13404 13405 13406
v 10.5500 0.9000 6.4300
v 11.5700 0.9000 6.4300
v 11.5700 1.5500 6.4300
v 10.5500 1.5500 6.4300
f 13407 13408 13409 13410
v 11.5700 0.9000 6.4300
v 11.5700 0.9000 6.5300
v 11.5700 1.5500 6.5300
v 11.5700 1.5500 6.4300
f 13411 13412 13413 13414
v 11.5700 0.9000 6.5300
v 10.5500 0.9000 6.5300
v 10.5500 1.5500 6.5300
v 11.5700 1.5500 6.5300
f 13415 13416 13417 13418
v 10.5500 0.9000 6.5300
v 10.5500 0.9000 6.4300
v 10.5500 1.5500 6.4300
v 10.5500 1.5500 6.5300
f 13419 13420 13421 13422
g level_1_interior_cabinet
v 11.2500 0.5600 11.3500
v 11.2500 0.5600 12.1500
v 11.9000 0.5600 12.1500
v 11.9000 0.5600 11.3500
f 13423 13424 13425 13426
v 11.2500 1.3600 11.3500
v 11.9000 1.3600 11.3500
v 11.9000 1.3600 12.1500
v 11.2500 1.3600 12.1500
f 13427 13428 13429 13430
v 11.2500 0.5600 11.3500
v 11.9000 0.5600 11.3500
v 11.9000 1.3600 11.3500
v 11.2500 1.3600 11.3500
f 13431 13432 13433 13434
v 11.9000 0.5600 11.3500
v 11.9000 0.5600 12.1500
v 11.9000 1.3600 12.1500
v 11.9000 1.3600 11.3500
f 13435 13436 13437 13438
v 11.9000 0.5600 12.1500
v 11.2500 0.5600 12.1500
v 11.2500 1.3600 12.1500
v 11.9000 1.3600 12.1500
f 13439 13440 13441 13442
v 11.2500 0.5600 12.1500
v 11.2500 0.5600 11.3500
v 11.2500 1.3600 11.3500
v 11.2500 1.3600 12.1500
f 13443 13444 13445 13446
g level_1_interior_room_zone
usemtl room
v -16.4500 0.5100 -12.3500
v -16.4500 0.5100 -7.6500
v -10.6500 0.5100 -7.6500
v -10.6500 0.5100 -12.3500
f 13447 13448 13449 13450
v -16.4500 0.5550 -12.3500
v -10.6500 0.5550 -12.3500
v -10.6500 0.5550 -7.6500
v -16.4500 0.5550 -7.6500
f 13451 13452 13453 13454
v -16.4500 0.5100 -12.3500
v -10.6500 0.5100 -12.3500
v -10.6500 0.5550 -12.3500
v -16.4500 0.5550 -12.3500
f 13455 13456 13457 13458
v -10.6500 0.5100 -12.3500
v -10.6500 0.5100 -7.6500
v -10.6500 0.5550 -7.6500
v -10.6500 0.5550 -12.3500
f 13459 13460 13461 13462
v -10.6500 0.5100 -7.6500
v -16.4500 0.5100 -7.6500
v -16.4500 0.5550 -7.6500
v -10.6500 0.5550 -7.6500
f 13463 13464 13465 13466
v -16.4500 0.5100 -7.6500
v -16.4500 0.5100 -12.3500
v -16.4500 0.5550 -12.3500
v -16.4500 0.5550 -7.6500
f 13467 13468 13469 13470
g level_1_interior_schematic_partition
usemtl wall
v -16.4500 0.5550 -12.3500
v -16.4500 0.5550 -7.6500
v -16.3500 0.5550 -7.6500
v -16.3500 0.5550 -12.3500
f 13471 13472 13473 13474
v -16.4500 1.1750 -12.3500
v -16.3500 1.1750 -12.3500
v -16.3500 1.1750 -7.6500
v -16.4500 1.1750 -7.6500
f 13475 13476 13477 13478
v -16.4500 0.5550 -12.3500
v -16.3500 0.5550 -12.3500
v -16.3500 1.1750 -12.3500
v -16.4500 1.1750 -12.3500
f 13479 13480 13481 13482
v -16.3500 0.5550 -12.3500
v -16.3500 0.5550 -7.6500
v -16.3500 1.1750 -7.6500
v -16.3500 1.1750 -12.3500
f 13483 13484 13485 13486
v -16.3500 0.5550 -7.6500
v -16.4500 0.5550 -7.6500
v -16.4500 1.1750 -7.6500
v -16.3500 1.1750 -7.6500
f 13487 13488 13489 13490
v -16.4500 0.5550 -7.6500
v -16.4500 0.5550 -12.3500
v -16.4500 1.1750 -12.3500
v -16.4500 1.1750 -7.6500
f 13491 13492 13493 13494
v -16.4500 0.5550 -12.3500
v -16.4500 0.5550 -12.2500
v -10.6500 0.5550 -12.2500
v -10.6500 0.5550 -12.3500
f 13495 13496 13497 13498
v -16.4500 1.1750 -12.3500
v -10.6500 1.1750 -12.3500
v -10.6500 1.1750 -12.2500
v -16.4500 1.1750 -12.2500
f 13499 13500 13501 13502
v -16.4500 0.5550 -12.3500
v -10.6500 0.5550 -12.3500
v -10.6500 1.1750 -12.3500
v -16.4500 1.1750 -12.3500
f 13503 13504 13505 13506
v -10.6500 0.5550 -12.3500
v -10.6500 0.5550 -12.2500
v -10.6500 1.1750 -12.2500
v -10.6500 1.1750 -12.3500
f 13507 13508 13509 13510
v -10.6500 0.5550 -12.2500
v -16.4500 0.5550 -12.2500
v -16.4500 1.1750 -12.2500
v -10.6500 1.1750 -12.2500
f 13511 13512 13513 13514
v -16.4500 0.5550 -12.2500
v -16.4500 0.5550 -12.3500
v -16.4500 1.1750 -12.3500
v -16.4500 1.1750 -12.2500
f 13515 13516 13517 13518
g level_1_interior_bed_frame
usemtl furniture
v -16.0300 0.5500 -11.8700
v -16.0300 0.5500 -9.8200
v -15.0100 0.5500 -9.8200
v -15.0100 0.5500 -11.8700
f 13519 13520 13521 13522
v -16.0300 0.9700 -11.8700
v -15.0100 0.9700 -11.8700
v -15.0100 0.9700 -9.8200
v -16.0300 0.9700 -9.8200
f 13523 13524 13525 13526
v -16.0300 0.5500 -11.8700
v -15.0100 0.5500 -11.8700
v -15.0100 0.9700 -11.8700
v -16.0300 0.9700 -11.8700
f 13527 13528 13529 13530
v -15.0100 0.5500 -11.8700
v -15.0100 0.5500 -9.8200
v -15.0100 0.9700 -9.8200
v -15.0100 0.9700 -11.8700
f 13531 13532 13533 13534
v -15.0100 0.5500 -9.8200
v -16.0300 0.5500 -9.8200
v -16.0300 0.9700 -9.8200
v -15.0100 0.9700 -9.8200
f 13535 13536 13537 13538
v -16.0300 0.5500 -9.8200
v -16.0300 0.5500 -11.8700
v -16.0300 0.9700 -11.8700
v -16.0300 0.9700 -9.8200
f 13539 13540 13541 13542
g level_1_interior_bed_mattress
usemtl bed
v -15.9950 0.9700 -11.8350
v -15.9950 0.9700 -9.8550
v -15.0450 0.9700 -9.8550
v -15.0450 0.9700 -11.8350
f 13543 13544 13545 13546
v -15.9950 1.1700 -11.8350
v -15.0450 1.1700 -11.8350
v -15.0450 1.1700 -9.8550
v -15.9950 1.1700 -9.8550
f 13547 13548 13549 13550
v -15.9950 0.9700 -11.8350
v -15.0450 0.9700 -11.8350
v -15.0450 1.1700 -11.8350
v -15.9950 1.1700 -11.8350
f 13551 13552 13553 13554
v -15.0450 0.9700 -11.8350
v -15.0450 0.9700 -9.8550
v -15.0450 1.1700 -9.8550
v -15.0450 1.1700 -11.8350
f 13555 13556 13557 13558
v -15.0450 0.9700 -9.8550
v -15.9950 0.9700 -9.8550
v -15.9950 1.1700 -9.8550
v -15.0450 1.1700 -9.8550
f 13559 13560 13561 13562
v -15.9950 0.9700 -9.8550
v -15.9950 0.9700 -11.8350
v -15.9950 1.1700 -11.8350
v -15.9950 1.1700 -9.8550
f 13563 13564 13565 13566
g level_1_interior_blanket
usemtl blanket
v -15.9650 1.1800 -11.1900
v -15.9650 1.1800 -9.9400
v -15.0750 1.1800 -9.9400
v -15.0750 1.1800 -11.1900
f 13567 13568 13569 13570
v -15.9650 1.2150 -11.1900
v -15.0750 1.2150 -11.1900
v -15.0750 1.2150 -9.9400
v -15.9650 1.2150 -9.9400
f 13571 13572 13573 13574
v -15.9650 1.1800 -11.1900
v -15.0750 1.1800 -11.1900
v -15.0750 1.2150 -11.1900
v -15.9650 1.2150 -11.1900
f 13575 13576 13577 13578
v -15.0750 1.1800 -11.1900
v -15.0750 1.1800 -9.9400
v -15.0750 1.2150 -9.9400
v -15.0750 1.2150 -11.1900
f 13579 13580 13581 13582
v -15.0750 1.1800 -9.9400
v -15.9650 1.1800 -9.9400
v -15.9650 1.2150 -9.9400
v -15.0750 1.2150 -9.9400
f 13583 13584 13585 13586
v -15.9650 1.1800 -9.9400
v -15.9650 1.1800 -11.1900
v -15.9650 1.2150 -11.1900
v -15.9650 1.2150 -9.9400
f 13587 13588 13589 13590
g level_1_interior_pillow
usemtl pillow
v -15.9100 1.1850 -11.7500
v -15.9100 1.1850 -11.3300
v -15.1200 1.1850 -11.3300
v -15.1200 1.1850 -11.7500
f 13591 13592 13593 13594
v -15.9100 1.2750 -11.7500
v -15.1200 1.2750 -11.7500
v -15.1200 1.2750 -11.3300
v -15.9100 1.2750 -11.3300
f 13595 13596 13597 13598
v -15.9100 1.1850 -11.7500
v -15.1200 1.1850 -11.7500
v -15.1200 1.2750 -11.7500
v -15.9100 1.2750 -11.7500
f 13599 13600 13601 13602
v -15.1200 1.1850 -11.7500
v -15.1200 1.1850 -11.3300
v -15.1200 1.2750 -11.3300
v -15.1200 1.2750 -11.7500
f 13603 13604 13605 13606
v -15.1200 1.1850 -11.3300
v -15.9100 1.1850 -11.3300
v -15.9100 1.2750 -11.3300
v -15.1200 1.2750 -11.3300
f 13607 13608 13609 13610
v -15.9100 1.1850 -11.3300
v -15.9100 1.1850 -11.7500
v -15.9100 1.2750 -11.7500
v -15.9100 1.2750 -11.3300
f 13611 13612 13613 13614
g level_1_interior_headboard
usemtl furniture
v -16.0300 0.9000 -11.9200
v -16.0300 0.9000 -11.8200
v -15.0100 0.9000 -11.8200
v -15.0100 0.9000 -11.9200
f 13615 13616 13617 13618
v -16.0300 1.5500 -11.9200
v -15.0100 1.5500 -11.9200
v -15.0100 1.5500 -11.8200
v -16.0300 1.5500 -11.8200
f 13619 13620 13621 13622
v -16.0300 0.9000 -11.9200
v -15.0100 0.9000 -11.9200
v -15.0100 1.5500 -11.9200
v -16.0300 1.5500 -11.9200
f 13623 13624 13625 13626
v -15.0100 0.9000 -11.9200
v -15.0100 0.9000 -11.8200
v -15.0100 1.5500 -11.8200
v -15.0100 1.5500 -11.9200
f 13627 13628 13629 13630
v -15.0100 0.9000 -11.8200
v -16.0300 0.9000 -11.8200
v -16.0300 1.5500 -11.8200
v -15.0100 1.5500 -11.8200
f 13631 13632 13633 13634
v -16.0300 0.9000 -11.8200
v -16.0300 0.9000 -11.9200
v -16.0300 1.5500 -11.9200
v -16.0300 1.5500 -11.8200
f 13635 13636 13637 13638
g level_1_interior_bed_frame
v -12.1000 0.5500 -11.8700
v -12.1000 0.5500 -9.8200
v -11.0800 0.5500 -9.8200
v -11.0800 0.5500 -11.8700
f 13639 13640 13641 13642
v -12.1000 0.9700 -11.8700
v -11.0800 0.9700 -11.8700
v -11.0800 0.9700 -9.8200
v -12.1000 0.9700 -9.8200
f 13643 13644 13645 13646
v -12.1000 0.5500 -11.8700
v -11.0800 0.5500 -11.8700
v -11.0800 0.9700 -11.8700
v -12.1000 0.9700 -11.8700
f 13647 13648 13649 13650
v -11.0800 0.5500 -11.8700
v -11.0800 0.5500 -9.8200
v -11.0800 0.9700 -9.8200
v -11.0800 0.9700 -11.8700
f 13651 13652 13653 13654
v -11.0800 0.5500 -9.8200
v -12.1000 0.5500 -9.8200
v -12.1000 0.9700 -9.8200
v -11.0800 0.9700 -9.8200
f 13655 13656 13657 13658
v -12.1000 0.5500 -9.8200
v -12.1000 0.5500 -11.8700
v -12.1000 0.9700 -11.8700
v -12.1000 0.9700 -9.8200
f 13659 13660 13661 13662
g level_1_interior_bed_mattress
usemtl bed
v -12.0650 0.9700 -11.8350
v -12.0650 0.9700 -9.8550
v -11.1150 0.9700 -9.8550
v -11.1150 0.9700 -11.8350
f 13663 13664 13665 13666
v -12.0650 1.1700 -11.8350
v -11.1150 1.1700 -11.8350
v -11.1150 1.1700 -9.8550
v -12.0650 1.1700 -9.8550
f 13667 13668 13669 13670
v -12.0650 0.9700 -11.8350
v -11.1150 0.9700 -11.8350
v -11.1150 1.1700 -11.8350
v -12.0650 1.1700 -11.8350
f 13671 13672 13673 13674
v -11.1150 0.9700 -11.8350
v -11.1150 0.9700 -9.8550
v -11.1150 1.1700 -9.8550
v -11.1150 1.1700 -11.8350
f 13675 13676 13677 13678
v -11.1150 0.9700 -9.8550
v -12.0650 0.9700 -9.8550
v -12.0650 1.1700 -9.8550
v -11.1150 1.1700 -9.8550
f 13679 13680 13681 13682
v -12.0650 0.9700 -9.8550
v -12.0650 0.9700 -11.8350
v -12.0650 1.1700 -11.8350
v -12.0650 1.1700 -9.8550
f 13683 13684 13685 13686
g level_1_interior_blanket
usemtl blanket
v -12.0350 1.1800 -11.1900
v -12.0350 1.1800 -9.9400
v -11.1450 1.1800 -9.9400
v -11.1450 1.1800 -11.1900
f 13687 13688 13689 13690
v -12.0350 1.2150 -11.1900
v -11.1450 1.2150 -11.1900
v -11.1450 1.2150 -9.9400
v -12.0350 1.2150 -9.9400
f 13691 13692 13693 13694
v -12.0350 1.1800 -11.1900
v -11.1450 1.1800 -11.1900
v -11.1450 1.2150 -11.1900
v -12.0350 1.2150 -11.1900
f 13695 13696 13697 13698
v -11.1450 1.1800 -11.1900
v -11.1450 1.1800 -9.9400
v -11.1450 1.2150 -9.9400
v -11.1450 1.2150 -11.1900
f 13699 13700 13701 13702
v -11.1450 1.1800 -9.9400
v -12.0350 1.1800 -9.9400
v -12.0350 1.2150 -9.9400
v -11.1450 1.2150 -9.9400
f 13703 13704 13705 13706
v -12.0350 1.1800 -9.9400
v -12.0350 1.1800 -11.1900
v -12.0350 1.2150 -11.1900
v -12.0350 1.2150 -9.9400
f 13707 13708 13709 13710
g level_1_interior_pillow
usemtl pillow
v -11.9800 1.1850 -11.7500
v -11.9800 1.1850 -11.3300
v -11.1900 1.1850 -11.3300
v -11.1900 1.1850 -11.7500
f 13711 13712 13713 13714
v -11.9800 1.2750 -11.7500
v -11.1900 1.2750 -11.7500
v -11.1900 1.2750 -11.3300
v -11.9800 1.2750 -11.3300
f 13715 13716 13717 13718
v -11.9800 1.1850 -11.7500
v -11.1900 1.1850 -11.7500
v -11.1900 1.2750 -11.7500
v -11.9800 1.2750 -11.7500
f 13719 13720 13721 13722
v -11.1900 1.1850 -11.7500
v -11.1900 1.1850 -11.3300
v -11.1900 1.2750 -11.3300
v -11.1900 1.2750 -11.7500
f 13723 13724 13725 13726
v -11.1900 1.1850 -11.3300
v -11.9800 1.1850 -11.3300
v -11.9800 1.2750 -11.3300
v -11.1900 1.2750 -11.3300
f 13727 13728 13729 13730
v -11.9800 1.1850 -11.3300
v -11.9800 1.1850 -11.7500
v -11.9800 1.2750 -11.7500
v -11.9800 1.2750 -11.3300
f 13731 13732 13733 13734
g level_1_interior_headboard
usemtl furniture
v -12.1000 0.9000 -11.9200
v -12.1000 0.9000 -11.8200
v -11.0800 0.9000 -11.8200
v -11.0800 0.9000 -11.9200
f 13735 13736 13737 13738
v -12.1000 1.5500 -11.9200
v -11.0800 1.5500 -11.9200
v -11.0800 1.5500 -11.8200
v -12.1000 1.5500 -11.8200
f 13739 13740 13741 13742
v -12.1000 0.9000 -11.9200
v -11.0800 0.9000 -11.9200
v -11.0800 1.5500 -11.9200
v -12.1000 1.5500 -11.9200
f 13743 13744 13745 13746
v -11.0800 0.9000 -11.9200
v -11.0800 0.9000 -11.8200
v -11.0800 1.5500 -11.8200
v -11.0800 1.5500 -11.9200
f 13747 13748 13749 13750
v -11.0800 0.9000 -11.8200
v -12.1000 0.9000 -11.8200
v -12.1000 1.5500 -11.8200
v -11.0800 1.5500 -11.8200
f 13751 13752 13753 13754
v -12.1000 0.9000 -11.8200
v -12.1000 0.9000 -11.9200
v -12.1000 1.5500 -11.9200
v -12.1000 1.5500 -11.8200
f 13755 13756 13757 13758
g level_1_interior_cabinet
v -11.4000 0.5600 -8.6000
v -11.4000 0.5600 -7.8000
v -10.7500 0.5600 -7.8000
v -10.7500 0.5600 -8.6000
f 13759 13760 13761 13762
v -11.4000 1.3600 -8.6000
v -10.7500 1.3600 -8.6000
v -10.7500 1.3600 -7.8000
v -11.4000 1.3600 -7.8000
f 13763 13764 13765 13766
v -11.4000 0.5600 -8.6000
v -10.7500 0.5600 -8.6000
v -10.7500 1.3600 -8.6000
v -11.4000 1.3600 -8.6000
f 13767 13768 13769 13770
v -10.7500 0.5600 -8.6000
v -10.7500 0.5600 -7.8000
v -10.7500 1.3600 -7.8000
v -10.7500 1.3600 -8.6000
f 13771 13772 13773 13774
v -10.7500 0.5600 -7.8000
v -11.4000 0.5600 -7.8000
v -11.4000 1.3600 -7.8000
v -10.7500 1.3600 -7.8000
f 13775 13776 13777 13778
v -11.4000 0.5600 -7.8000
v -11.4000 0.5600 -8.6000
v -11.4000 1.3600 -8.6000
v -11.4000 1.3600 -7.8000
f 13779 13780 13781 13782
g level_1_interior_room_zone
usemtl room
v 10.6500 0.5100 -12.3500
v 10.6500 0.5100 -7.6500
v 16.4500 0.5100 -7.6500
v 16.4500 0.5100 -12.3500
f 13783 13784 13785 13786
v 10.6500 0.5550 -12.3500
v 16.4500 0.5550 -12.3500
v 16.4500 0.5550 -7.6500
v 10.6500 0.5550 -7.6500
f 13787 13788 13789 13790
v 10.6500 0.5100 -12.3500
v 16.4500 0.5100 -12.3500
v 16.4500 0.5550 -12.3500
v 10.6500 0.5550 -12.3500
f 13791 13792 13793 13794
v 16.4500 0.5100 -12.3500
v 16.4500 0.5100 -7.6500
v 16.4500 0.5550 -7.6500
v 16.4500 0.5550 -12.3500
f 13795 13796 13797 13798
v 16.4500 0.5100 -7.6500
v 10.6500 0.5100 -7.6500
v 10.6500 0.5550 -7.6500
v 16.4500 0.5550 -7.6500
f 13799 13800 13801 13802
v 10.6500 0.5100 -7.6500
v 10.6500 0.5100 -12.3500
v 10.6500 0.5550 -12.3500
v 10.6500 0.5550 -7.6500
f 13803 13804 13805 13806
g level_1_interior_schematic_partition
usemtl wall
v 10.6500 0.5550 -12.3500
v 10.6500 0.5550 -7.6500
v 10.7500 0.5550 -7.6500
v 10.7500 0.5550 -12.3500
f 13807 13808 13809 13810
v 10.6500 1.1750 -12.3500
v 10.7500 1.1750 -12.3500
v 10.7500 1.1750 -7.6500
v 10.6500 1.1750 -7.6500
f 13811 13812 13813 13814
v 10.6500 0.5550 -12.3500
v 10.7500 0.5550 -12.3500
v 10.7500 1.1750 -12.3500
v 10.6500 1.1750 -12.3500
f 13815 13816 13817 13818
v 10.7500 0.5550 -12.3500
v 10.7500 0.5550 -7.6500
v 10.7500 1.1750 -7.6500
v 10.7500 1.1750 -12.3500
f 13819 13820 13821 13822
v 10.7500 0.5550 -7.6500
v 10.6500 0.5550 -7.6500
v 10.6500 1.1750 -7.6500
v 10.7500 1.1750 -7.6500
f 13823 13824 13825 13826
v 10.6500 0.5550 -7.6500
v 10.6500 0.5550 -12.3500
v 10.6500 1.1750 -12.3500
v 10.6500 1.1750 -7.6500
f 13827 13828 13829 13830
v 10.6500 0.5550 -12.3500
v 10.6500 0.5550 -12.2500
v 16.4500 0.5550 -12.2500
v 16.4500 0.5550 -12.3500
f 13831 13832 13833 13834
v 10.6500 1.1750 -12.3500
v 16.4500 1.1750 -12.3500
v 16.4500 1.1750 -12.2500
v 10.6500 1.1750 -12.2500
f 13835 13836 13837 13838
v 10.6500 0.5550 -12.3500
v 16.4500 0.5550 -12.3500
v 16.4500 1.1750 -12.3500
v 10.6500 1.1750 -12.3500
f 13839 13840 13841 13842
v 16.4500 0.5550 -12.3500
v 16.4500 0.5550 -12.2500
v 16.4500 1.1750 -12.2500
v 16.4500 1.1750 -12.3500
f 13843 13844 13845 13846
v 16.4500 0.5550 -12.2500
v 10.6500 0.5550 -12.2500
v 10.6500 1.1750 -12.2500
v 16.4500 1.1750 -12.2500
f 13847 13848 13849 13850
v 10.6500 0.5550 -12.2500
v 10.6500 0.5550 -12.3500
v 10.6500 1.1750 -12.3500
v 10.6500 1.1750 -12.2500
f 13851 13852 13853 13854
g level_1_interior_bed_frame
usemtl furniture
v 11.0700 0.5500 -11.8700
v 11.0700 0.5500 -9.8200
v 12.0900 0.5500 -9.8200
v 12.0900 0.5500 -11.8700
f 13855 13856 13857 13858
v 11.0700 0.9700 -11.8700
v 12.0900 0.9700 -11.8700
v 12.0900 0.9700 -9.8200
v 11.0700 0.9700 -9.8200
f 13859 13860 13861 13862
v 11.0700 0.5500 -11.8700
v 12.0900 0.5500 -11.8700
v 12.0900 0.9700 -11.8700
v 11.0700 0.9700 -11.8700
f 13863 13864 13865 13866
v 12.0900 0.5500 -11.8700
v 12.0900 0.5500 -9.8200
v 12.0900 0.9700 -9.8200
v 12.0900 0.9700 -11.8700
f 13867 13868 13869 13870
v 12.0900 0.5500 -9.8200
v 11.0700 0.5500 -9.8200
v 11.0700 0.9700 -9.8200
v 12.0900 0.9700 -9.8200
f 13871 13872 13873 13874
v 11.0700 0.5500 -9.8200
v 11.0700 0.5500 -11.8700
v 11.0700 0.9700 -11.8700
v 11.0700 0.9700 -9.8200
f 13875 13876 13877 13878
g level_1_interior_bed_mattress
usemtl bed
v 11.1050 0.9700 -11.8350
v 11.1050 0.9700 -9.8550
v 12.0550 0.9700 -9.8550
v 12.0550 0.9700 -11.8350
f 13879 13880 13881 13882
v 11.1050 1.1700 -11.8350
v 12.0550 1.1700 -11.8350
v 12.0550 1.1700 -9.8550
v 11.1050 1.1700 -9.8550
f 13883 13884 13885 13886
v 11.1050 0.9700 -11.8350
v 12.0550 0.9700 -11.8350
v 12.0550 1.1700 -11.8350
v 11.1050 1.1700 -11.8350
f 13887 13888 13889 13890
v 12.0550 0.9700 -11.8350
v 12.0550 0.9700 -9.8550
v 12.0550 1.1700 -9.8550
v 12.0550 1.1700 -11.8350
f 13891 13892 13893 13894
v 12.0550 0.9700 -9.8550
v 11.1050 0.9700 -9.8550
v 11.1050 1.1700 -9.8550
v 12.0550 1.1700 -9.8550
f 13895 13896 13897 13898
v 11.1050 0.9700 -9.8550
v 11.1050 0.9700 -11.8350
v 11.1050 1.1700 -11.8350
v 11.1050 1.1700 -9.8550
f 13899 13900 13901 13902
g level_1_interior_blanket
usemtl blanket
v 11.1350 1.1800 -11.1900
v 11.1350 1.1800 -9.9400
v 12.0250 1.1800 -9.9400
v 12.0250 1.1800 -11.1900
f 13903 13904 13905 13906
v 11.1350 1.2150 -11.1900
v 12.0250 1.2150 -11.1900
v 12.0250 1.2150 -9.9400
v 11.1350 1.2150 -9.9400
f 13907 13908 13909 13910
v 11.1350 1.1800 -11.1900
v 12.0250 1.1800 -11.1900
v 12.0250 1.2150 -11.1900
v 11.1350 1.2150 -11.1900
f 13911 13912 13913 13914
v 12.0250 1.1800 -11.1900
v 12.0250 1.1800 -9.9400
v 12.0250 1.2150 -9.9400
v 12.0250 1.2150 -11.1900
f 13915 13916 13917 13918
v 12.0250 1.1800 -9.9400
v 11.1350 1.1800 -9.9400
v 11.1350 1.2150 -9.9400
v 12.0250 1.2150 -9.9400
f 13919 13920 13921 13922
v 11.1350 1.1800 -9.9400
v 11.1350 1.1800 -11.1900
v 11.1350 1.2150 -11.1900
v 11.1350 1.2150 -9.9400
f 13923 13924 13925 13926
g level_1_interior_pillow
usemtl pillow
v 11.1900 1.1850 -11.7500
v 11.1900 1.1850 -11.3300
v 11.9800 1.1850 -11.3300
v 11.9800 1.1850 -11.7500
f 13927 13928 13929 13930
v 11.1900 1.2750 -11.7500
v 11.9800 1.2750 -11.7500
v 11.9800 1.2750 -11.3300
v 11.1900 1.2750 -11.3300
f 13931 13932 13933 13934
v 11.1900 1.1850 -11.7500
v 11.9800 1.1850 -11.7500
v 11.9800 1.2750 -11.7500
v 11.1900 1.2750 -11.7500
f 13935 13936 13937 13938
v 11.9800 1.1850 -11.7500
v 11.9800 1.1850 -11.3300
v 11.9800 1.2750 -11.3300
v 11.9800 1.2750 -11.7500
f 13939 13940 13941 13942
v 11.9800 1.1850 -11.3300
v 11.1900 1.1850 -11.3300
v 11.1900 1.2750 -11.3300
v 11.9800 1.2750 -11.3300
f 13943 13944 13945 13946
v 11.1900 1.1850 -11.3300
v 11.1900 1.1850 -11.7500
v 11.1900 1.2750 -11.7500
v 11.1900 1.2750 -11.3300
f 13947 13948 13949 13950
g level_1_interior_headboard
usemtl furniture
v 11.0700 0.9000 -11.9200
v 11.0700 0.9000 -11.8200
v 12.0900 0.9000 -11.8200
v 12.0900 0.9000 -11.9200
f 13951 13952 13953 13954
v 11.0700 1.5500 -11.9200
v 12.0900 1.5500 -11.9200
v 12.0900 1.5500 -11.8200
v 11.0700 1.5500 -11.8200
f 13955 13956 13957 13958
v 11.0700 0.9000 -11.9200
v 12.0900 0.9000 -11.9200
v 12.0900 1.5500 -11.9200
v 11.0700 1.5500 -11.9200
f 13959 13960 13961 13962
v 12.0900 0.9000 -11.9200
v 12.0900 0.9000 -11.8200
v 12.0900 1.5500 -11.8200
v 12.0900 1.5500 -11.9200
f 13963 13964 13965 13966
v 12.0900 0.9000 -11.8200
v 11.0700 0.9000 -11.8200
v 11.0700 1.5500 -11.8200
v 12.0900 1.5500 -11.8200
f 13967 13968 13969 13970
v 11.0700 0.9000 -11.8200
v 11.0700 0.9000 -11.9200
v 11.0700 1.5500 -11.9200
v 11.0700 1.5500 -11.8200
f 13971 13972 13973 13974
g level_1_interior_bed_frame
v 15.0000 0.5500 -11.8700
v 15.0000 0.5500 -9.8200
v 16.0200 0.5500 -9.8200
v 16.0200 0.5500 -11.8700
f 13975 13976 13977 13978
v 15.0000 0.9700 -11.8700
v 16.0200 0.9700 -11.8700
v 16.0200 0.9700 -9.8200
v 15.0000 0.9700 -9.8200
f 13979 13980 13981 13982
v 15.0000 0.5500 -11.8700
v 16.0200 0.5500 -11.8700
v 16.0200 0.9700 -11.8700
v 15.0000 0.9700 -11.8700
f 13983 13984 13985 13986
v 16.0200 0.5500 -11.8700
v 16.0200 0.5500 -9.8200
v 16.0200 0.9700 -9.8200
v 16.0200 0.9700 -11.8700
f 13987 13988 13989 13990
v 16.0200 0.5500 -9.8200
v 15.0000 0.5500 -9.8200
v 15.0000 0.9700 -9.8200
v 16.0200 0.9700 -9.8200
f 13991 13992 13993 13994
v 15.0000 0.5500 -9.8200
v 15.0000 0.5500 -11.8700
v 15.0000 0.9700 -11.8700
v 15.0000 0.9700 -9.8200
f 13995 13996 13997 13998
g level_1_interior_bed_mattress
usemtl bed
v 15.0350 0.9700 -11.8350
v 15.0350 0.9700 -9.8550
v 15.9850 0.9700 -9.8550
v 15.9850 0.9700 -11.8350
f 13999 14000 14001 14002
v 15.0350 1.1700 -11.8350
v 15.9850 1.1700 -11.8350
v 15.9850 1.1700 -9.8550
v 15.0350 1.1700 -9.8550
f 14003 14004 14005 14006
v 15.0350 0.9700 -11.8350
v 15.9850 0.9700 -11.8350
v 15.9850 1.1700 -11.8350
v 15.0350 1.1700 -11.8350
f 14007 14008 14009 14010
v 15.9850 0.9700 -11.8350
v 15.9850 0.9700 -9.8550
v 15.9850 1.1700 -9.8550
v 15.9850 1.1700 -11.8350
f 14011 14012 14013 14014
v 15.9850 0.9700 -9.8550
v 15.0350 0.9700 -9.8550
v 15.0350 1.1700 -9.8550
v 15.9850 1.1700 -9.8550
f 14015 14016 14017 14018
v 15.0350 0.9700 -9.8550
v 15.0350 0.9700 -11.8350
v 15.0350 1.1700 -11.8350
v 15.0350 1.1700 -9.8550
f 14019 14020 14021 14022
g level_1_interior_blanket
usemtl blanket
v 15.0650 1.1800 -11.1900
v 15.0650 1.1800 -9.9400
v 15.9550 1.1800 -9.9400
v 15.9550 1.1800 -11.1900
f 14023 14024 14025 14026
v 15.0650 1.2150 -11.1900
v 15.9550 1.2150 -11.1900
v 15.9550 1.2150 -9.9400
v 15.0650 1.2150 -9.9400
f 14027 14028 14029 14030
v 15.0650 1.1800 -11.1900
v 15.9550 1.1800 -11.1900
v 15.9550 1.2150 -11.1900
v 15.0650 1.2150 -11.1900
f 14031 14032 14033 14034
v 15.9550 1.1800 -11.1900
v 15.9550 1.1800 -9.9400
v 15.9550 1.2150 -9.9400
v 15.9550 1.2150 -11.1900
f 14035 14036 14037 14038
v 15.9550 1.1800 -9.9400
v 15.0650 1.1800 -9.9400
v 15.0650 1.2150 -9.9400
v 15.9550 1.2150 -9.9400
f 14039 14040 14041 14042
v 15.0650 1.1800 -9.9400
v 15.0650 1.1800 -11.1900
v 15.0650 1.2150 -11.1900
v 15.0650 1.2150 -9.9400
f 14043 14044 14045 14046
g level_1_interior_pillow
usemtl pillow
v 15.1200 1.1850 -11.7500
v 15.1200 1.1850 -11.3300
v 15.9100 1.1850 -11.3300
v 15.9100 1.1850 -11.7500
f 14047 14048 14049 14050
v 15.1200 1.2750 -11.7500
v 15.9100 1.2750 -11.7500
v 15.9100 1.2750 -11.3300
v 15.1200 1.2750 -11.3300
f 14051 14052 14053 14054
v 15.1200 1.1850 -11.7500
v 15.9100 1.1850 -11.7500
v 15.9100 1.2750 -11.7500
v 15.1200 1.2750 -11.7500
f 14055 14056 14057 14058
v 15.9100 1.1850 -11.7500
v 15.9100 1.1850 -11.3300
v 15.9100 1.2750 -11.3300
v 15.9100 1.2750 -11.7500
f 14059 14060 14061 14062
v 15.9100 1.1850 -11.3300
v 15.1200 1.1850 -11.3300
v 15.1200 1.2750 -11.3300
v 15.9100 1.2750 -11.3300
f 14063 14064 14065 14066
v 15.1200 1.1850 -11.3300
v 15.1200 1.1850 -11.7500
v 15.1200 1.2750 -11.7500
v 15.1200 1.2750 -11.3300
f 14067 14068 14069 14070
g level_1_interior_headboard
usemtl furniture
v 15.0000 0.9000 -11.9200
v 15.0000 0.9000 -11.8200
v 16.0200 0.9000 -11.8200
v 16.0200 0.9000 -11.9200
f 14071 14072 14073 14074
v 15.0000 1.5500 -11.9200
v 16.0200 1.5500 -11.9200
v 16.0200 1.5500 -11.8200
v 15.0000 1.5500 -11.8200
f 14075 14076 14077 14078
v 15.0000 0.9000 -11.9200
v 16.0200 0.9000 -11.9200
v 16.0200 1.5500 -11.9200
v 15.0000 1.5500 -11.9200
f 14079 14080 14081 14082
v 16.0200 0.9000 -11.9200
v 16.0200 0.9000 -11.8200
v 16.0200 1.5500 -11.8200
v 16.0200 1.5500 -11.9200
f 14083 14084 14085 14086
v 16.0200 0.9000 -11.8200
v 15.0000 0.9000 -11.8200
v 15.0000 1.5500 -11.8200
v 16.0200 1.5500 -11.8200
f 14087 14088 14089 14090
v 15.0000 0.9000 -11.8200
v 15.0000 0.9000 -11.9200
v 15.0000 1.5500 -11.9200
v 15.0000 1.5500 -11.8200
f 14091 14092 14093 14094
g level_1_interior_cabinet
v 15.7000 0.5600 -8.6000
v 15.7000 0.5600 -7.8000
v 16.3500 0.5600 -7.8000
v 16.3500 0.5600 -8.6000
f 14095 14096 14097 14098
v 15.7000 1.3600 -8.6000
v 16.3500 1.3600 -8.6000
v 16.3500 1.3600 -7.8000
v 15.7000 1.3600 -7.8000
f 14099 14100 14101 14102
v 15.7000 0.5600 -8.6000
v 16.3500 0.5600 -8.6000
v 16.3500 1.3600 -8.6000
v 15.7000 1.3600 -8.6000
f 14103 14104 14105 14106
v 16.3500 0.5600 -8.6000
v 16.3500 0.5600 -7.8000
v 16.3500 1.3600 -7.8000
v 16.3500 1.3600 -8.6000
f 14107 14108 14109 14110
v 16.3500 0.5600 -7.8000
v 15.7000 0.5600 -7.8000
v 15.7000 1.3600 -7.8000
v 16.3500 1.3600 -7.8000
f 14111 14112 14113 14114
v 15.7000 0.5600 -7.8000
v 15.7000 0.5600 -8.6000
v 15.7000 1.3600 -8.6000
v 15.7000 1.3600 -7.8000
f 14115 14116 14117 14118
g level_1_interior_room_zone
usemtl room
v -16.4500 0.5100 -7.6000
v -16.4500 0.5100 -2.9000
v -10.6500 0.5100 -2.9000
v -10.6500 0.5100 -7.6000
f 14119 14120 14121 14122
v -16.4500 0.5550 -7.6000
v -10.6500 0.5550 -7.6000
v -10.6500 0.5550 -2.9000
v -16.4500 0.5550 -2.9000
f 14123 14124 14125 14126
v -16.4500 0.5100 -7.6000
v -10.6500 0.5100 -7.6000
v -10.6500 0.5550 -7.6000
v -16.4500 0.5550 -7.6000
f 14127 14128 14129 14130
v -10.6500 0.5100 -7.6000
v -10.6500 0.5100 -2.9000
v -10.6500 0.5550 -2.9000
v -10.6500 0.5550 -7.6000
f 14131 14132 14133 14134
v -10.6500 0.5100 -2.9000
v -16.4500 0.5100 -2.9000
v -16.4500 0.5550 -2.9000
v -10.6500 0.5550 -2.9000
f 14135 14136 14137 14138
v -16.4500 0.5100 -2.9000
v -16.4500 0.5100 -7.6000
v -16.4500 0.5550 -7.6000
v -16.4500 0.5550 -2.9000
f 14139 14140 14141 14142
g level_1_interior_schematic_partition
usemtl wall
v -16.4500 0.5550 -7.6000
v -16.4500 0.5550 -2.9000
v -16.3500 0.5550 -2.9000
v -16.3500 0.5550 -7.6000
f 14143 14144 14145 14146
v -16.4500 1.1750 -7.6000
v -16.3500 1.1750 -7.6000
v -16.3500 1.1750 -2.9000
v -16.4500 1.1750 -2.9000
f 14147 14148 14149 14150
v -16.4500 0.5550 -7.6000
v -16.3500 0.5550 -7.6000
v -16.3500 1.1750 -7.6000
v -16.4500 1.1750 -7.6000
f 14151 14152 14153 14154
v -16.3500 0.5550 -7.6000
v -16.3500 0.5550 -2.9000
v -16.3500 1.1750 -2.9000
v -16.3500 1.1750 -7.6000
f 14155 14156 14157 14158
v -16.3500 0.5550 -2.9000
v -16.4500 0.5550 -2.9000
v -16.4500 1.1750 -2.9000
v -16.3500 1.1750 -2.9000
f 14159 14160 14161 14162
v -16.4500 0.5550 -2.9000
v -16.4500 0.5550 -7.6000
v -16.4500 1.1750 -7.6000
v -16.4500 1.1750 -2.9000
f 14163 14164 14165 14166
v -16.4500 0.5550 -7.6000
v -16.4500 0.5550 -7.5000
v -10.6500 0.5550 -7.5000
v -10.6500 0.5550 -7.6000
f 14167 14168 14169 14170
v -16.4500 1.1750 -7.6000
v -10.6500 1.1750 -7.6000
v -10.6500 1.1750 -7.5000
v -16.4500 1.1750 -7.5000
f 14171 14172 14173 14174
v -16.4500 0.5550 -7.6000
v -10.6500 0.5550 -7.6000
v -10.6500 1.1750 -7.6000
v -16.4500 1.1750 -7.6000
f 14175 14176 14177 14178
v -10.6500 0.5550 -7.6000
v -10.6500 0.5550 -7.5000
v -10.6500 1.1750 -7.5000
v -10.6500 1.1750 -7.6000
f 14179 14180 14181 14182
v -10.6500 0.5550 -7.5000
v -16.4500 0.5550 -7.5000
v -16.4500 1.1750 -7.5000
v -10.6500 1.1750 -7.5000
f 14183 14184 14185 14186
v -16.4500 0.5550 -7.5000
v -16.4500 0.5550 -7.6000
v -16.4500 1.1750 -7.6000
v -16.4500 1.1750 -7.5000
f 14187 14188 14189 14190
g level_1_interior_bed_frame
usemtl furniture
v -16.0300 0.5500 -7.1200
v -16.0300 0.5500 -5.0700
v -15.0100 0.5500 -5.0700
v -15.0100 0.5500 -7.1200
f 14191 14192 14193 14194
v -16.0300 0.9700 -7.1200
v -15.0100 0.9700 -7.1200
v -15.0100 0.9700 -5.0700
v -16.0300 0.9700 -5.0700
f 14195 14196 14197 14198
v -16.0300 0.5500 -7.1200
v -15.0100 0.5500 -7.1200
v -15.0100 0.9700 -7.1200
v -16.0300 0.9700 -7.1200
f 14199 14200 14201 14202
v -15.0100 0.5500 -7.1200
v -15.0100 0.5500 -5.0700
v -15.0100 0.9700 -5.0700
v -15.0100 0.9700 -7.1200
f 14203 14204 14205 14206
v -15.0100 0.5500 -5.0700
v -16.0300 0.5500 -5.0700
v -16.0300 0.9700 -5.0700
v -15.0100 0.9700 -5.0700
f 14207 14208 14209 14210
v -16.0300 0.5500 -5.0700
v -16.0300 0.5500 -7.1200
v -16.0300 0.9700 -7.1200
v -16.0300 0.9700 -5.0700
f 14211 14212 14213 14214
g level_1_interior_bed_mattress
usemtl bed
v -15.9950 0.9700 -7.0850
v -15.9950 0.9700 -5.1050
v -15.0450 0.9700 -5.1050
v -15.0450 0.9700 -7.0850
f 14215 14216 14217 14218
v -15.9950 1.1700 -7.0850
v -15.0450 1.1700 -7.0850
v -15.0450 1.1700 -5.1050
v -15.9950 1.1700 -5.1050
f 14219 14220 14221 14222
v -15.9950 0.9700 -7.0850
v -15.0450 0.9700 -7.0850
v -15.0450 1.1700 -7.0850
v -15.9950 1.1700 -7.0850
f 14223 14224 14225 14226
v -15.0450 0.9700 -7.0850
v -15.0450 0.9700 -5.1050
v -15.0450 1.1700 -5.1050
v -15.0450 1.1700 -7.0850
f 14227 14228 14229 14230
v -15.0450 0.9700 -5.1050
v -15.9950 0.9700 -5.1050
v -15.9950 1.1700 -5.1050
v -15.0450 1.1700 -5.1050
f 14231 14232 14233 14234
v -15.9950 0.9700 -5.1050
v -15.9950 0.9700 -7.0850
v -15.9950 1.1700 -7.0850
v -15.9950 1.1700 -5.1050
f 14235 14236 14237 14238
g level_1_interior_blanket
usemtl blanket
v -15.9650 1.1800 -6.4400
v -15.9650 1.1800 -5.1900
v -15.0750 1.1800 -5.1900
v -15.0750 1.1800 -6.4400
f 14239 14240 14241 14242
v -15.9650 1.2150 -6.4400
v -15.0750 1.2150 -6.4400
v -15.0750 1.2150 -5.1900
v -15.9650 1.2150 -5.1900
f 14243 14244 14245 14246
v -15.9650 1.1800 -6.4400
v -15.0750 1.1800 -6.4400
v -15.0750 1.2150 -6.4400
v -15.9650 1.2150 -6.4400
f 14247 14248 14249 14250
v -15.0750 1.1800 -6.4400
v -15.0750 1.1800 -5.1900
v -15.0750 1.2150 -5.1900
v -15.0750 1.2150 -6.4400
f 14251 14252 14253 14254
v -15.0750 1.1800 -5.1900
v -15.9650 1.1800 -5.1900
v -15.9650 1.2150 -5.1900
v -15.0750 1.2150 -5.1900
f 14255 14256 14257 14258
v -15.9650 1.1800 -5.1900
v -15.9650 1.1800 -6.4400
v -15.9650 1.2150 -6.4400
v -15.9650 1.2150 -5.1900
f 14259 14260 14261 14262
g level_1_interior_pillow
usemtl pillow
v -15.9100 1.1850 -7.0000
v -15.9100 1.1850 -6.5800
v -15.1200 1.1850 -6.5800
v -15.1200 1.1850 -7.0000
f 14263 14264 14265 14266
v -15.9100 1.2750 -7.0000
v -15.1200 1.2750 -7.0000
v -15.1200 1.2750 -6.5800
v -15.9100 1.2750 -6.5800
f 14267 14268 14269 14270
v -15.9100 1.1850 -7.0000
v -15.1200 1.1850 -7.0000
v -15.1200 1.2750 -7.0000
v -15.9100 1.2750 -7.0000
f 14271 14272 14273 14274
v -15.1200 1.1850 -7.0000
v -15.1200 1.1850 -6.5800
v -15.1200 1.2750 -6.5800
v -15.1200 1.2750 -7.0000
f 14275 14276 14277 14278
v -15.1200 1.1850 -6.5800
v -15.9100 1.1850 -6.5800
v -15.9100 1.2750 -6.5800
v -15.1200 1.2750 -6.5800
f 14279 14280 14281 14282
v -15.9100 1.1850 -6.5800
v -15.9100 1.1850 -7.0000
v -15.9100 1.2750 -7.0000
v -15.9100 1.2750 -6.5800
f 14283 14284 14285 14286
g level_1_interior_headboard
usemtl furniture
v -16.0300 0.9000 -7.1700
v -16.0300 0.9000 -7.0700
v -15.0100 0.9000 -7.0700
v -15.0100 0.9000 -7.1700
f 14287 14288 14289 14290
v -16.0300 1.5500 -7.1700
v -15.0100 1.5500 -7.1700
v -15.0100 1.5500 -7.0700
v -16.0300 1.5500 -7.0700
f 14291 14292 14293 14294
v -16.0300 0.9000 -7.1700
v -15.0100 0.9000 -7.1700
v -15.0100 1.5500 -7.1700
v -16.0300 1.5500 -7.1700
f 14295 14296 14297 14298
v -15.0100 0.9000 -7.1700
v -15.0100 0.9000 -7.0700
v -15.0100 1.5500 -7.0700
v -15.0100 1.5500 -7.1700
f 14299 14300 14301 14302
v -15.0100 0.9000 -7.0700
v -16.0300 0.9000 -7.0700
v -16.0300 1.5500 -7.0700
v -15.0100 1.5500 -7.0700
f 14303 14304 14305 14306
v -16.0300 0.9000 -7.0700
v -16.0300 0.9000 -7.1700
v -16.0300 1.5500 -7.1700
v -16.0300 1.5500 -7.0700
f 14307 14308 14309 14310
g level_1_interior_bed_frame
v -12.1000 0.5500 -7.1200
v -12.1000 0.5500 -5.0700
v -11.0800 0.5500 -5.0700
v -11.0800 0.5500 -7.1200
f 14311 14312 14313 14314
v -12.1000 0.9700 -7.1200
v -11.0800 0.9700 -7.1200
v -11.0800 0.9700 -5.0700
v -12.1000 0.9700 -5.0700
f 14315 14316 14317 14318
v -12.1000 0.5500 -7.1200
v -11.0800 0.5500 -7.1200
v -11.0800 0.9700 -7.1200
v -12.1000 0.9700 -7.1200
f 14319 14320 14321 14322
v -11.0800 0.5500 -7.1200
v -11.0800 0.5500 -5.0700
v -11.0800 0.9700 -5.0700
v -11.0800 0.9700 -7.1200
f 14323 14324 14325 14326
v -11.0800 0.5500 -5.0700
v -12.1000 0.5500 -5.0700
v -12.1000 0.9700 -5.0700
v -11.0800 0.9700 -5.0700
f 14327 14328 14329 14330
v -12.1000 0.5500 -5.0700
v -12.1000 0.5500 -7.1200
v -12.1000 0.9700 -7.1200
v -12.1000 0.9700 -5.0700
f 14331 14332 14333 14334
g level_1_interior_bed_mattress
usemtl bed
v -12.0650 0.9700 -7.0850
v -12.0650 0.9700 -5.1050
v -11.1150 0.9700 -5.1050
v -11.1150 0.9700 -7.0850
f 14335 14336 14337 14338
v -12.0650 1.1700 -7.0850
v -11.1150 1.1700 -7.0850
v -11.1150 1.1700 -5.1050
v -12.0650 1.1700 -5.1050
f 14339 14340 14341 14342
v -12.0650 0.9700 -7.0850
v -11.1150 0.9700 -7.0850
v -11.1150 1.1700 -7.0850
v -12.0650 1.1700 -7.0850
f 14343 14344 14345 14346
v -11.1150 0.9700 -7.0850
v -11.1150 0.9700 -5.1050
v -11.1150 1.1700 -5.1050
v -11.1150 1.1700 -7.0850
f 14347 14348 14349 14350
v -11.1150 0.9700 -5.1050
v -12.0650 0.9700 -5.1050
v -12.0650 1.1700 -5.1050
v -11.1150 1.1700 -5.1050
f 14351 14352 14353 14354
v -12.0650 0.9700 -5.1050
v -12.0650 0.9700 -7.0850
v -12.0650 1.1700 -7.0850
v -12.0650 1.1700 -5.1050
f 14355 14356 14357 14358
g level_1_interior_blanket
usemtl blanket
v -12.0350 1.1800 -6.4400
v -12.0350 1.1800 -5.1900
v -11.1450 1.1800 -5.1900
v -11.1450 1.1800 -6.4400
f 14359 14360 14361 14362
v -12.0350 1.2150 -6.4400
v -11.1450 1.2150 -6.4400
v -11.1450 1.2150 -5.1900
v -12.0350 1.2150 -5.1900
f 14363 14364 14365 14366
v -12.0350 1.1800 -6.4400
v -11.1450 1.1800 -6.4400
v -11.1450 1.2150 -6.4400
v -12.0350 1.2150 -6.4400
f 14367 14368 14369 14370
v -11.1450 1.1800 -6.4400
v -11.1450 1.1800 -5.1900
v -11.1450 1.2150 -5.1900
v -11.1450 1.2150 -6.4400
f 14371 14372 14373 14374
v -11.1450 1.1800 -5.1900
v -12.0350 1.1800 -5.1900
v -12.0350 1.2150 -5.1900
v -11.1450 1.2150 -5.1900
f 14375 14376 14377 14378
v -12.0350 1.1800 -5.1900
v -12.0350 1.1800 -6.4400
v -12.0350 1.2150 -6.4400
v -12.0350 1.2150 -5.1900
f 14379 14380 14381 14382
g level_1_interior_pillow
usemtl pillow
v -11.9800 1.1850 -7.0000
v -11.9800 1.1850 -6.5800
v -11.1900 1.1850 -6.5800
v -11.1900 1.1850 -7.0000
f 14383 14384 14385 14386
v -11.9800 1.2750 -7.0000
v -11.1900 1.2750 -7.0000
v -11.1900 1.2750 -6.5800
v -11.9800 1.2750 -6.5800
f 14387 14388 14389 14390
v -11.9800 1.1850 -7.0000
v -11.1900 1.1850 -7.0000
v -11.1900 1.2750 -7.0000
v -11.9800 1.2750 -7.0000
f 14391 14392 14393 14394
v -11.1900 1.1850 -7.0000
v -11.1900 1.1850 -6.5800
v -11.1900 1.2750 -6.5800
v -11.1900 1.2750 -7.0000
f 14395 14396 14397 14398
v -11.1900 1.1850 -6.5800
v -11.9800 1.1850 -6.5800
v -11.9800 1.2750 -6.5800
v -11.1900 1.2750 -6.5800
f 14399 14400 14401 14402
v -11.9800 1.1850 -6.5800
v -11.9800 1.1850 -7.0000
v -11.9800 1.2750 -7.0000
v -11.9800 1.2750 -6.5800
f 14403 14404 14405 14406
g level_1_interior_headboard
usemtl furniture
v -12.1000 0.9000 -7.1700
v -12.1000 0.9000 -7.0700
v -11.0800 0.9000 -7.0700
v -11.0800 0.9000 -7.1700
f 14407 14408 14409 14410
v -12.1000 1.5500 -7.1700
v -11.0800 1.5500 -7.1700
v -11.0800 1.5500 -7.0700
v -12.1000 1.5500 -7.0700
f 14411 14412 14413 14414
v -12.1000 0.9000 -7.1700
v -11.0800 0.9000 -7.1700
v -11.0800 1.5500 -7.1700
v -12.1000 1.5500 -7.1700
f 14415 14416 14417 14418
v -11.0800 0.9000 -7.1700
v -11.0800 0.9000 -7.0700
v -11.0800 1.5500 -7.0700
v -11.0800 1.5500 -7.1700
f 14419 14420 14421 14422
v -11.0800 0.9000 -7.0700
v -12.1000 0.9000 -7.0700
v -12.1000 1.5500 -7.0700
v -11.0800 1.5500 -7.0700
f 14423 14424 14425 14426
v -12.1000 0.9000 -7.0700
v -12.1000 0.9000 -7.1700
v -12.1000 1.5500 -7.1700
v -12.1000 1.5500 -7.0700
f 14427 14428 14429 14430
g level_1_interior_cabinet
v -11.4000 0.5600 -3.8500
v -11.4000 0.5600 -3.0500
v -10.7500 0.5600 -3.0500
v -10.7500 0.5600 -3.8500
f 14431 14432 14433 14434
v -11.4000 1.3600 -3.8500
v -10.7500 1.3600 -3.8500
v -10.7500 1.3600 -3.0500
v -11.4000 1.3600 -3.0500
f 14435 14436 14437 14438
v -11.4000 0.5600 -3.8500
v -10.7500 0.5600 -3.8500
v -10.7500 1.3600 -3.8500
v -11.4000 1.3600 -3.8500
f 14439 14440 14441 14442
v -10.7500 0.5600 -3.8500
v -10.7500 0.5600 -3.0500
v -10.7500 1.3600 -3.0500
v -10.7500 1.3600 -3.8500
f 14443 14444 14445 14446
v -10.7500 0.5600 -3.0500
v -11.4000 0.5600 -3.0500
v -11.4000 1.3600 -3.0500
v -10.7500 1.3600 -3.0500
f 14447 14448 14449 14450
v -11.4000 0.5600 -3.0500
v -11.4000 0.5600 -3.8500
v -11.4000 1.3600 -3.8500
v -11.4000 1.3600 -3.0500
f 14451 14452 14453 14454
g level_1_interior_room_zone
usemtl room
v 10.6500 0.5100 -7.6000
v 10.6500 0.5100 -2.9000
v 16.4500 0.5100 -2.9000
v 16.4500 0.5100 -7.6000
f 14455 14456 14457 14458
v 10.6500 0.5550 -7.6000
v 16.4500 0.5550 -7.6000
v 16.4500 0.5550 -2.9000
v 10.6500 0.5550 -2.9000
f 14459 14460 14461 14462
v 10.6500 0.5100 -7.6000
v 16.4500 0.5100 -7.6000
v 16.4500 0.5550 -7.6000
v 10.6500 0.5550 -7.6000
f 14463 14464 14465 14466
v 16.4500 0.5100 -7.6000
v 16.4500 0.5100 -2.9000
v 16.4500 0.5550 -2.9000
v 16.4500 0.5550 -7.6000
f 14467 14468 14469 14470
v 16.4500 0.5100 -2.9000
v 10.6500 0.5100 -2.9000
v 10.6500 0.5550 -2.9000
v 16.4500 0.5550 -2.9000
f 14471 14472 14473 14474
v 10.6500 0.5100 -2.9000
v 10.6500 0.5100 -7.6000
v 10.6500 0.5550 -7.6000
v 10.6500 0.5550 -2.9000
f 14475 14476 14477 14478
g level_1_interior_schematic_partition
usemtl wall
v 10.6500 0.5550 -7.6000
v 10.6500 0.5550 -2.9000
v 10.7500 0.5550 -2.9000
v 10.7500 0.5550 -7.6000
f 14479 14480 14481 14482
v 10.6500 1.1750 -7.6000
v 10.7500 1.1750 -7.6000
v 10.7500 1.1750 -2.9000
v 10.6500 1.1750 -2.9000
f 14483 14484 14485 14486
v 10.6500 0.5550 -7.6000
v 10.7500 0.5550 -7.6000
v 10.7500 1.1750 -7.6000
v 10.6500 1.1750 -7.6000
f 14487 14488 14489 14490
v 10.7500 0.5550 -7.6000
v 10.7500 0.5550 -2.9000
v 10.7500 1.1750 -2.9000
v 10.7500 1.1750 -7.6000
f 14491 14492 14493 14494
v 10.7500 0.5550 -2.9000
v 10.6500 0.5550 -2.9000
v 10.6500 1.1750 -2.9000
v 10.7500 1.1750 -2.9000
f 14495 14496 14497 14498
v 10.6500 0.5550 -2.9000
v 10.6500 0.5550 -7.6000
v 10.6500 1.1750 -7.6000
v 10.6500 1.1750 -2.9000
f 14499 14500 14501 14502
v 10.6500 0.5550 -7.6000
v 10.6500 0.5550 -7.5000
v 16.4500 0.5550 -7.5000
v 16.4500 0.5550 -7.6000
f 14503 14504 14505 14506
v 10.6500 1.1750 -7.6000
v 16.4500 1.1750 -7.6000
v 16.4500 1.1750 -7.5000
v 10.6500 1.1750 -7.5000
f 14507 14508 14509 14510
v 10.6500 0.5550 -7.6000
v 16.4500 0.5550 -7.6000
v 16.4500 1.1750 -7.6000
v 10.6500 1.1750 -7.6000
f 14511 14512 14513 14514
v 16.4500 0.5550 -7.6000
v 16.4500 0.5550 -7.5000
v 16.4500 1.1750 -7.5000
v 16.4500 1.1750 -7.6000
f 14515 14516 14517 14518
v 16.4500 0.5550 -7.5000
v 10.6500 0.5550 -7.5000
v 10.6500 1.1750 -7.5000
v 16.4500 1.1750 -7.5000
f 14519 14520 14521 14522
v 10.6500 0.5550 -7.5000
v 10.6500 0.5550 -7.6000
v 10.6500 1.1750 -7.6000
v 10.6500 1.1750 -7.5000
f 14523 14524 14525 14526
g level_1_interior_bed_frame
usemtl furniture
v 11.0700 0.5500 -7.1200
v 11.0700 0.5500 -5.0700
v 12.0900 0.5500 -5.0700
v 12.0900 0.5500 -7.1200
f 14527 14528 14529 14530
v 11.0700 0.9700 -7.1200
v 12.0900 0.9700 -7.1200
v 12.0900 0.9700 -5.0700
v 11.0700 0.9700 -5.0700
f 14531 14532 14533 14534
v 11.0700 0.5500 -7.1200
v 12.0900 0.5500 -7.1200
v 12.0900 0.9700 -7.1200
v 11.0700 0.9700 -7.1200
f 14535 14536 14537 14538
v 12.0900 0.5500 -7.1200
v 12.0900 0.5500 -5.0700
v 12.0900 0.9700 -5.0700
v 12.0900 0.9700 -7.1200
f 14539 14540 14541 14542
v 12.0900 0.5500 -5.0700
v 11.0700 0.5500 -5.0700
v 11.0700 0.9700 -5.0700
v 12.0900 0.9700 -5.0700
f 14543 14544 14545 14546
v 11.0700 0.5500 -5.0700
v 11.0700 0.5500 -7.1200
v 11.0700 0.9700 -7.1200
v 11.0700 0.9700 -5.0700
f 14547 14548 14549 14550
g level_1_interior_bed_mattress
usemtl bed
v 11.1050 0.9700 -7.0850
v 11.1050 0.9700 -5.1050
v 12.0550 0.9700 -5.1050
v 12.0550 0.9700 -7.0850
f 14551 14552 14553 14554
v 11.1050 1.1700 -7.0850
v 12.0550 1.1700 -7.0850
v 12.0550 1.1700 -5.1050
v 11.1050 1.1700 -5.1050
f 14555 14556 14557 14558
v 11.1050 0.9700 -7.0850
v 12.0550 0.9700 -7.0850
v 12.0550 1.1700 -7.0850
v 11.1050 1.1700 -7.0850
f 14559 14560 14561 14562
v 12.0550 0.9700 -7.0850
v 12.0550 0.9700 -5.1050
v 12.0550 1.1700 -5.1050
v 12.0550 1.1700 -7.0850
f 14563 14564 14565 14566
v 12.0550 0.9700 -5.1050
v 11.1050 0.9700 -5.1050
v 11.1050 1.1700 -5.1050
v 12.0550 1.1700 -5.1050
f 14567 14568 14569 14570
v 11.1050 0.9700 -5.1050
v 11.1050 0.9700 -7.0850
v 11.1050 1.1700 -7.0850
v 11.1050 1.1700 -5.1050
f 14571 14572 14573 14574
g level_1_interior_blanket
usemtl blanket
v 11.1350 1.1800 -6.4400
v 11.1350 1.1800 -5.1900
v 12.0250 1.1800 -5.1900
v 12.0250 1.1800 -6.4400
f 14575 14576 14577 14578
v 11.1350 1.2150 -6.4400
v 12.0250 1.2150 -6.4400
v 12.0250 1.2150 -5.1900
v 11.1350 1.2150 -5.1900
f 14579 14580 14581 14582
v 11.1350 1.1800 -6.4400
v 12.0250 1.1800 -6.4400
v 12.0250 1.2150 -6.4400
v 11.1350 1.2150 -6.4400
f 14583 14584 14585 14586
v 12.0250 1.1800 -6.4400
v 12.0250 1.1800 -5.1900
v 12.0250 1.2150 -5.1900
v 12.0250 1.2150 -6.4400
f 14587 14588 14589 14590
v 12.0250 1.1800 -5.1900
v 11.1350 1.1800 -5.1900
v 11.1350 1.2150 -5.1900
v 12.0250 1.2150 -5.1900
f 14591 14592 14593 14594
v 11.1350 1.1800 -5.1900
v 11.1350 1.1800 -6.4400
v 11.1350 1.2150 -6.4400
v 11.1350 1.2150 -5.1900
f 14595 14596 14597 14598
g level_1_interior_pillow
usemtl pillow
v 11.1900 1.1850 -7.0000
v 11.1900 1.1850 -6.5800
v 11.9800 1.1850 -6.5800
v 11.9800 1.1850 -7.0000
f 14599 14600 14601 14602
v 11.1900 1.2750 -7.0000
v 11.9800 1.2750 -7.0000
v 11.9800 1.2750 -6.5800
v 11.1900 1.2750 -6.5800
f 14603 14604 14605 14606
v 11.1900 1.1850 -7.0000
v 11.9800 1.1850 -7.0000
v 11.9800 1.2750 -7.0000
v 11.1900 1.2750 -7.0000
f 14607 14608 14609 14610
v 11.9800 1.1850 -7.0000
v 11.9800 1.1850 -6.5800
v 11.9800 1.2750 -6.5800
v 11.9800 1.2750 -7.0000
f 14611 14612 14613 14614
v 11.9800 1.1850 -6.5800
v 11.1900 1.1850 -6.5800
v 11.1900 1.2750 -6.5800
v 11.9800 1.2750 -6.5800
f 14615 14616 14617 14618
v 11.1900 1.1850 -6.5800
v 11.1900 1.1850 -7.0000
v 11.1900 1.2750 -7.0000
v 11.1900 1.2750 -6.5800
f 14619 14620 14621 14622
g level_1_interior_headboard
usemtl furniture
v 11.0700 0.9000 -7.1700
v 11.0700 0.9000 -7.0700
v 12.0900 0.9000 -7.0700
v 12.0900 0.9000 -7.1700
f 14623 14624 14625 14626
v 11.0700 1.5500 -7.1700
v 12.0900 1.5500 -7.1700
v 12.0900 1.5500 -7.0700
v 11.0700 1.5500 -7.0700
f 14627 14628 14629 14630
v 11.0700 0.9000 -7.1700
v 12.0900 0.9000 -7.1700
v 12.0900 1.5500 -7.1700
v 11.0700 1.5500 -7.1700
f 14631 14632 14633 14634
v 12.0900 0.9000 -7.1700
v 12.0900 0.9000 -7.0700
v 12.0900 1.5500 -7.0700
v 12.0900 1.5500 -7.1700
f 14635 14636 14637 14638
v 12.0900 0.9000 -7.0700
v 11.0700 0.9000 -7.0700
v 11.0700 1.5500 -7.0700
v 12.0900 1.5500 -7.0700
f 14639 14640 14641 14642
v 11.0700 0.9000 -7.0700
v 11.0700 0.9000 -7.1700
v 11.0700 1.5500 -7.1700
v 11.0700 1.5500 -7.0700
f 14643 14644 14645 14646
g level_1_interior_bed_frame
v 15.0000 0.5500 -7.1200
v 15.0000 0.5500 -5.0700
v 16.0200 0.5500 -5.0700
v 16.0200 0.5500 -7.1200
f 14647 14648 14649 14650
v 15.0000 0.9700 -7.1200
v 16.0200 0.9700 -7.1200
v 16.0200 0.9700 -5.0700
v 15.0000 0.9700 -5.0700
f 14651 14652 14653 14654
v 15.0000 0.5500 -7.1200
v 16.0200 0.5500 -7.1200
v 16.0200 0.9700 -7.1200
v 15.0000 0.9700 -7.1200
f 14655 14656 14657 14658
v 16.0200 0.5500 -7.1200
v 16.0200 0.5500 -5.0700
v 16.0200 0.9700 -5.0700
v 16.0200 0.9700 -7.1200
f 14659 14660 14661 14662
v 16.0200 0.5500 -5.0700
v 15.0000 0.5500 -5.0700
v 15.0000 0.9700 -5.0700
v 16.0200 0.9700 -5.0700
f 14663 14664 14665 14666
v 15.0000 0.5500 -5.0700
v 15.0000 0.5500 -7.1200
v 15.0000 0.9700 -7.1200
v 15.0000 0.9700 -5.0700
f 14667 14668 14669 14670
g level_1_interior_bed_mattress
usemtl bed
v 15.0350 0.9700 -7.0850
v 15.0350 0.9700 -5.1050
v 15.9850 0.9700 -5.1050
v 15.9850 0.9700 -7.0850
f 14671 14672 14673 14674
v 15.0350 1.1700 -7.0850
v 15.9850 1.1700 -7.0850
v 15.9850 1.1700 -5.1050
v 15.0350 1.1700 -5.1050
f 14675 14676 14677 14678
v 15.0350 0.9700 -7.0850
v 15.9850 0.9700 -7.0850
v 15.9850 1.1700 -7.0850
v 15.0350 1.1700 -7.0850
f 14679 14680 14681 14682
v 15.9850 0.9700 -7.0850
v 15.9850 0.9700 -5.1050
v 15.9850 1.1700 -5.1050
v 15.9850 1.1700 -7.0850
f 14683 14684 14685 14686
v 15.9850 0.9700 -5.1050
v 15.0350 0.9700 -5.1050
v 15.0350 1.1700 -5.1050
v 15.9850 1.1700 -5.1050
f 14687 14688 14689 14690
v 15.0350 0.9700 -5.1050
v 15.0350 0.9700 -7.0850
v 15.0350 1.1700 -7.0850
v 15.0350 1.1700 -5.1050
f 14691 14692 14693 14694
g level_1_interior_blanket
usemtl blanket
v 15.0650 1.1800 -6.4400
v 15.0650 1.1800 -5.1900
v 15.9550 1.1800 -5.1900
v 15.9550 1.1800 -6.4400
f 14695 14696 14697 14698
v 15.0650 1.2150 -6.4400
v 15.9550 1.2150 -6.4400
v 15.9550 1.2150 -5.1900
v 15.0650 1.2150 -5.1900
f 14699 14700 14701 14702
v 15.0650 1.1800 -6.4400
v 15.9550 1.1800 -6.4400
v 15.9550 1.2150 -6.4400
v 15.0650 1.2150 -6.4400
f 14703 14704 14705 14706
v 15.9550 1.1800 -6.4400
v 15.9550 1.1800 -5.1900
v 15.9550 1.2150 -5.1900
v 15.9550 1.2150 -6.4400
f 14707 14708 14709 14710
v 15.9550 1.1800 -5.1900
v 15.0650 1.1800 -5.1900
v 15.0650 1.2150 -5.1900
v 15.9550 1.2150 -5.1900
f 14711 14712 14713 14714
v 15.0650 1.1800 -5.1900
v 15.0650 1.1800 -6.4400
v 15.0650 1.2150 -6.4400
v 15.0650 1.2150 -5.1900
f 14715 14716 14717 14718
g level_1_interior_pillow
usemtl pillow
v 15.1200 1.1850 -7.0000
v 15.1200 1.1850 -6.5800
v 15.9100 1.1850 -6.5800
v 15.9100 1.1850 -7.0000
f 14719 14720 14721 14722
v 15.1200 1.2750 -7.0000
v 15.9100 1.2750 -7.0000
v 15.9100 1.2750 -6.5800
v 15.1200 1.2750 -6.5800
f 14723 14724 14725 14726
v 15.1200 1.1850 -7.0000
v 15.9100 1.1850 -7.0000
v 15.9100 1.2750 -7.0000
v 15.1200 1.2750 -7.0000
f 14727 14728 14729 14730
v 15.9100 1.1850 -7.0000
v 15.9100 1.1850 -6.5800
v 15.9100 1.2750 -6.5800
v 15.9100 1.2750 -7.0000
f 14731 14732 14733 14734
v 15.9100 1.1850 -6.5800
v 15.1200 1.1850 -6.5800
v 15.1200 1.2750 -6.5800
v 15.9100 1.2750 -6.5800
f 14735 14736 14737 14738
v 15.1200 1.1850 -6.5800
v 15.1200 1.1850 -7.0000
v 15.1200 1.2750 -7.0000
v 15.1200 1.2750 -6.5800
f 14739 14740 14741 14742
g level_1_interior_headboard
usemtl furniture
v 15.0000 0.9000 -7.1700
v 15.0000 0.9000 -7.0700
v 16.0200 0.9000 -7.0700
v 16.0200 0.9000 -7.1700
f 14743 14744 14745 14746
v 15.0000 1.5500 -7.1700
v 16.0200 1.5500 -7.1700
v 16.0200 1.5500 -7.0700
v 15.0000 1.5500 -7.0700
f 14747 14748 14749 14750
v 15.0000 0.9000 -7.1700
v 16.0200 0.9000 -7.1700
v 16.0200 1.5500 -7.1700
v 15.0000 1.5500 -7.1700
f 14751 14752 14753 14754
v 16.0200 0.9000 -7.1700
v 16.0200 0.9000 -7.0700
v 16.0200 1.5500 -7.0700
v 16.0200 1.5500 -7.1700
f 14755 14756 14757 14758
v 16.0200 0.9000 -7.0700
v 15.0000 0.9000 -7.0700
v 15.0000 1.5500 -7.0700
v 16.0200 1.5500 -7.0700
f 14759 14760 14761 14762
v 15.0000 0.9000 -7.0700
v 15.0000 0.9000 -7.1700
v 15.0000 1.5500 -7.1700
v 15.0000 1.5500 -7.0700
f 14763 14764 14765 14766
g level_1_interior_cabinet
v 15.7000 0.5600 -3.8500
v 15.7000 0.5600 -3.0500
v 16.3500 0.5600 -3.0500
v 16.3500 0.5600 -3.8500
f 14767 14768 14769 14770
v 15.7000 1.3600 -3.8500
v 16.3500 1.3600 -3.8500
v 16.3500 1.3600 -3.0500
v 15.7000 1.3600 -3.0500
f 14771 14772 14773 14774
v 15.7000 0.5600 -3.8500
v 16.3500 0.5600 -3.8500
v 16.3500 1.3600 -3.8500
v 15.7000 1.3600 -3.8500
f 14775 14776 14777 14778
v 16.3500 0.5600 -3.8500
v 16.3500 0.5600 -3.0500
v 16.3500 1.3600 -3.0500
v 16.3500 1.3600 -3.8500
f 14779 14780 14781 14782
v 16.3500 0.5600 -3.0500
v 15.7000 0.5600 -3.0500
v 15.7000 1.3600 -3.0500
v 16.3500 1.3600 -3.0500
f 14783 14784 14785 14786
v 15.7000 0.5600 -3.0500
v 15.7000 0.5600 -3.8500
v 15.7000 1.3600 -3.8500
v 15.7000 1.3600 -3.0500
f 14787 14788 14789 14790
g level_1_interior_room_zone
usemtl room
v -16.4500 0.5100 -2.8500
v -16.4500 0.5100 1.8500
v -10.6500 0.5100 1.8500
v -10.6500 0.5100 -2.8500
f 14791 14792 14793 14794
v -16.4500 0.5550 -2.8500
v -10.6500 0.5550 -2.8500
v -10.6500 0.5550 1.8500
v -16.4500 0.5550 1.8500
f 14795 14796 14797 14798
v -16.4500 0.5100 -2.8500
v -10.6500 0.5100 -2.8500
v -10.6500 0.5550 -2.8500
v -16.4500 0.5550 -2.8500
f 14799 14800 14801 14802
v -10.6500 0.5100 -2.8500
v -10.6500 0.5100 1.8500
v -10.6500 0.5550 1.8500
v -10.6500 0.5550 -2.8500
f 14803 14804 14805 14806
v -10.6500 0.5100 1.8500
v -16.4500 0.5100 1.8500
v -16.4500 0.5550 1.8500
v -10.6500 0.5550 1.8500
f 14807 14808 14809 14810
v -16.4500 0.5100 1.8500
v -16.4500 0.5100 -2.8500
v -16.4500 0.5550 -2.8500
v -16.4500 0.5550 1.8500
f 14811 14812 14813 14814
g level_1_interior_schematic_partition
usemtl wall
v -16.4500 0.5550 -2.8500
v -16.4500 0.5550 1.8500
v -16.3500 0.5550 1.8500
v -16.3500 0.5550 -2.8500
f 14815 14816 14817 14818
v -16.4500 1.1750 -2.8500
v -16.3500 1.1750 -2.8500
v -16.3500 1.1750 1.8500
v -16.4500 1.1750 1.8500
f 14819 14820 14821 14822
v -16.4500 0.5550 -2.8500
v -16.3500 0.5550 -2.8500
v -16.3500 1.1750 -2.8500
v -16.4500 1.1750 -2.8500
f 14823 14824 14825 14826
v -16.3500 0.5550 -2.8500
v -16.3500 0.5550 1.8500
v -16.3500 1.1750 1.8500
v -16.3500 1.1750 -2.8500
f 14827 14828 14829 14830
v -16.3500 0.5550 1.8500
v -16.4500 0.5550 1.8500
v -16.4500 1.1750 1.8500
v -16.3500 1.1750 1.8500
f 14831 14832 14833 14834
v -16.4500 0.5550 1.8500
v -16.4500 0.5550 -2.8500
v -16.4500 1.1750 -2.8500
v -16.4500 1.1750 1.8500
f 14835 14836 14837 14838
v -16.4500 0.5550 -2.8500
v -16.4500 0.5550 -2.7500
v -10.6500 0.5550 -2.7500
v -10.6500 0.5550 -2.8500
f 14839 14840 14841 14842
v -16.4500 1.1750 -2.8500
v -10.6500 1.1750 -2.8500
v -10.6500 1.1750 -2.7500
v -16.4500 1.1750 -2.7500
f 14843 14844 14845 14846
v -16.4500 0.5550 -2.8500
v -10.6500 0.5550 -2.8500
v -10.6500 1.1750 -2.8500
v -16.4500 1.1750 -2.8500
f 14847 14848 14849 14850
v -10.6500 0.5550 -2.8500
v -10.6500 0.5550 -2.7500
v -10.6500 1.1750 -2.7500
v -10.6500 1.1750 -2.8500
f 14851 14852 14853 14854
v -10.6500 0.5550 -2.7500
v -16.4500 0.5550 -2.7500
v -16.4500 1.1750 -2.7500
v -10.6500 1.1750 -2.7500
f 14855 14856 14857 14858
v -16.4500 0.5550 -2.7500
v -16.4500 0.5550 -2.8500
v -16.4500 1.1750 -2.8500
v -16.4500 1.1750 -2.7500
f 14859 14860 14861 14862
g level_1_interior_bed_frame
usemtl furniture
v -16.0300 0.5500 -2.3700
v -16.0300 0.5500 -0.3200
v -15.0100 0.5500 -0.3200
v -15.0100 0.5500 -2.3700
f 14863 14864 14865 14866
v -16.0300 0.9700 -2.3700
v -15.0100 0.9700 -2.3700
v -15.0100 0.9700 -0.3200
v -16.0300 0.9700 -0.3200
f 14867 14868 14869 14870
v -16.0300 0.5500 -2.3700
v -15.0100 0.5500 -2.3700
v -15.0100 0.9700 -2.3700
v -16.0300 0.9700 -2.3700
f 14871 14872 14873 14874
v -15.0100 0.5500 -2.3700
v -15.0100 0.5500 -0.3200
v -15.0100 0.9700 -0.3200
v -15.0100 0.9700 -2.3700
f 14875 14876 14877 14878
v -15.0100 0.5500 -0.3200
v -16.0300 0.5500 -0.3200
v -16.0300 0.9700 -0.3200
v -15.0100 0.9700 -0.3200
f 14879 14880 14881 14882
v -16.0300 0.5500 -0.3200
v -16.0300 0.5500 -2.3700
v -16.0300 0.9700 -2.3700
v -16.0300 0.9700 -0.3200
f 14883 14884 14885 14886
g level_1_interior_bed_mattress
usemtl bed
v -15.9950 0.9700 -2.3350
v -15.9950 0.9700 -0.3550
v -15.0450 0.9700 -0.3550
v -15.0450 0.9700 -2.3350
f 14887 14888 14889 14890
v -15.9950 1.1700 -2.3350
v -15.0450 1.1700 -2.3350
v -15.0450 1.1700 -0.3550
v -15.9950 1.1700 -0.3550
f 14891 14892 14893 14894
v -15.9950 0.9700 -2.3350
v -15.0450 0.9700 -2.3350
v -15.0450 1.1700 -2.3350
v -15.9950 1.1700 -2.3350
f 14895 14896 14897 14898
v -15.0450 0.9700 -2.3350
v -15.0450 0.9700 -0.3550
v -15.0450 1.1700 -0.3550
v -15.0450 1.1700 -2.3350
f 14899 14900 14901 14902
v -15.0450 0.9700 -0.3550
v -15.9950 0.9700 -0.3550
v -15.9950 1.1700 -0.3550
v -15.0450 1.1700 -0.3550
f 14903 14904 14905 14906
v -15.9950 0.9700 -0.3550
v -15.9950 0.9700 -2.3350
v -15.9950 1.1700 -2.3350
v -15.9950 1.1700 -0.3550
f 14907 14908 14909 14910
g level_1_interior_blanket
usemtl blanket
v -15.9650 1.1800 -1.6900
v -15.9650 1.1800 -0.4400
v -15.0750 1.1800 -0.4400
v -15.0750 1.1800 -1.6900
f 14911 14912 14913 14914
v -15.9650 1.2150 -1.6900
v -15.0750 1.2150 -1.6900
v -15.0750 1.2150 -0.4400
v -15.9650 1.2150 -0.4400
f 14915 14916 14917 14918
v -15.9650 1.1800 -1.6900
v -15.0750 1.1800 -1.6900
v -15.0750 1.2150 -1.6900
v -15.9650 1.2150 -1.6900
f 14919 14920 14921 14922
v -15.0750 1.1800 -1.6900
v -15.0750 1.1800 -0.4400
v -15.0750 1.2150 -0.4400
v -15.0750 1.2150 -1.6900
f 14923 14924 14925 14926
v -15.0750 1.1800 -0.4400
v -15.9650 1.1800 -0.4400
v -15.9650 1.2150 -0.4400
v -15.0750 1.2150 -0.4400
f 14927 14928 14929 14930
v -15.9650 1.1800 -0.4400
v -15.9650 1.1800 -1.6900
v -15.9650 1.2150 -1.6900
v -15.9650 1.2150 -0.4400
f 14931 14932 14933 14934
g level_1_interior_pillow
usemtl pillow
v -15.9100 1.1850 -2.2500
v -15.9100 1.1850 -1.8300
v -15.1200 1.1850 -1.8300
v -15.1200 1.1850 -2.2500
f 14935 14936 14937 14938
v -15.9100 1.2750 -2.2500
v -15.1200 1.2750 -2.2500
v -15.1200 1.2750 -1.8300
v -15.9100 1.2750 -1.8300
f 14939 14940 14941 14942
v -15.9100 1.1850 -2.2500
v -15.1200 1.1850 -2.2500
v -15.1200 1.2750 -2.2500
v -15.9100 1.2750 -2.2500
f 14943 14944 14945 14946
v -15.1200 1.1850 -2.2500
v -15.1200 1.1850 -1.8300
v -15.1200 1.2750 -1.8300
v -15.1200 1.2750 -2.2500
f 14947 14948 14949 14950
v -15.1200 1.1850 -1.8300
v -15.9100 1.1850 -1.8300
v -15.9100 1.2750 -1.8300
v -15.1200 1.2750 -1.8300
f 14951 14952 14953 14954
v -15.9100 1.1850 -1.8300
v -15.9100 1.1850 -2.2500
v -15.9100 1.2750 -2.2500
v -15.9100 1.2750 -1.8300
f 14955 14956 14957 14958
g level_1_interior_headboard
usemtl furniture
v -16.0300 0.9000 -2.4200
v -16.0300 0.9000 -2.3200
v -15.0100 0.9000 -2.3200
v -15.0100 0.9000 -2.4200
f 14959 14960 14961 14962
v -16.0300 1.5500 -2.4200
v -15.0100 1.5500 -2.4200
v -15.0100 1.5500 -2.3200
v -16.0300 1.5500 -2.3200
f 14963 14964 14965 14966
v -16.0300 0.9000 -2.4200
v -15.0100 0.9000 -2.4200
v -15.0100 1.5500 -2.4200
v -16.0300 1.5500 -2.4200
f 14967 14968 14969 14970
v -15.0100 0.9000 -2.4200
v -15.0100 0.9000 -2.3200
v -15.0100 1.5500 -2.3200
v -15.0100 1.5500 -2.4200
f 14971 14972 14973 14974
v -15.0100 0.9000 -2.3200
v -16.0300 0.9000 -2.3200
v -16.0300 1.5500 -2.3200
v -15.0100 1.5500 -2.3200
f 14975 14976 14977 14978
v -16.0300 0.9000 -2.3200
v -16.0300 0.9000 -2.4200
v -16.0300 1.5500 -2.4200
v -16.0300 1.5500 -2.3200
f 14979 14980 14981 14982
g level_1_interior_bed_frame
v -12.1000 0.5500 -2.3700
v -12.1000 0.5500 -0.3200
v -11.0800 0.5500 -0.3200
v -11.0800 0.5500 -2.3700
f 14983 14984 14985 14986
v -12.1000 0.9700 -2.3700
v -11.0800 0.9700 -2.3700
v -11.0800 0.9700 -0.3200
v -12.1000 0.9700 -0.3200
f 14987 14988 14989 14990
v -12.1000 0.5500 -2.3700
v -11.0800 0.5500 -2.3700
v -11.0800 0.9700 -2.3700
v -12.1000 0.9700 -2.3700
f 14991 14992 14993 14994
v -11.0800 0.5500 -2.3700
v -11.0800 0.5500 -0.3200
v -11.0800 0.9700 -0.3200
v -11.0800 0.9700 -2.3700
f 14995 14996 14997 14998
v -11.0800 0.5500 -0.3200
v -12.1000 0.5500 -0.3200
v -12.1000 0.9700 -0.3200
v -11.0800 0.9700 -0.3200
f 14999 15000 15001 15002
v -12.1000 0.5500 -0.3200
v -12.1000 0.5500 -2.3700
v -12.1000 0.9700 -2.3700
v -12.1000 0.9700 -0.3200
f 15003 15004 15005 15006
g level_1_interior_bed_mattress
usemtl bed
v -12.0650 0.9700 -2.3350
v -12.0650 0.9700 -0.3550
v -11.1150 0.9700 -0.3550
v -11.1150 0.9700 -2.3350
f 15007 15008 15009 15010
v -12.0650 1.1700 -2.3350
v -11.1150 1.1700 -2.3350
v -11.1150 1.1700 -0.3550
v -12.0650 1.1700 -0.3550
f 15011 15012 15013 15014
v -12.0650 0.9700 -2.3350
v -11.1150 0.9700 -2.3350
v -11.1150 1.1700 -2.3350
v -12.0650 1.1700 -2.3350
f 15015 15016 15017 15018
v -11.1150 0.9700 -2.3350
v -11.1150 0.9700 -0.3550
v -11.1150 1.1700 -0.3550
v -11.1150 1.1700 -2.3350
f 15019 15020 15021 15022
v -11.1150 0.9700 -0.3550
v -12.0650 0.9700 -0.3550
v -12.0650 1.1700 -0.3550
v -11.1150 1.1700 -0.3550
f 15023 15024 15025 15026
v -12.0650 0.9700 -0.3550
v -12.0650 0.9700 -2.3350
v -12.0650 1.1700 -2.3350
v -12.0650 1.1700 -0.3550
f 15027 15028 15029 15030
g level_1_interior_blanket
usemtl blanket
v -12.0350 1.1800 -1.6900
v -12.0350 1.1800 -0.4400
v -11.1450 1.1800 -0.4400
v -11.1450 1.1800 -1.6900
f 15031 15032 15033 15034
v -12.0350 1.2150 -1.6900
v -11.1450 1.2150 -1.6900
v -11.1450 1.2150 -0.4400
v -12.0350 1.2150 -0.4400
f 15035 15036 15037 15038
v -12.0350 1.1800 -1.6900
v -11.1450 1.1800 -1.6900
v -11.1450 1.2150 -1.6900
v -12.0350 1.2150 -1.6900
f 15039 15040 15041 15042
v -11.1450 1.1800 -1.6900
v -11.1450 1.1800 -0.4400
v -11.1450 1.2150 -0.4400
v -11.1450 1.2150 -1.6900
f 15043 15044 15045 15046
v -11.1450 1.1800 -0.4400
v -12.0350 1.1800 -0.4400
v -12.0350 1.2150 -0.4400
v -11.1450 1.2150 -0.4400
f 15047 15048 15049 15050
v -12.0350 1.1800 -0.4400
v -12.0350 1.1800 -1.6900
v -12.0350 1.2150 -1.6900
v -12.0350 1.2150 -0.4400
f 15051 15052 15053 15054
g level_1_interior_pillow
usemtl pillow
v -11.9800 1.1850 -2.2500
v -11.9800 1.1850 -1.8300
v -11.1900 1.1850 -1.8300
v -11.1900 1.1850 -2.2500
f 15055 15056 15057 15058
v -11.9800 1.2750 -2.2500
v -11.1900 1.2750 -2.2500
v -11.1900 1.2750 -1.8300
v -11.9800 1.2750 -1.8300
f 15059 15060 15061 15062
v -11.9800 1.1850 -2.2500
v -11.1900 1.1850 -2.2500
v -11.1900 1.2750 -2.2500
v -11.9800 1.2750 -2.2500
f 15063 15064 15065 15066
v -11.1900 1.1850 -2.2500
v -11.1900 1.1850 -1.8300
v -11.1900 1.2750 -1.8300
v -11.1900 1.2750 -2.2500
f 15067 15068 15069 15070
v -11.1900 1.1850 -1.8300
v -11.9800 1.1850 -1.8300
v -11.9800 1.2750 -1.8300
v -11.1900 1.2750 -1.8300
f 15071 15072 15073 15074
v -11.9800 1.1850 -1.8300
v -11.9800 1.1850 -2.2500
v -11.9800 1.2750 -2.2500
v -11.9800 1.2750 -1.8300
f 15075 15076 15077 15078
g level_1_interior_headboard
usemtl furniture
v -12.1000 0.9000 -2.4200
v -12.1000 0.9000 -2.3200
v -11.0800 0.9000 -2.3200
v -11.0800 0.9000 -2.4200
f 15079 15080 15081 15082
v -12.1000 1.5500 -2.4200
v -11.0800 1.5500 -2.4200
v -11.0800 1.5500 -2.3200
v -12.1000 1.5500 -2.3200
f 15083 15084 15085 15086
v -12.1000 0.9000 -2.4200
v -11.0800 0.9000 -2.4200
v -11.0800 1.5500 -2.4200
v -12.1000 1.5500 -2.4200
f 15087 15088 15089 15090
v -11.0800 0.9000 -2.4200
v -11.0800 0.9000 -2.3200
v -11.0800 1.5500 -2.3200
v -11.0800 1.5500 -2.4200
f 15091 15092 15093 15094
v -11.0800 0.9000 -2.3200
v -12.1000 0.9000 -2.3200
v -12.1000 1.5500 -2.3200
v -11.0800 1.5500 -2.3200
f 15095 15096 15097 15098
v -12.1000 0.9000 -2.3200
v -12.1000 0.9000 -2.4200
v -12.1000 1.5500 -2.4200
v -12.1000 1.5500 -2.3200
f 15099 15100 15101 15102
g level_1_interior_cabinet
v -11.4000 0.5600 0.9000
v -11.4000 0.5600 1.7000
v -10.7500 0.5600 1.7000
v -10.7500 0.5600 0.9000
f 15103 15104 15105 15106
v -11.4000 1.3600 0.9000
v -10.7500 1.3600 0.9000
v -10.7500 1.3600 1.7000
v -11.4000 1.3600 1.7000
f 15107 15108 15109 15110
v -11.4000 0.5600 0.9000
v -10.7500 0.5600 0.9000
v -10.7500 1.3600 0.9000
v -11.4000 1.3600 0.9000
f 15111 15112 15113 15114
v -10.7500 0.5600 0.9000
v -10.7500 0.5600 1.7000
v -10.7500 1.3600 1.7000
v -10.7500 1.3600 0.9000
f 15115 15116 15117 15118
v -10.7500 0.5600 1.7000
v -11.4000 0.5600 1.7000
v -11.4000 1.3600 1.7000
v -10.7500 1.3600 1.7000
f 15119 15120 15121 15122
v -11.4000 0.5600 1.7000
v -11.4000 0.5600 0.9000
v -11.4000 1.3600 0.9000
v -11.4000 1.3600 1.7000
f 15123 15124 15125 15126
g level_1_interior_room_zone
usemtl room
v 10.6500 0.5100 -2.8500
v 10.6500 0.5100 1.8500
v 16.4500 0.5100 1.8500
v 16.4500 0.5100 -2.8500
f 15127 15128 15129 15130
v 10.6500 0.5550 -2.8500
v 16.4500 0.5550 -2.8500
v 16.4500 0.5550 1.8500
v 10.6500 0.5550 1.8500
f 15131 15132 15133 15134
v 10.6500 0.5100 -2.8500
v 16.4500 0.5100 -2.8500
v 16.4500 0.5550 -2.8500
v 10.6500 0.5550 -2.8500
f 15135 15136 15137 15138
v 16.4500 0.5100 -2.8500
v 16.4500 0.5100 1.8500
v 16.4500 0.5550 1.8500
v 16.4500 0.5550 -2.8500
f 15139 15140 15141 15142
v 16.4500 0.5100 1.8500
v 10.6500 0.5100 1.8500
v 10.6500 0.5550 1.8500
v 16.4500 0.5550 1.8500
f 15143 15144 15145 15146
v 10.6500 0.5100 1.8500
v 10.6500 0.5100 -2.8500
v 10.6500 0.5550 -2.8500
v 10.6500 0.5550 1.8500
f 15147 15148 15149 15150
g level_1_interior_schematic_partition
usemtl wall
v 10.6500 0.5550 -2.8500
v 10.6500 0.5550 1.8500
v 10.7500 0.5550 1.8500
v 10.7500 0.5550 -2.8500
f 15151 15152 15153 15154
v 10.6500 1.1750 -2.8500
v 10.7500 1.1750 -2.8500
v 10.7500 1.1750 1.8500
v 10.6500 1.1750 1.8500
f 15155 15156 15157 15158
v 10.6500 0.5550 -2.8500
v 10.7500 0.5550 -2.8500
v 10.7500 1.1750 -2.8500
v 10.6500 1.1750 -2.8500
f 15159 15160 15161 15162
v 10.7500 0.5550 -2.8500
v 10.7500 0.5550 1.8500
v 10.7500 1.1750 1.8500
v 10.7500 1.1750 -2.8500
f 15163 15164 15165 15166
v 10.7500 0.5550 1.8500
v 10.6500 0.5550 1.8500
v 10.6500 1.1750 1.8500
v 10.7500 1.1750 1.8500
f 15167 15168 15169 15170
v 10.6500 0.5550 1.8500
v 10.6500 0.5550 -2.8500
v 10.6500 1.1750 -2.8500
v 10.6500 1.1750 1.8500
f 15171 15172 15173 15174
v 10.6500 0.5550 -2.8500
v 10.6500 0.5550 -2.7500
v 16.4500 0.5550 -2.7500
v 16.4500 0.5550 -2.8500
f 15175 15176 15177 15178
v 10.6500 1.1750 -2.8500
v 16.4500 1.1750 -2.8500
v 16.4500 1.1750 -2.7500
v 10.6500 1.1750 -2.7500
f 15179 15180 15181 15182
v 10.6500 0.5550 -2.8500
v 16.4500 0.5550 -2.8500
v 16.4500 1.1750 -2.8500
v 10.6500 1.1750 -2.8500
f 15183 15184 15185 15186
v 16.4500 0.5550 -2.8500
v 16.4500 0.5550 -2.7500
v 16.4500 1.1750 -2.7500
v 16.4500 1.1750 -2.8500
f 15187 15188 15189 15190
v 16.4500 0.5550 -2.7500
v 10.6500 0.5550 -2.7500
v 10.6500 1.1750 -2.7500
v 16.4500 1.1750 -2.7500
f 15191 15192 15193 15194
v 10.6500 0.5550 -2.7500
v 10.6500 0.5550 -2.8500
v 10.6500 1.1750 -2.8500
v 10.6500 1.1750 -2.7500
f 15195 15196 15197 15198
g level_1_interior_bed_frame
usemtl furniture
v 11.0700 0.5500 -2.3700
v 11.0700 0.5500 -0.3200
v 12.0900 0.5500 -0.3200
v 12.0900 0.5500 -2.3700
f 15199 15200 15201 15202
v 11.0700 0.9700 -2.3700
v 12.0900 0.9700 -2.3700
v 12.0900 0.9700 -0.3200
v 11.0700 0.9700 -0.3200
f 15203 15204 15205 15206
v 11.0700 0.5500 -2.3700
v 12.0900 0.5500 -2.3700
v 12.0900 0.9700 -2.3700
v 11.0700 0.9700 -2.3700
f 15207 15208 15209 15210
v 12.0900 0.5500 -2.3700
v 12.0900 0.5500 -0.3200
v 12.0900 0.9700 -0.3200
v 12.0900 0.9700 -2.3700
f 15211 15212 15213 15214
v 12.0900 0.5500 -0.3200
v 11.0700 0.5500 -0.3200
v 11.0700 0.9700 -0.3200
v 12.0900 0.9700 -0.3200
f 15215 15216 15217 15218
v 11.0700 0.5500 -0.3200
v 11.0700 0.5500 -2.3700
v 11.0700 0.9700 -2.3700
v 11.0700 0.9700 -0.3200
f 15219 15220 15221 15222
g level_1_interior_bed_mattress
usemtl bed
v 11.1050 0.9700 -2.3350
v 11.1050 0.9700 -0.3550
v 12.0550 0.9700 -0.3550
v 12.0550 0.9700 -2.3350
f 15223 15224 15225 15226
v 11.1050 1.1700 -2.3350
v 12.0550 1.1700 -2.3350
v 12.0550 1.1700 -0.3550
v 11.1050 1.1700 -0.3550
f 15227 15228 15229 15230
v 11.1050 0.9700 -2.3350
v 12.0550 0.9700 -2.3350
v 12.0550 1.1700 -2.3350
v 11.1050 1.1700 -2.3350
f 15231 15232 15233 15234
v 12.0550 0.9700 -2.3350
v 12.0550 0.9700 -0.3550
v 12.0550 1.1700 -0.3550
v 12.0550 1.1700 -2.3350
f 15235 15236 15237 15238
v 12.0550 0.9700 -0.3550
v 11.1050 0.9700 -0.3550
v 11.1050 1.1700 -0.3550
v 12.0550 1.1700 -0.3550
f 15239 15240 15241 15242
v 11.1050 0.9700 -0.3550
v 11.1050 0.9700 -2.3350
v 11.1050 1.1700 -2.3350
v 11.1050 1.1700 -0.3550
f 15243 15244 15245 15246
g level_1_interior_blanket
usemtl blanket
v 11.1350 1.1800 -1.6900
v 11.1350 1.1800 -0.4400
v 12.0250 1.1800 -0.4400
v 12.0250 1.1800 -1.6900
f 15247 15248 15249 15250
v 11.1350 1.2150 -1.6900
v 12.0250 1.2150 -1.6900
v 12.0250 1.2150 -0.4400
v 11.1350 1.2150 -0.4400
f 15251 15252 15253 15254
v 11.1350 1.1800 -1.6900
v 12.0250 1.1800 -1.6900
v 12.0250 1.2150 -1.6900
v 11.1350 1.2150 -1.6900
f 15255 15256 15257 15258
v 12.0250 1.1800 -1.6900
v 12.0250 1.1800 -0.4400
v 12.0250 1.2150 -0.4400
v 12.0250 1.2150 -1.6900
f 15259 15260 15261 15262
v 12.0250 1.1800 -0.4400
v 11.1350 1.1800 -0.4400
v 11.1350 1.2150 -0.4400
v 12.0250 1.2150 -0.4400
f 15263 15264 15265 15266
v 11.1350 1.1800 -0.4400
v 11.1350 1.1800 -1.6900
v 11.1350 1.2150 -1.6900
v 11.1350 1.2150 -0.4400
f 15267 15268 15269 15270
g level_1_interior_pillow
usemtl pillow
v 11.1900 1.1850 -2.2500
v 11.1900 1.1850 -1.8300
v 11.9800 1.1850 -1.8300
v 11.9800 1.1850 -2.2500
f 15271 15272 15273 15274
v 11.1900 1.2750 -2.2500
v 11.9800 1.2750 -2.2500
v 11.9800 1.2750 -1.8300
v 11.1900 1.2750 -1.8300
f 15275 15276 15277 15278
v 11.1900 1.1850 -2.2500
v 11.9800 1.1850 -2.2500
v 11.9800 1.2750 -2.2500
v 11.1900 1.2750 -2.2500
f 15279 15280 15281 15282
v 11.9800 1.1850 -2.2500
v 11.9800 1.1850 -1.8300
v 11.9800 1.2750 -1.8300
v 11.9800 1.2750 -2.2500
f 15283 15284 15285 15286
v 11.9800 1.1850 -1.8300
v 11.1900 1.1850 -1.8300
v 11.1900 1.2750 -1.8300
v 11.9800 1.2750 -1.8300
f 15287 15288 15289 15290
v 11.1900 1.1850 -1.8300
v 11.1900 1.1850 -2.2500
v 11.1900 1.2750 -2.2500
v 11.1900 1.2750 -1.8300
f 15291 15292 15293 15294
g level_1_interior_headboard
usemtl furniture
v 11.0700 0.9000 -2.4200
v 11.0700 0.9000 -2.3200
v 12.0900 0.9000 -2.3200
v 12.0900 0.9000 -2.4200
f 15295 15296 15297 15298
v 11.0700 1.5500 -2.4200
v 12.0900 1.5500 -2.4200
v 12.0900 1.5500 -2.3200
v 11.0700 1.5500 -2.3200
f 15299 15300 15301 15302
v 11.0700 0.9000 -2.4200
v 12.0900 0.9000 -2.4200
v 12.0900 1.5500 -2.4200
v 11.0700 1.5500 -2.4200
f 15303 15304 15305 15306
v 12.0900 0.9000 -2.4200
v 12.0900 0.9000 -2.3200
v 12.0900 1.5500 -2.3200
v 12.0900 1.5500 -2.4200
f 15307 15308 15309 15310
v 12.0900 0.9000 -2.3200
v 11.0700 0.9000 -2.3200
v 11.0700 1.5500 -2.3200
v 12.0900 1.5500 -2.3200
f 15311 15312 15313 15314
v 11.0700 0.9000 -2.3200
v 11.0700 0.9000 -2.4200
v 11.0700 1.5500 -2.4200
v 11.0700 1.5500 -2.3200
f 15315 15316 15317 15318
g level_1_interior_bed_frame
v 15.0000 0.5500 -2.3700
v 15.0000 0.5500 -0.3200
v 16.0200 0.5500 -0.3200
v 16.0200 0.5500 -2.3700
f 15319 15320 15321 15322
v 15.0000 0.9700 -2.3700
v 16.0200 0.9700 -2.3700
v 16.0200 0.9700 -0.3200
v 15.0000 0.9700 -0.3200
f 15323 15324 15325 15326
v 15.0000 0.5500 -2.3700
v 16.0200 0.5500 -2.3700
v 16.0200 0.9700 -2.3700
v 15.0000 0.9700 -2.3700
f 15327 15328 15329 15330
v 16.0200 0.5500 -2.3700
v 16.0200 0.5500 -0.3200
v 16.0200 0.9700 -0.3200
v 16.0200 0.9700 -2.3700
f 15331 15332 15333 15334
v 16.0200 0.5500 -0.3200
v 15.0000 0.5500 -0.3200
v 15.0000 0.9700 -0.3200
v 16.0200 0.9700 -0.3200
f 15335 15336 15337 15338
v 15.0000 0.5500 -0.3200
v 15.0000 0.5500 -2.3700
v 15.0000 0.9700 -2.3700
v 15.0000 0.9700 -0.3200
f 15339 15340 15341 15342
g level_1_interior_bed_mattress
usemtl bed
v 15.0350 0.9700 -2.3350
v 15.0350 0.9700 -0.3550
v 15.9850 0.9700 -0.3550
v 15.9850 0.9700 -2.3350
f 15343 15344 15345 15346
v 15.0350 1.1700 -2.3350
v 15.9850 1.1700 -2.3350
v 15.9850 1.1700 -0.3550
v 15.0350 1.1700 -0.3550
f 15347 15348 15349 15350
v 15.0350 0.9700 -2.3350
v 15.9850 0.9700 -2.3350
v 15.9850 1.1700 -2.3350
v 15.0350 1.1700 -2.3350
f 15351 15352 15353 15354
v 15.9850 0.9700 -2.3350
v 15.9850 0.9700 -0.3550
v 15.9850 1.1700 -0.3550
v 15.9850 1.1700 -2.3350
f 15355 15356 15357 15358
v 15.9850 0.9700 -0.3550
v 15.0350 0.9700 -0.3550
v 15.0350 1.1700 -0.3550
v 15.9850 1.1700 -0.3550
f 15359 15360 15361 15362
v 15.0350 0.9700 -0.3550
v 15.0350 0.9700 -2.3350
v 15.0350 1.1700 -2.3350
v 15.0350 1.1700 -0.3550
f 15363 15364 15365 15366
g level_1_interior_blanket
usemtl blanket
v 15.0650 1.1800 -1.6900
v 15.0650 1.1800 -0.4400
v 15.9550 1.1800 -0.4400
v 15.9550 1.1800 -1.6900
f 15367 15368 15369 15370
v 15.0650 1.2150 -1.6900
v 15.9550 1.2150 -1.6900
v 15.9550 1.2150 -0.4400
v 15.0650 1.2150 -0.4400
f 15371 15372 15373 15374
v 15.0650 1.1800 -1.6900
v 15.9550 1.1800 -1.6900
v 15.9550 1.2150 -1.6900
v 15.0650 1.2150 -1.6900
f 15375 15376 15377 15378
v 15.9550 1.1800 -1.6900
v 15.9550 1.1800 -0.4400
v 15.9550 1.2150 -0.4400
v 15.9550 1.2150 -1.6900
f 15379 15380 15381 15382
v 15.9550 1.1800 -0.4400
v 15.0650 1.1800 -0.4400
v 15.0650 1.2150 -0.4400
v 15.9550 1.2150 -0.4400
f 15383 15384 15385 15386
v 15.0650 1.1800 -0.4400
v 15.0650 1.1800 -1.6900
v 15.0650 1.2150 -1.6900
v 15.0650 1.2150 -0.4400
f 15387 15388 15389 15390
g level_1_interior_pillow
usemtl pillow
v 15.1200 1.1850 -2.2500
v 15.1200 1.1850 -1.8300
v 15.9100 1.1850 -1.8300
v 15.9100 1.1850 -2.2500
f 15391 15392 15393 15394
v 15.1200 1.2750 -2.2500
v 15.9100 1.2750 -2.2500
v 15.9100 1.2750 -1.8300
v 15.1200 1.2750 -1.8300
f 15395 15396 15397 15398
v 15.1200 1.1850 -2.2500
v 15.9100 1.1850 -2.2500
v 15.9100 1.2750 -2.2500
v 15.1200 1.2750 -2.2500
f 15399 15400 15401 15402
v 15.9100 1.1850 -2.2500
v 15.9100 1.1850 -1.8300
v 15.9100 1.2750 -1.8300
v 15.9100 1.2750 -2.2500
f 15403 15404 15405 15406
v 15.9100 1.1850 -1.8300
v 15.1200 1.1850 -1.8300
v 15.1200 1.2750 -1.8300
v 15.9100 1.2750 -1.8300
f 15407 15408 15409 15410
v 15.1200 1.1850 -1.8300
v 15.1200 1.1850 -2.2500
v 15.1200 1.2750 -2.2500
v 15.1200 1.2750 -1.8300
f 15411 15412 15413 15414
g level_1_interior_headboard
usemtl furniture
v 15.0000 0.9000 -2.4200
v 15.0000 0.9000 -2.3200
v 16.0200 0.9000 -2.3200
v 16.0200 0.9000 -2.4200
f 15415 15416 15417 15418
v 15.0000 1.5500 -2.4200
v 16.0200 1.5500 -2.4200
v 16.0200 1.5500 -2.3200
v 15.0000 1.5500 -2.3200
f 15419 15420 15421 15422
v 15.0000 0.9000 -2.4200
v 16.0200 0.9000 -2.4200
v 16.0200 1.5500 -2.4200
v 15.0000 1.5500 -2.4200
f 15423 15424 15425 15426
v 16.0200 0.9000 -2.4200
v 16.0200 0.9000 -2.3200
v 16.0200 1.5500 -2.3200
v 16.0200 1.5500 -2.4200
f 15427 15428 15429 15430
v 16.0200 0.9000 -2.3200
v 15.0000 0.9000 -2.3200
v 15.0000 1.5500 -2.3200
v 16.0200 1.5500 -2.3200
f 15431 15432 15433 15434
v 15.0000 0.9000 -2.3200
v 15.0000 0.9000 -2.4200
v 15.0000 1.5500 -2.4200
v 15.0000 1.5500 -2.3200
f 15435 15436 15437 15438
g level_1_interior_cabinet
v 15.7000 0.5600 0.9000
v 15.7000 0.5600 1.7000
v 16.3500 0.5600 1.7000
v 16.3500 0.5600 0.9000
f 15439 15440 15441 15442
v 15.7000 1.3600 0.9000
v 16.3500 1.3600 0.9000
v 16.3500 1.3600 1.7000
v 15.7000 1.3600 1.7000
f 15443 15444 15445 15446
v 15.7000 0.5600 0.9000
v 16.3500 0.5600 0.9000
v 16.3500 1.3600 0.9000
v 15.7000 1.3600 0.9000
f 15447 15448 15449 15450
v 16.3500 0.5600 0.9000
v 16.3500 0.5600 1.7000
v 16.3500 1.3600 1.7000
v 16.3500 1.3600 0.9000
f 15451 15452 15453 15454
v 16.3500 0.5600 1.7000
v 15.7000 0.5600 1.7000
v 15.7000 1.3600 1.7000
v 16.3500 1.3600 1.7000
f 15455 15456 15457 15458
v 15.7000 0.5600 1.7000
v 15.7000 0.5600 0.9000
v 15.7000 1.3600 0.9000
v 15.7000 1.3600 1.7000
f 15459 15460 15461 15462
g level_2_interior_circulation
usemtl corridor
v -16.4950 4.1120 2.8500
v -16.4950 4.1120 12.4450
v 16.4950 4.1120 12.4450
v 16.4950 4.1120 2.8500
f 15463 15464 15465 15466
v -16.4950 4.1420 2.8500
v 16.4950 4.1420 2.8500
v 16.4950 4.1420 12.4450
v -16.4950 4.1420 12.4450
f 15467 15468 15469 15470
v -16.4950 4.1120 2.8500
v 16.4950 4.1120 2.8500
v 16.4950 4.1420 2.8500
v -16.4950 4.1420 2.8500
f 15471 15472 15473 15474
v 16.4950 4.1120 2.8500
v 16.4950 4.1120 12.4450
v 16.4950 4.1420 12.4450
v 16.4950 4.1420 2.8500
f 15475 15476 15477 15478
v 16.4950 4.1120 12.4450
v -16.4950 4.1120 12.4450
v -16.4950 4.1420 12.4450
v 16.4950 4.1420 12.4450
f 15479 15480 15481 15482
v -16.4950 4.1120 12.4450
v -16.4950 4.1120 2.8500
v -16.4950 4.1420 2.8500
v -16.4950 4.1420 12.4450
f 15483 15484 15485 15486
v -16.4950 4.1120 -12.4450
v -16.4950 4.1120 2.2500
v -8.9450 4.1120 2.2500
v -8.9450 4.1120 -12.4450
f 15487 15488 15489 15490
v -16.4950 4.1420 -12.4450
v -8.9450 4.1420 -12.4450
v -8.9450 4.1420 2.2500
v -16.4950 4.1420 2.2500
f 15491 15492 15493 15494
v -16.4950 4.1120 -12.4450
v -8.9450 4.1120 -12.4450
v -8.9450 4.1420 -12.4450
v -16.4950 4.1420 -12.4450
f 15495 15496 15497 15498
v -8.9450 4.1120 -12.4450
v -8.9450 4.1120 2.2500
v -8.9450 4.1420 2.2500
v -8.9450 4.1420 -12.4450
f 15499 15500 15501 15502
v -8.9450 4.1120 2.2500
v -16.4950 4.1120 2.2500
v -16.4950 4.1420 2.2500
v -8.9450 4.1420 2.2500
f 15503 15504 15505 15506
v -16.4950 4.1120 2.2500
v -16.4950 4.1120 -12.4450
v -16.4950 4.1420 -12.4450
v -16.4950 4.1420 2.2500
f 15507 15508 15509 15510
v 8.9450 4.1120 -12.4450
v 8.9450 4.1120 2.2500
v 16.4950 4.1120 2.2500
v 16.4950 4.1120 -12.4450
f 15511 15512 15513 15514
v 8.9450 4.1420 -12.4450
v 16.4950 4.1420 -12.4450
v 16.4950 4.1420 2.2500
v 8.9450 4.1420 2.2500
f 15515 15516 15517 15518
v 8.9450 4.1120 -12.4450
v 16.4950 4.1120 -12.4450
v 16.4950 4.1420 -12.4450
v 8.9450 4.1420 -12.4450
f 15519 15520 15521 15522
v 16.4950 4.1120 -12.4450
v 16.4950 4.1120 2.2500
v 16.4950 4.1420 2.2500
v 16.4950 4.1420 -12.4450
f 15523 15524 15525 15526
v 16.4950 4.1120 2.2500
v 8.9450 4.1120 2.2500
v 8.9450 4.1420 2.2500
v 16.4950 4.1420 2.2500
f 15527 15528 15529 15530
v 8.9450 4.1120 2.2500
v 8.9450 4.1120 -12.4450
v 8.9450 4.1420 -12.4450
v 8.9450 4.1420 2.2500
f 15531 15532 15533 15534
g level_2_interior_room_zone
usemtl room
v -12.0000 4.1100 6.0000
v -12.0000 4.1100 12.3000
v -8.0000 4.1100 12.3000
v -8.0000 4.1100 6.0000
f 15535 15536 15537 15538
v -12.0000 4.1550 6.0000
v -8.0000 4.1550 6.0000
v -8.0000 4.1550 12.3000
v -12.0000 4.1550 12.3000
f 15539 15540 15541 15542
v -12.0000 4.1100 6.0000
v -8.0000 4.1100 6.0000
v -8.0000 4.1550 6.0000
v -12.0000 4.1550 6.0000
f 15543 15544 15545 15546
v -8.0000 4.1100 6.0000
v -8.0000 4.1100 12.3000
v -8.0000 4.1550 12.3000
v -8.0000 4.1550 6.0000
f 15547 15548 15549 15550
v -8.0000 4.1100 12.3000
v -12.0000 4.1100 12.3000
v -12.0000 4.1550 12.3000
v -8.0000 4.1550 12.3000
f 15551 15552 15553 15554
v -12.0000 4.1100 12.3000
v -12.0000 4.1100 6.0000
v -12.0000 4.1550 6.0000
v -12.0000 4.1550 12.3000
f 15555 15556 15557 15558
g level_2_interior_schematic_partition
usemtl wall
v -12.0000 4.1550 6.0000
v -12.0000 4.1550 12.3000
v -11.9000 4.1550 12.3000
v -11.9000 4.1550 6.0000
f 15559 15560 15561 15562
v -12.0000 4.7750 6.0000
v -11.9000 4.7750 6.0000
v -11.9000 4.7750 12.3000
v -12.0000 4.7750 12.3000
f 15563 15564 15565 15566
v -12.0000 4.1550 6.0000
v -11.9000 4.1550 6.0000
v -11.9000 4.7750 6.0000
v -12.0000 4.7750 6.0000
f 15567 15568 15569 15570
v -11.9000 4.1550 6.0000
v -11.9000 4.1550 12.3000
v -11.9000 4.7750 12.3000
v -11.9000 4.7750 6.0000
f 15571 15572 15573 15574
v -11.9000 4.1550 12.3000
v -12.0000 4.1550 12.3000
v -12.0000 4.7750 12.3000
v -11.9000 4.7750 12.3000
f 15575 15576 15577 15578
v -12.0000 4.1550 12.3000
v -12.0000 4.1550 6.0000
v -12.0000 4.7750 6.0000
v -12.0000 4.7750 12.3000
f 15579 15580 15581 15582
v -12.0000 4.1550 6.0000
v -12.0000 4.1550 6.1000
v -8.0000 4.1550 6.1000
v -8.0000 4.1550 6.0000
f 15583 15584 15585 15586
v -12.0000 4.7750 6.0000
v -8.0000 4.7750 6.0000
v -8.0000 4.7750 6.1000
v -12.0000 4.7750 6.1000
f 15587 15588 15589 15590
v -12.0000 4.1550 6.0000
v -8.0000 4.1550 6.0000
v -8.0000 4.7750 6.0000
v -12.0000 4.7750 6.0000
f 15591 15592 15593 15594
v -8.0000 4.1550 6.0000
v -8.0000 4.1550 6.1000
v -8.0000 4.7750 6.1000
v -8.0000 4.7750 6.0000
f 15595 15596 15597 15598
v -8.0000 4.1550 6.1000
v -12.0000 4.1550 6.1000
v -12.0000 4.7750 6.1000
v -8.0000 4.7750 6.1000
f 15599 15600 15601 15602
v -12.0000 4.1550 6.1000
v -12.0000 4.1550 6.0000
v -12.0000 4.7750 6.0000
v -12.0000 4.7750 6.1000
f 15603 15604 15605 15606
g level_2_interior_bed_frame
usemtl furniture
v -11.5800 4.1500 6.4800
v -11.5800 4.1500 8.5300
v -10.5600 4.1500 8.5300
v -10.5600 4.1500 6.4800
f 15607 15608 15609 15610
v -11.5800 4.5700 6.4800
v -10.5600 4.5700 6.4800
v -10.5600 4.5700 8.5300
v -11.5800 4.5700 8.5300
f 15611 15612 15613 15614
v -11.5800 4.1500 6.4800
v -10.5600 4.1500 6.4800
v -10.5600 4.5700 6.4800
v -11.5800 4.5700 6.4800
f 15615 15616 15617 15618
v -10.5600 4.1500 6.4800
v -10.5600 4.1500 8.5300
v -10.5600 4.5700 8.5300
v -10.5600 4.5700 6.4800
f 15619 15620 15621 15622
v -10.5600 4.1500 8.5300
v -11.5800 4.1500 8.5300
v -11.5800 4.5700 8.5300
v -10.5600 4.5700 8.5300
f 15623 15624 15625 15626
v -11.5800 4.1500 8.5300
v -11.5800 4.1500 6.4800
v -11.5800 4.5700 6.4800
v -11.5800 4.5700 8.5300
f 15627 15628 15629 15630
g level_2_interior_bed_mattress
usemtl bed
v -11.5450 4.5700 6.5150
v -11.5450 4.5700 8.4950
v -10.5950 4.5700 8.4950
v -10.5950 4.5700 6.5150
f 15631 15632 15633 15634
v -11.5450 4.7700 6.5150
v -10.5950 4.7700 6.5150
v -10.5950 4.7700 8.4950
v -11.5450 4.7700 8.4950
f 15635 15636 15637 15638
v -11.5450 4.5700 6.5150
v -10.5950 4.5700 6.5150
v -10.5950 4.7700 6.5150
v -11.5450 4.7700 6.5150
f 15639 15640 15641 15642
v -10.5950 4.5700 6.5150
v -10.5950 4.5700 8.4950
v -10.5950 4.7700 8.4950
v -10.5950 4.7700 6.5150
f 15643 15644 15645 15646
v -10.5950 4.5700 8.4950
v -11.5450 4.5700 8.4950
v -11.5450 4.7700 8.4950
v -10.5950 4.7700 8.4950
f 15647 15648 15649 15650
v -11.5450 4.5700 8.4950
v -11.5450 4.5700 6.5150
v -11.5450 4.7700 6.5150
v -11.5450 4.7700 8.4950
f 15651 15652 15653 15654
g level_2_interior_blanket
usemtl blanket
v -11.5150 4.7800 7.1600
v -11.5150 4.7800 8.4100
v -10.6250 4.7800 8.4100
v -10.6250 4.7800 7.1600
f 15655 15656 15657 15658
v -11.5150 4.8150 7.1600
v -10.6250 4.8150 7.1600
v -10.6250 4.8150 8.4100
v -11.5150 4.8150 8.4100
f 15659 15660 15661 15662
v -11.5150 4.7800 7.1600
v -10.6250 4.7800 7.1600
v -10.6250 4.8150 7.1600
v -11.5150 4.8150 7.1600
f 15663 15664 15665 15666
v -10.6250 4.7800 7.1600
v -10.6250 4.7800 8.4100
v -10.6250 4.8150 8.4100
v -10.6250 4.8150 7.1600
f 15667 15668 15669 15670
v -10.6250 4.7800 8.4100
v -11.5150 4.7800 8.4100
v -11.5150 4.8150 8.4100
v -10.6250 4.8150 8.4100
f 15671 15672 15673 15674
v -11.5150 4.7800 8.4100
v -11.5150 4.7800 7.1600
v -11.5150 4.8150 7.1600
v -11.5150 4.8150 8.4100
f 15675 15676 15677 15678
g level_2_interior_pillow
usemtl pillow
v -11.4600 4.7850 6.6000
v -11.4600 4.7850 7.0200
v -10.6700 4.7850 7.0200
v -10.6700 4.7850 6.6000
f 15679 15680 15681 15682
v -11.4600 4.8750 6.6000
v -10.6700 4.8750 6.6000
v -10.6700 4.8750 7.0200
v -11.4600 4.8750 7.0200
f 15683 15684 15685 15686
v -11.4600 4.7850 6.6000
v -10.6700 4.7850 6.6000
v -10.6700 4.8750 6.6000
v -11.4600 4.8750 6.6000
f 15687 15688 15689 15690
v -10.6700 4.7850 6.6000
v -10.6700 4.7850 7.0200
v -10.6700 4.8750 7.0200
v -10.6700 4.8750 6.6000
f 15691 15692 15693 15694
v -10.6700 4.7850 7.0200
v -11.4600 4.7850 7.0200
v -11.4600 4.8750 7.0200
v -10.6700 4.8750 7.0200
f 15695 15696 15697 15698
v -11.4600 4.7850 7.0200
v -11.4600 4.7850 6.6000
v -11.4600 4.8750 6.6000
v -11.4600 4.8750 7.0200
f 15699 15700 15701 15702
g level_2_interior_headboard
usemtl furniture
v -11.5800 4.5000 6.4300
v -11.5800 4.5000 6.5300
v -10.5600 4.5000 6.5300
v -10.5600 4.5000 6.4300
f 15703 15704 15705 15706
v -11.5800 5.1500 6.4300
v -10.5600 5.1500 6.4300
v -10.5600 5.1500 6.5300
v -11.5800 5.1500 6.5300
f 15707 15708 15709 15710
v -11.5800 4.5000 6.4300
v -10.5600 4.5000 6.4300
v -10.5600 5.1500 6.4300
v -11.5800 5.1500 6.4300
f 15711 15712 15713 15714
v -10.5600 4.5000 6.4300
v -10.5600 4.5000 6.5300
v -10.5600 5.1500 6.5300
v -10.5600 5.1500 6.4300
f 15715 15716 15717 15718
v -10.5600 4.5000 6.5300
v -11.5800 4.5000 6.5300
v -11.5800 5.1500 6.5300
v -10.5600 5.1500 6.5300
f 15719 15720 15721 15722
v -11.5800 4.5000 6.5300
v -11.5800 4.5000 6.4300
v -11.5800 5.1500 6.4300
v -11.5800 5.1500 6.5300
f 15723 15724 15725 15726
g level_2_interior_bed_frame
v -9.4500 4.1500 6.4800
v -9.4500 4.1500 8.5300
v -8.4300 4.1500 8.5300
v -8.4300 4.1500 6.4800
f 15727 15728 15729 15730
v -9.4500 4.5700 6.4800
v -8.4300 4.5700 6.4800
v -8.4300 4.5700 8.5300
v -9.4500 4.5700 8.5300
f 15731 15732 15733 15734
v -9.4500 4.1500 6.4800
v -8.4300 4.1500 6.4800
v -8.4300 4.5700 6.4800
v -9.4500 4.5700 6.4800
f 15735 15736 15737 15738
v -8.4300 4.1500 6.4800
v -8.4300 4.1500 8.5300
v -8.4300 4.5700 8.5300
v -8.4300 4.5700 6.4800
f 15739 15740 15741 15742
v -8.4300 4.1500 8.5300
v -9.4500 4.1500 8.5300
v -9.4500 4.5700 8.5300
v -8.4300 4.5700 8.5300
f 15743 15744 15745 15746
v -9.4500 4.1500 8.5300
v -9.4500 4.1500 6.4800
v -9.4500 4.5700 6.4800
v -9.4500 4.5700 8.5300
f 15747 15748 15749 15750
g level_2_interior_bed_mattress
usemtl bed
v -9.4150 4.5700 6.5150
v -9.4150 4.5700 8.4950
v -8.4650 4.5700 8.4950
v -8.4650 4.5700 6.5150
f 15751 15752 15753 15754
v -9.4150 4.7700 6.5150
v -8.4650 4.7700 6.5150
v -8.4650 4.7700 8.4950
v -9.4150 4.7700 8.4950
f 15755 15756 15757 15758
v -9.4150 4.5700 6.5150
v -8.4650 4.5700 6.5150
v -8.4650 4.7700 6.5150
v -9.4150 4.7700 6.5150
f 15759 15760 15761 15762
v -8.4650 4.5700 6.5150
v -8.4650 4.5700 8.4950
v -8.4650 4.7700 8.4950
v -8.4650 4.7700 6.5150
f 15763 15764 15765 15766
v -8.4650 4.5700 8.4950
v -9.4150 4.5700 8.4950
v -9.4150 4.7700 8.4950
v -8.4650 4.7700 8.4950
f 15767 15768 15769 15770
v -9.4150 4.5700 8.4950
v -9.4150 4.5700 6.5150
v -9.4150 4.7700 6.5150
v -9.4150 4.7700 8.4950
f 15771 15772 15773 15774
g level_2_interior_blanket
usemtl blanket
v -9.3850 4.7800 7.1600
v -9.3850 4.7800 8.4100
v -8.4950 4.7800 8.4100
v -8.4950 4.7800 7.1600
f 15775 15776 15777 15778
v -9.3850 4.8150 7.1600
v -8.4950 4.8150 7.1600
v -8.4950 4.8150 8.4100
v -9.3850 4.8150 8.4100
f 15779 15780 15781 15782
v -9.3850 4.7800 7.1600
v -8.4950 4.7800 7.1600
v -8.4950 4.8150 7.1600
v -9.3850 4.8150 7.1600
f 15783 15784 15785 15786
v -8.4950 4.7800 7.1600
v -8.4950 4.7800 8.4100
v -8.4950 4.8150 8.4100
v -8.4950 4.8150 7.1600
f 15787 15788 15789 15790
v -8.4950 4.7800 8.4100
v -9.3850 4.7800 8.4100
v -9.3850 4.8150 8.4100
v -8.4950 4.8150 8.4100
f 15791 15792 15793 15794
v -9.3850 4.7800 8.4100
v -9.3850 4.7800 7.1600
v -9.3850 4.8150 7.1600
v -9.3850 4.8150 8.4100
f 15795 15796 15797 15798
g level_2_interior_pillow
usemtl pillow
v -9.3300 4.7850 6.6000
v -9.3300 4.7850 7.0200
v -8.5400 4.7850 7.0200
v -8.5400 4.7850 6.6000
f 15799 15800 15801 15802
v -9.3300 4.8750 6.6000
v -8.5400 4.8750 6.6000
v -8.5400 4.8750 7.0200
v -9.3300 4.8750 7.0200
f 15803 15804 15805 15806
v -9.3300 4.7850 6.6000
v -8.5400 4.7850 6.6000
v -8.5400 4.8750 6.6000
v -9.3300 4.8750 6.6000
f 15807 15808 15809 15810
v -8.5400 4.7850 6.6000
v -8.5400 4.7850 7.0200
v -8.5400 4.8750 7.0200
v -8.5400 4.8750 6.6000
f 15811 15812 15813 15814
v -8.5400 4.7850 7.0200
v -9.3300 4.7850 7.0200
v -9.3300 4.8750 7.0200
v -8.5400 4.8750 7.0200
f 15815 15816 15817 15818
v -9.3300 4.7850 7.0200
v -9.3300 4.7850 6.6000
v -9.3300 4.8750 6.6000
v -9.3300 4.8750 7.0200
f 15819 15820 15821 15822
g level_2_interior_headboard
usemtl furniture
v -9.4500 4.5000 6.4300
v -9.4500 4.5000 6.5300
v -8.4300 4.5000 6.5300
v -8.4300 4.5000 6.4300
f 15823 15824 15825 15826
v -9.4500 5.1500 6.4300
v -8.4300 5.1500 6.4300
v -8.4300 5.1500 6.5300
v -9.4500 5.1500 6.5300
f 15827 15828 15829 15830
v -9.4500 4.5000 6.4300
v -8.4300 4.5000 6.4300
v -8.4300 5.1500 6.4300
v -9.4500 5.1500 6.4300
f 15831 15832 15833 15834
v -8.4300 4.5000 6.4300
v -8.4300 4.5000 6.5300
v -8.4300 5.1500 6.5300
v -8.4300 5.1500 6.4300
f 15835 15836 15837 15838
v -8.4300 4.5000 6.5300
v -9.4500 4.5000 6.5300
v -9.4500 5.1500 6.5300
v -8.4300 5.1500 6.5300
f 15839 15840 15841 15842
v -9.4500 4.5000 6.5300
v -9.4500 4.5000 6.4300
v -9.4500 5.1500 6.4300
v -9.4500 5.1500 6.5300
f 15843 15844 15845 15846
g level_2_interior_cabinet
v -8.7500 4.1600 11.3500
v -8.7500 4.1600 12.1500
v -8.1000 4.1600 12.1500
v -8.1000 4.1600 11.3500
f 15847 15848 15849 15850
v -8.7500 4.9600 11.3500
v -8.1000 4.9600 11.3500
v -8.1000 4.9600 12.1500
v -8.7500 4.9600 12.1500
f 15851 15852 15853 15854
v -8.7500 4.1600 11.3500
v -8.1000 4.1600 11.3500
v -8.1000 4.9600 11.3500
v -8.7500 4.9600 11.3500
f 15855 15856 15857 15858
v -8.1000 4.1600 11.3500
v -8.1000 4.1600 12.1500
v -8.1000 4.9600 12.1500
v -8.1000 4.9600 11.3500
f 15859 15860 15861 15862
v -8.1000 4.1600 12.1500
v -8.7500 4.1600 12.1500
v -8.7500 4.9600 12.1500
v -8.1000 4.9600 12.1500
f 15863 15864 15865 15866
v -8.7500 4.1600 12.1500
v -8.7500 4.1600 11.3500
v -8.7500 4.9600 11.3500
v -8.7500 4.9600 12.1500
f 15867 15868 15869 15870
g level_2_interior_room_zone
usemtl room
v -8.0000 4.1100 6.0000
v -8.0000 4.1100 12.3000
v -4.0000 4.1100 12.3000
v -4.0000 4.1100 6.0000
f 15871 15872 15873 15874
v -8.0000 4.1550 6.0000
v -4.0000 4.1550 6.0000
v -4.0000 4.1550 12.3000
v -8.0000 4.1550 12.3000
f 15875 15876 15877 15878
v -8.0000 4.1100 6.0000
v -4.0000 4.1100 6.0000
v -4.0000 4.1550 6.0000
v -8.0000 4.1550 6.0000
f 15879 15880 15881 15882
v -4.0000 4.1100 6.0000
v -4.0000 4.1100 12.3000
v -4.0000 4.1550 12.3000
v -4.0000 4.1550 6.0000
f 15883 15884 15885 15886
v -4.0000 4.1100 12.3000
v -8.0000 4.1100 12.3000
v -8.0000 4.1550 12.3000
v -4.0000 4.1550 12.3000
f 15887 15888 15889 15890
v -8.0000 4.1100 12.3000
v -8.0000 4.1100 6.0000
v -8.0000 4.1550 6.0000
v -8.0000 4.1550 12.3000
f 15891 15892 15893 15894
g level_2_interior_schematic_partition
usemtl wall
v -8.0000 4.1550 6.0000
v -8.0000 4.1550 12.3000
v -7.9000 4.1550 12.3000
v -7.9000 4.1550 6.0000
f 15895 15896 15897 15898
v -8.0000 4.7750 6.0000
v -7.9000 4.7750 6.0000
v -7.9000 4.7750 12.3000
v -8.0000 4.7750 12.3000
f 15899 15900 15901 15902
v -8.0000 4.1550 6.0000
v -7.9000 4.1550 6.0000
v -7.9000 4.7750 6.0000
v -8.0000 4.7750 6.0000
f 15903 15904 15905 15906
v -7.9000 4.1550 6.0000
v -7.9000 4.1550 12.3000
v -7.9000 4.7750 12.3000
v -7.9000 4.7750 6.0000
f 15907 15908 15909 15910
v -7.9000 4.1550 12.3000
v -8.0000 4.1550 12.3000
v -8.0000 4.7750 12.3000
v -7.9000 4.7750 12.3000
f 15911 15912 15913 15914
v -8.0000 4.1550 12.3000
v -8.0000 4.1550 6.0000
v -8.0000 4.7750 6.0000
v -8.0000 4.7750 12.3000
f 15915 15916 15917 15918
v -8.0000 4.1550 6.0000
v -8.0000 4.1550 6.1000
v -4.0000 4.1550 6.1000
v -4.0000 4.1550 6.0000
f 15919 15920 15921 15922
v -8.0000 4.7750 6.0000
v -4.0000 4.7750 6.0000
v -4.0000 4.7750 6.1000
v -8.0000 4.7750 6.1000
f 15923 15924 15925 15926
v -8.0000 4.1550 6.0000
v -4.0000 4.1550 6.0000
v -4.0000 4.7750 6.0000
v -8.0000 4.7750 6.0000
f 15927 15928 15929 15930
v -4.0000 4.1550 6.0000
v -4.0000 4.1550 6.1000
v -4.0000 4.7750 6.1000
v -4.0000 4.7750 6.0000
f 15931 15932 15933 15934
v -4.0000 4.1550 6.1000
v -8.0000 4.1550 6.1000
v -8.0000 4.7750 6.1000
v -4.0000 4.7750 6.1000
f 15935 15936 15937 15938
v -8.0000 4.1550 6.1000
v -8.0000 4.1550 6.0000
v -8.0000 4.7750 6.0000
v -8.0000 4.7750 6.1000
f 15939 15940 15941 15942
g level_2_interior_bed_frame
usemtl furniture
v -7.5800 4.1500 6.4800
v -7.5800 4.1500 8.5300
v -6.5600 4.1500 8.5300
v -6.5600 4.1500 6.4800
f 15943 15944 15945 15946
v -7.5800 4.5700 6.4800
v -6.5600 4.5700 6.4800
v -6.5600 4.5700 8.5300
v -7.5800 4.5700 8.5300
f 15947 15948 15949 15950
v -7.5800 4.1500 6.4800
v -6.5600 4.1500 6.4800
v -6.5600 4.5700 6.4800
v -7.5800 4.5700 6.4800
f 15951 15952 15953 15954
v -6.5600 4.1500 6.4800
v -6.5600 4.1500 8.5300
v -6.5600 4.5700 8.5300
v -6.5600 4.5700 6.4800
f 15955 15956 15957 15958
v -6.5600 4.1500 8.5300
v -7.5800 4.1500 8.5300
v -7.5800 4.5700 8.5300
v -6.5600 4.5700 8.5300
f 15959 15960 15961 15962
v -7.5800 4.1500 8.5300
v -7.5800 4.1500 6.4800
v -7.5800 4.5700 6.4800
v -7.5800 4.5700 8.5300
f 15963 15964 15965 15966
g level_2_interior_bed_mattress
usemtl bed
v -7.5450 4.5700 6.5150
v -7.5450 4.5700 8.4950
v -6.5950 4.5700 8.4950
v -6.5950 4.5700 6.5150
f 15967 15968 15969 15970
v -7.5450 4.7700 6.5150
v -6.5950 4.7700 6.5150
v -6.5950 4.7700 8.4950
v -7.5450 4.7700 8.4950
f 15971 15972 15973 15974
v -7.5450 4.5700 6.5150
v -6.5950 4.5700 6.5150
v -6.5950 4.7700 6.5150
v -7.5450 4.7700 6.5150
f 15975 15976 15977 15978
v -6.5950 4.5700 6.5150
v -6.5950 4.5700 8.4950
v -6.5950 4.7700 8.4950
v -6.5950 4.7700 6.5150
f 15979 15980 15981 15982
v -6.5950 4.5700 8.4950
v -7.5450 4.5700 8.4950
v -7.5450 4.7700 8.4950
v -6.5950 4.7700 8.4950
f 15983 15984 15985 15986
v -7.5450 4.5700 8.4950
v -7.5450 4.5700 6.5150
v -7.5450 4.7700 6.5150
v -7.5450 4.7700 8.4950
f 15987 15988 15989 15990
g level_2_interior_blanket
usemtl blanket
v -7.5150 4.7800 7.1600
v -7.5150 4.7800 8.4100
v -6.6250 4.7800 8.4100
v -6.6250 4.7800 7.1600
f 15991 15992 15993 15994
v -7.5150 4.8150 7.1600
v -6.6250 4.8150 7.1600
v -6.6250 4.8150 8.4100
v -7.5150 4.8150 8.4100
f 15995 15996 15997 15998
v -7.5150 4.7800 7.1600
v -6.6250 4.7800 7.1600
v -6.6250 4.8150 7.1600
v -7.5150 4.8150 7.1600
f 15999 16000 16001 16002
v -6.6250 4.7800 7.1600
v -6.6250 4.7800 8.4100
v -6.6250 4.8150 8.4100
v -6.6250 4.8150 7.1600
f 16003 16004 16005 16006
v -6.6250 4.7800 8.4100
v -7.5150 4.7800 8.4100
v -7.5150 4.8150 8.4100
v -6.6250 4.8150 8.4100
f 16007 16008 16009 16010
v -7.5150 4.7800 8.4100
v -7.5150 4.7800 7.1600
v -7.5150 4.8150 7.1600
v -7.5150 4.8150 8.4100
f 16011 16012 16013 16014
g level_2_interior_pillow
usemtl pillow
v -7.4600 4.7850 6.6000
v -7.4600 4.7850 7.0200
v -6.6700 4.7850 7.0200
v -6.6700 4.7850 6.6000
f 16015 16016 16017 16018
v -7.4600 4.8750 6.6000
v -6.6700 4.8750 6.6000
v -6.6700 4.8750 7.0200
v -7.4600 4.8750 7.0200
f 16019 16020 16021 16022
v -7.4600 4.7850 6.6000
v -6.6700 4.7850 6.6000
v -6.6700 4.8750 6.6000
v -7.4600 4.8750 6.6000
f 16023 16024 16025 16026
v -6.6700 4.7850 6.6000
v -6.6700 4.7850 7.0200
v -6.6700 4.8750 7.0200
v -6.6700 4.8750 6.6000
f 16027 16028 16029 16030
v -6.6700 4.7850 7.0200
v -7.4600 4.7850 7.0200
v -7.4600 4.8750 7.0200
v -6.6700 4.8750 7.0200
f 16031 16032 16033 16034
v -7.4600 4.7850 7.0200
v -7.4600 4.7850 6.6000
v -7.4600 4.8750 6.6000
v -7.4600 4.8750 7.0200
f 16035 16036 16037 16038
g level_2_interior_headboard
usemtl furniture
v -7.5800 4.5000 6.4300
v -7.5800 4.5000 6.5300
v -6.5600 4.5000 6.5300
v -6.5600 4.5000 6.4300
f 16039 16040 16041 16042
v -7.5800 5.1500 6.4300
v -6.5600 5.1500 6.4300
v -6.5600 5.1500 6.5300
v -7.5800 5.1500 6.5300
f 16043 16044 16045 16046
v -7.5800 4.5000 6.4300
v -6.5600 4.5000 6.4300
v -6.5600 5.1500 6.4300
v -7.5800 5.1500 6.4300
f 16047 16048 16049 16050
v -6.5600 4.5000 6.4300
v -6.5600 4.5000 6.5300
v -6.5600 5.1500 6.5300
v -6.5600 5.1500 6.4300
f 16051 16052 16053 16054
v -6.5600 4.5000 6.5300
v -7.5800 4.5000 6.5300
v -7.5800 5.1500 6.5300
v -6.5600 5.1500 6.5300
f 16055 16056 16057 16058
v -7.5800 4.5000 6.5300
v -7.5800 4.5000 6.4300
v -7.5800 5.1500 6.4300
v -7.5800 5.1500 6.5300
f 16059 16060 16061 16062
g level_2_interior_bed_frame
v -5.4500 4.1500 6.4800
v -5.4500 4.1500 8.5300
v -4.4300 4.1500 8.5300
v -4.4300 4.1500 6.4800
f 16063 16064 16065 16066
v -5.4500 4.5700 6.4800
v -4.4300 4.5700 6.4800
v -4.4300 4.5700 8.5300
v -5.4500 4.5700 8.5300
f 16067 16068 16069 16070
v -5.4500 4.1500 6.4800
v -4.4300 4.1500 6.4800
v -4.4300 4.5700 6.4800
v -5.4500 4.5700 6.4800
f 16071 16072 16073 16074
v -4.4300 4.1500 6.4800
v -4.4300 4.1500 8.5300
v -4.4300 4.5700 8.5300
v -4.4300 4.5700 6.4800
f 16075 16076 16077 16078
v -4.4300 4.1500 8.5300
v -5.4500 4.1500 8.5300
v -5.4500 4.5700 8.5300
v -4.4300 4.5700 8.5300
f 16079 16080 16081 16082
v -5.4500 4.1500 8.5300
v -5.4500 4.1500 6.4800
v -5.4500 4.5700 6.4800
v -5.4500 4.5700 8.5300
f 16083 16084 16085 16086
g level_2_interior_bed_mattress
usemtl bed
v -5.4150 4.5700 6.5150
v -5.4150 4.5700 8.4950
v -4.4650 4.5700 8.4950
v -4.4650 4.5700 6.5150
f 16087 16088 16089 16090
v -5.4150 4.7700 6.5150
v -4.4650 4.7700 6.5150
v -4.4650 4.7700 8.4950
v -5.4150 4.7700 8.4950
f 16091 16092 16093 16094
v -5.4150 4.5700 6.5150
v -4.4650 4.5700 6.5150
v -4.4650 4.7700 6.5150
v -5.4150 4.7700 6.5150
f 16095 16096 16097 16098
v -4.4650 4.5700 6.5150
v -4.4650 4.5700 8.4950
v -4.4650 4.7700 8.4950
v -4.4650 4.7700 6.5150
f 16099 16100 16101 16102
v -4.4650 4.5700 8.4950
v -5.4150 4.5700 8.4950
v -5.4150 4.7700 8.4950
v -4.4650 4.7700 8.4950
f 16103 16104 16105 16106
v -5.4150 4.5700 8.4950
v -5.4150 4.5700 6.5150
v -5.4150 4.7700 6.5150
v -5.4150 4.7700 8.4950
f 16107 16108 16109 16110
g level_2_interior_blanket
usemtl blanket
v -5.3850 4.7800 7.1600
v -5.3850 4.7800 8.4100
v -4.4950 4.7800 8.4100
v -4.4950 4.7800 7.1600
f 16111 16112 16113 16114
v -5.3850 4.8150 7.1600
v -4.4950 4.8150 7.1600
v -4.4950 4.8150 8.4100
v -5.3850 4.8150 8.4100
f 16115 16116 16117 16118
v -5.3850 4.7800 7.1600
v -4.4950 4.7800 7.1600
v -4.4950 4.8150 7.1600
v -5.3850 4.8150 7.1600
f 16119 16120 16121 16122
v -4.4950 4.7800 7.1600
v -4.4950 4.7800 8.4100
v -4.4950 4.8150 8.4100
v -4.4950 4.8150 7.1600
f 16123 16124 16125 16126
v -4.4950 4.7800 8.4100
v -5.3850 4.7800 8.4100
v -5.3850 4.8150 8.4100
v -4.4950 4.8150 8.4100
f 16127 16128 16129 16130
v -5.3850 4.7800 8.4100
v -5.3850 4.7800 7.1600
v -5.3850 4.8150 7.1600
v -5.3850 4.8150 8.4100
f 16131 16132 16133 16134
g level_2_interior_pillow
usemtl pillow
v -5.3300 4.7850 6.6000
v -5.3300 4.7850 7.0200
v -4.5400 4.7850 7.0200
v -4.5400 4.7850 6.6000
f 16135 16136 16137 16138
v -5.3300 4.8750 6.6000
v -4.5400 4.8750 6.6000
v -4.5400 4.8750 7.0200
v -5.3300 4.8750 7.0200
f 16139 16140 16141 16142
v -5.3300 4.7850 6.6000
v -4.5400 4.7850 6.6000
v -4.5400 4.8750 6.6000
v -5.3300 4.8750 6.6000
f 16143 16144 16145 16146
v -4.5400 4.7850 6.6000
v -4.5400 4.7850 7.0200
v -4.5400 4.8750 7.0200
v -4.5400 4.8750 6.6000
f 16147 16148 16149 16150
v -4.5400 4.7850 7.0200
v -5.3300 4.7850 7.0200
v -5.3300 4.8750 7.0200
v -4.5400 4.8750 7.0200
f 16151 16152 16153 16154
v -5.3300 4.7850 7.0200
v -5.3300 4.7850 6.6000
v -5.3300 4.8750 6.6000
v -5.3300 4.8750 7.0200
f 16155 16156 16157 16158
g level_2_interior_headboard
usemtl furniture
v -5.4500 4.5000 6.4300
v -5.4500 4.5000 6.5300
v -4.4300 4.5000 6.5300
v -4.4300 4.5000 6.4300
f 16159 16160 16161 16162
v -5.4500 5.1500 6.4300
v -4.4300 5.1500 6.4300
v -4.4300 5.1500 6.5300
v -5.4500 5.1500 6.5300
f 16163 16164 16165 16166
v -5.4500 4.5000 6.4300
v -4.4300 4.5000 6.4300
v -4.4300 5.1500 6.4300
v -5.4500 5.1500 6.4300
f 16167 16168 16169 16170
v -4.4300 4.5000 6.4300
v -4.4300 4.5000 6.5300
v -4.4300 5.1500 6.5300
v -4.4300 5.1500 6.4300
f 16171 16172 16173 16174
v -4.4300 4.5000 6.5300
v -5.4500 4.5000 6.5300
v -5.4500 5.1500 6.5300
v -4.4300 5.1500 6.5300
f 16175 16176 16177 16178
v -5.4500 4.5000 6.5300
v -5.4500 4.5000 6.4300
v -5.4500 5.1500 6.4300
v -5.4500 5.1500 6.5300
f 16179 16180 16181 16182
g level_2_interior_cabinet
v -4.7500 4.1600 11.3500
v -4.7500 4.1600 12.1500
v -4.1000 4.1600 12.1500
v -4.1000 4.1600 11.3500
f 16183 16184 16185 16186
v -4.7500 4.9600 11.3500
v -4.1000 4.9600 11.3500
v -4.1000 4.9600 12.1500
v -4.7500 4.9600 12.1500
f 16187 16188 16189 16190
v -4.7500 4.1600 11.3500
v -4.1000 4.1600 11.3500
v -4.1000 4.9600 11.3500
v -4.7500 4.9600 11.3500
f 16191 16192 16193 16194
v -4.1000 4.1600 11.3500
v -4.1000 4.1600 12.1500
v -4.1000 4.9600 12.1500
v -4.1000 4.9600 11.3500
f 16195 16196 16197 16198
v -4.1000 4.1600 12.1500
v -4.7500 4.1600 12.1500
v -4.7500 4.9600 12.1500
v -4.1000 4.9600 12.1500
f 16199 16200 16201 16202
v -4.7500 4.1600 12.1500
v -4.7500 4.1600 11.3500
v -4.7500 4.9600 11.3500
v -4.7500 4.9600 12.1500
f 16203 16204 16205 16206
g level_2_interior_room_zone
usemtl room
v -4.0000 4.1100 6.0000
v -4.0000 4.1100 12.3000
v 0.0000 4.1100 12.3000
v 0.0000 4.1100 6.0000
f 16207 16208 16209 16210
v -4.0000 4.1550 6.0000
v 0.0000 4.1550 6.0000
v 0.0000 4.1550 12.3000
v -4.0000 4.1550 12.3000
f 16211 16212 16213 16214
v -4.0000 4.1100 6.0000
v 0.0000 4.1100 6.0000
v 0.0000 4.1550 6.0000
v -4.0000 4.1550 6.0000
f 16215 16216 16217 16218
v 0.0000 4.1100 6.0000
v 0.0000 4.1100 12.3000
v 0.0000 4.1550 12.3000
v 0.0000 4.1550 6.0000
f 16219 16220 16221 16222
v 0.0000 4.1100 12.3000
v -4.0000 4.1100 12.3000
v -4.0000 4.1550 12.3000
v 0.0000 4.1550 12.3000
f 16223 16224 16225 16226
v -4.0000 4.1100 12.3000
v -4.0000 4.1100 6.0000
v -4.0000 4.1550 6.0000
v -4.0000 4.1550 12.3000
f 16227 16228 16229 16230
g level_2_interior_schematic_partition
usemtl wall
v -4.0000 4.1550 6.0000
v -4.0000 4.1550 12.3000
v -3.9000 4.1550 12.3000
v -3.9000 4.1550 6.0000
f 16231 16232 16233 16234
v -4.0000 4.7750 6.0000
v -3.9000 4.7750 6.0000
v -3.9000 4.7750 12.3000
v -4.0000 4.7750 12.3000
f 16235 16236 16237 16238
v -4.0000 4.1550 6.0000
v -3.9000 4.1550 6.0000
v -3.9000 4.7750 6.0000
v -4.0000 4.7750 6.0000
f 16239 16240 16241 16242
v -3.9000 4.1550 6.0000
v -3.9000 4.1550 12.3000
v -3.9000 4.7750 12.3000
v -3.9000 4.7750 6.0000
f 16243 16244 16245 16246
v -3.9000 4.1550 12.3000
v -4.0000 4.1550 12.3000
v -4.0000 4.7750 12.3000
v -3.9000 4.7750 12.3000
f 16247 16248 16249 16250
v -4.0000 4.1550 12.3000
v -4.0000 4.1550 6.0000
v -4.0000 4.7750 6.0000
v -4.0000 4.7750 12.3000
f 16251 16252 16253 16254
v -4.0000 4.1550 6.0000
v -4.0000 4.1550 6.1000
v 0.0000 4.1550 6.1000
v 0.0000 4.1550 6.0000
f 16255 16256 16257 16258
v -4.0000 4.7750 6.0000
v 0.0000 4.7750 6.0000
v 0.0000 4.7750 6.1000
v -4.0000 4.7750 6.1000
f 16259 16260 16261 16262
v -4.0000 4.1550 6.0000
v 0.0000 4.1550 6.0000
v 0.0000 4.7750 6.0000
v -4.0000 4.7750 6.0000
f 16263 16264 16265 16266
v 0.0000 4.1550 6.0000
v 0.0000 4.1550 6.1000
v 0.0000 4.7750 6.1000
v 0.0000 4.7750 6.0000
f 16267 16268 16269 16270
v 0.0000 4.1550 6.1000
v -4.0000 4.1550 6.1000
v -4.0000 4.7750 6.1000
v 0.0000 4.7750 6.1000
f 16271 16272 16273 16274
v -4.0000 4.1550 6.1000
v -4.0000 4.1550 6.0000
v -4.0000 4.7750 6.0000
v -4.0000 4.7750 6.1000
f 16275 16276 16277 16278
g level_2_interior_bed_frame
usemtl furniture
v -3.5800 4.1500 6.4800
v -3.5800 4.1500 8.5300
v -2.5600 4.1500 8.5300
v -2.5600 4.1500 6.4800
f 16279 16280 16281 16282
v -3.5800 4.5700 6.4800
v -2.5600 4.5700 6.4800
v -2.5600 4.5700 8.5300
v -3.5800 4.5700 8.5300
f 16283 16284 16285 16286
v -3.5800 4.1500 6.4800
v -2.5600 4.1500 6.4800
v -2.5600 4.5700 6.4800
v -3.5800 4.5700 6.4800
f 16287 16288 16289 16290
v -2.5600 4.1500 6.4800
v -2.5600 4.1500 8.5300
v -2.5600 4.5700 8.5300
v -2.5600 4.5700 6.4800
f 16291 16292 16293 16294
v -2.5600 4.1500 8.5300
v -3.5800 4.1500 8.5300
v -3.5800 4.5700 8.5300
v -2.5600 4.5700 8.5300
f 16295 16296 16297 16298
v -3.5800 4.1500 8.5300
v -3.5800 4.1500 6.4800
v -3.5800 4.5700 6.4800
v -3.5800 4.5700 8.5300
f 16299 16300 16301 16302
g level_2_interior_bed_mattress
usemtl bed
v -3.5450 4.5700 6.5150
v -3.5450 4.5700 8.4950
v -2.5950 4.5700 8.4950
v -2.5950 4.5700 6.5150
f 16303 16304 16305 16306
v -3.5450 4.7700 6.5150
v -2.5950 4.7700 6.5150
v -2.5950 4.7700 8.4950
v -3.5450 4.7700 8.4950
f 16307 16308 16309 16310
v -3.5450 4.5700 6.5150
v -2.5950 4.5700 6.5150
v -2.5950 4.7700 6.5150
v -3.5450 4.7700 6.5150
f 16311 16312 16313 16314
v -2.5950 4.5700 6.5150
v -2.5950 4.5700 8.4950
v -2.5950 4.7700 8.4950
v -2.5950 4.7700 6.5150
f 16315 16316 16317 16318
v -2.5950 4.5700 8.4950
v -3.5450 4.5700 8.4950
v -3.5450 4.7700 8.4950
v -2.5950 4.7700 8.4950
f 16319 16320 16321 16322
v -3.5450 4.5700 8.4950
v -3.5450 4.5700 6.5150
v -3.5450 4.7700 6.5150
v -3.5450 4.7700 8.4950
f 16323 16324 16325 16326
g level_2_interior_blanket
usemtl blanket
v -3.5150 4.7800 7.1600
v -3.5150 4.7800 8.4100
v -2.6250 4.7800 8.4100
v -2.6250 4.7800 7.1600
f 16327 16328 16329 16330
v -3.5150 4.8150 7.1600
v -2.6250 4.8150 7.1600
v -2.6250 4.8150 8.4100
v -3.5150 4.8150 8.4100
f 16331 16332 16333 16334
v -3.5150 4.7800 7.1600
v -2.6250 4.7800 7.1600
v -2.6250 4.8150 7.1600
v -3.5150 4.8150 7.1600
f 16335 16336 16337 16338
v -2.6250 4.7800 7.1600
v -2.6250 4.7800 8.4100
v -2.6250 4.8150 8.4100
v -2.6250 4.8150 7.1600
f 16339 16340 16341 16342
v -2.6250 4.7800 8.4100
v -3.5150 4.7800 8.4100
v -3.5150 4.8150 8.4100
v -2.6250 4.8150 8.4100
f 16343 16344 16345 16346
v -3.5150 4.7800 8.4100
v -3.5150 4.7800 7.1600
v -3.5150 4.8150 7.1600
v -3.5150 4.8150 8.4100
f 16347 16348 16349 16350
g level_2_interior_pillow
usemtl pillow
v -3.4600 4.7850 6.6000
v -3.4600 4.7850 7.0200
v -2.6700 4.7850 7.0200
v -2.6700 4.7850 6.6000
f 16351 16352 16353 16354
v -3.4600 4.8750 6.6000
v -2.6700 4.8750 6.6000
v -2.6700 4.8750 7.0200
v -3.4600 4.8750 7.0200
f 16355 16356 16357 16358
v -3.4600 4.7850 6.6000
v -2.6700 4.7850 6.6000
v -2.6700 4.8750 6.6000
v -3.4600 4.8750 6.6000
f 16359 16360 16361 16362
v -2.6700 4.7850 6.6000
v -2.6700 4.7850 7.0200
v -2.6700 4.8750 7.0200
v -2.6700 4.8750 6.6000
f 16363 16364 16365 16366
v -2.6700 4.7850 7.0200
v -3.4600 4.7850 7.0200
v -3.4600 4.8750 7.0200
v -2.6700 4.8750 7.0200
f 16367 16368 16369 16370
v -3.4600 4.7850 7.0200
v -3.4600 4.7850 6.6000
v -3.4600 4.8750 6.6000
v -3.4600 4.8750 7.0200
f 16371 16372 16373 16374
g level_2_interior_headboard
usemtl furniture
v -3.5800 4.5000 6.4300
v -3.5800 4.5000 6.5300
v -2.5600 4.5000 6.5300
v -2.5600 4.5000 6.4300
f 16375 16376 16377 16378
v -3.5800 5.1500 6.4300
v -2.5600 5.1500 6.4300
v -2.5600 5.1500 6.5300
v -3.5800 5.1500 6.5300
f 16379 16380 16381 16382
v -3.5800 4.5000 6.4300
v -2.5600 4.5000 6.4300
v -2.5600 5.1500 6.4300
v -3.5800 5.1500 6.4300
f 16383 16384 16385 16386
v -2.5600 4.5000 6.4300
v -2.5600 4.5000 6.5300
v -2.5600 5.1500 6.5300
v -2.5600 5.1500 6.4300
f 16387 16388 16389 16390
v -2.5600 4.5000 6.5300
v -3.5800 4.5000 6.5300
v -3.5800 5.1500 6.5300
v -2.5600 5.1500 6.5300
f 16391 16392 16393 16394
v -3.5800 4.5000 6.5300
v -3.5800 4.5000 6.4300
v -3.5800 5.1500 6.4300
v -3.5800 5.1500 6.5300
f 16395 16396 16397 16398
g level_2_interior_bed_frame
v -1.4500 4.1500 6.4800
v -1.4500 4.1500 8.5300
v -0.4300 4.1500 8.5300
v -0.4300 4.1500 6.4800
f 16399 16400 16401 16402
v -1.4500 4.5700 6.4800
v -0.4300 4.5700 6.4800
v -0.4300 4.5700 8.5300
v -1.4500 4.5700 8.5300
f 16403 16404 16405 16406
v -1.4500 4.1500 6.4800
v -0.4300 4.1500 6.4800
v -0.4300 4.5700 6.4800
v -1.4500 4.5700 6.4800
f 16407 16408 16409 16410
v -0.4300 4.1500 6.4800
v -0.4300 4.1500 8.5300
v -0.4300 4.5700 8.5300
v -0.4300 4.5700 6.4800
f 16411 16412 16413 16414
v -0.4300 4.1500 8.5300
v -1.4500 4.1500 8.5300
v -1.4500 4.5700 8.5300
v -0.4300 4.5700 8.5300
f 16415 16416 16417 16418
v -1.4500 4.1500 8.5300
v -1.4500 4.1500 6.4800
v -1.4500 4.5700 6.4800
v -1.4500 4.5700 8.5300
f 16419 16420 16421 16422
g level_2_interior_bed_mattress
usemtl bed
v -1.4150 4.5700 6.5150
v -1.4150 4.5700 8.4950
v -0.4650 4.5700 8.4950
v -0.4650 4.5700 6.5150
f 16423 16424 16425 16426
v -1.4150 4.7700 6.5150
v -0.4650 4.7700 6.5150
v -0.4650 4.7700 8.4950
v -1.4150 4.7700 8.4950
f 16427 16428 16429 16430
v -1.4150 4.5700 6.5150
v -0.4650 4.5700 6.5150
v -0.4650 4.7700 6.5150
v -1.4150 4.7700 6.5150
f 16431 16432 16433 16434
v -0.4650 4.5700 6.5150
v -0.4650 4.5700 8.4950
v -0.4650 4.7700 8.4950
v -0.4650 4.7700 6.5150
f 16435 16436 16437 16438
v -0.4650 4.5700 8.4950
v -1.4150 4.5700 8.4950
v -1.4150 4.7700 8.4950
v -0.4650 4.7700 8.4950
f 16439 16440 16441 16442
v -1.4150 4.5700 8.4950
v -1.4150 4.5700 6.5150
v -1.4150 4.7700 6.5150
v -1.4150 4.7700 8.4950
f 16443 16444 16445 16446
g level_2_interior_blanket
usemtl blanket
v -1.3850 4.7800 7.1600
v -1.3850 4.7800 8.4100
v -0.4950 4.7800 8.4100
v -0.4950 4.7800 7.1600
f 16447 16448 16449 16450
v -1.3850 4.8150 7.1600
v -0.4950 4.8150 7.1600
v -0.4950 4.8150 8.4100
v -1.3850 4.8150 8.4100
f 16451 16452 16453 16454
v -1.3850 4.7800 7.1600
v -0.4950 4.7800 7.1600
v -0.4950 4.8150 7.1600
v -1.3850 4.8150 7.1600
f 16455 16456 16457 16458
v -0.4950 4.7800 7.1600
v -0.4950 4.7800 8.4100
v -0.4950 4.8150 8.4100
v -0.4950 4.8150 7.1600
f 16459 16460 16461 16462
v -0.4950 4.7800 8.4100
v -1.3850 4.7800 8.4100
v -1.3850 4.8150 8.4100
v -0.4950 4.8150 8.4100
f 16463 16464 16465 16466
v -1.3850 4.7800 8.4100
v -1.3850 4.7800 7.1600
v -1.3850 4.8150 7.1600
v -1.3850 4.8150 8.4100
f 16467 16468 16469 16470
g level_2_interior_pillow
usemtl pillow
v -1.3300 4.7850 6.6000
v -1.3300 4.7850 7.0200
v -0.5400 4.7850 7.0200
v -0.5400 4.7850 6.6000
f 16471 16472 16473 16474
v -1.3300 4.8750 6.6000
v -0.5400 4.8750 6.6000
v -0.5400 4.8750 7.0200
v -1.3300 4.8750 7.0200
f 16475 16476 16477 16478
v -1.3300 4.7850 6.6000
v -0.5400 4.7850 6.6000
v -0.5400 4.8750 6.6000
v -1.3300 4.8750 6.6000
f 16479 16480 16481 16482
v -0.5400 4.7850 6.6000
v -0.5400 4.7850 7.0200
v -0.5400 4.8750 7.0200
v -0.5400 4.8750 6.6000
f 16483 16484 16485 16486
v -0.5400 4.7850 7.0200
v -1.3300 4.7850 7.0200
v -1.3300 4.8750 7.0200
v -0.5400 4.8750 7.0200
f 16487 16488 16489 16490
v -1.3300 4.7850 7.0200
v -1.3300 4.7850 6.6000
v -1.3300 4.8750 6.6000
v -1.3300 4.8750 7.0200
f 16491 16492 16493 16494
g level_2_interior_headboard
usemtl furniture
v -1.4500 4.5000 6.4300
v -1.4500 4.5000 6.5300
v -0.4300 4.5000 6.5300
v -0.4300 4.5000 6.4300
f 16495 16496 16497 16498
v -1.4500 5.1500 6.4300
v -0.4300 5.1500 6.4300
v -0.4300 5.1500 6.5300
v -1.4500 5.1500 6.5300
f 16499 16500 16501 16502
v -1.4500 4.5000 6.4300
v -0.4300 4.5000 6.4300
v -0.4300 5.1500 6.4300
v -1.4500 5.1500 6.4300
f 16503 16504 16505 16506
v -0.4300 4.5000 6.4300
v -0.4300 4.5000 6.5300
v -0.4300 5.1500 6.5300
v -0.4300 5.1500 6.4300
f 16507 16508 16509 16510
v -0.4300 4.5000 6.5300
v -1.4500 4.5000 6.5300
v -1.4500 5.1500 6.5300
v -0.4300 5.1500 6.5300
f 16511 16512 16513 16514
v -1.4500 4.5000 6.5300
v -1.4500 4.5000 6.4300
v -1.4500 5.1500 6.4300
v -1.4500 5.1500 6.5300
f 16515 16516 16517 16518
g level_2_interior_cabinet
v -0.7500 4.1600 11.3500
v -0.7500 4.1600 12.1500
v -0.1000 4.1600 12.1500
v -0.1000 4.1600 11.3500
f 16519 16520 16521 16522
v -0.7500 4.9600 11.3500
v -0.1000 4.9600 11.3500
v -0.1000 4.9600 12.1500
v -0.7500 4.9600 12.1500
f 16523 16524 16525 16526
v -0.7500 4.1600 11.3500
v -0.1000 4.1600 11.3500
v -0.1000 4.9600 11.3500
v -0.7500 4.9600 11.3500
f 16527 16528 16529 16530
v -0.1000 4.1600 11.3500
v -0.1000 4.1600 12.1500
v -0.1000 4.9600 12.1500
v -0.1000 4.9600 11.3500
f 16531 16532 16533 16534
v -0.1000 4.1600 12.1500
v -0.7500 4.1600 12.1500
v -0.7500 4.9600 12.1500
v -0.1000 4.9600 12.1500
f 16535 16536 16537 16538
v -0.7500 4.1600 12.1500
v -0.7500 4.1600 11.3500
v -0.7500 4.9600 11.3500
v -0.7500 4.9600 12.1500
f 16539 16540 16541 16542
g level_2_interior_room_zone
usemtl room
v 0.0000 4.1100 6.0000
v 0.0000 4.1100 12.3000
v 4.0000 4.1100 12.3000
v 4.0000 4.1100 6.0000
f 16543 16544 16545 16546
v 0.0000 4.1550 6.0000
v 4.0000 4.1550 6.0000
v 4.0000 4.1550 12.3000
v 0.0000 4.1550 12.3000
f 16547 16548 16549 16550
v 0.0000 4.1100 6.0000
v 4.0000 4.1100 6.0000
v 4.0000 4.1550 6.0000
v 0.0000 4.1550 6.0000
f 16551 16552 16553 16554
v 4.0000 4.1100 6.0000
v 4.0000 4.1100 12.3000
v 4.0000 4.1550 12.3000
v 4.0000 4.1550 6.0000
f 16555 16556 16557 16558
v 4.0000 4.1100 12.3000
v 0.0000 4.1100 12.3000
v 0.0000 4.1550 12.3000
v 4.0000 4.1550 12.3000
f 16559 16560 16561 16562
v 0.0000 4.1100 12.3000
v 0.0000 4.1100 6.0000
v 0.0000 4.1550 6.0000
v 0.0000 4.1550 12.3000
f 16563 16564 16565 16566
g level_2_interior_schematic_partition
usemtl wall
v 0.0000 4.1550 6.0000
v 0.0000 4.1550 12.3000
v 0.1000 4.1550 12.3000
v 0.1000 4.1550 6.0000
f 16567 16568 16569 16570
v 0.0000 4.7750 6.0000
v 0.1000 4.7750 6.0000
v 0.1000 4.7750 12.3000
v 0.0000 4.7750 12.3000
f 16571 16572 16573 16574
v 0.0000 4.1550 6.0000
v 0.1000 4.1550 6.0000
v 0.1000 4.7750 6.0000
v 0.0000 4.7750 6.0000
f 16575 16576 16577 16578
v 0.1000 4.1550 6.0000
v 0.1000 4.1550 12.3000
v 0.1000 4.7750 12.3000
v 0.1000 4.7750 6.0000
f 16579 16580 16581 16582
v 0.1000 4.1550 12.3000
v 0.0000 4.1550 12.3000
v 0.0000 4.7750 12.3000
v 0.1000 4.7750 12.3000
f 16583 16584 16585 16586
v 0.0000 4.1550 12.3000
v 0.0000 4.1550 6.0000
v 0.0000 4.7750 6.0000
v 0.0000 4.7750 12.3000
f 16587 16588 16589 16590
v 0.0000 4.1550 6.0000
v 0.0000 4.1550 6.1000
v 4.0000 4.1550 6.1000
v 4.0000 4.1550 6.0000
f 16591 16592 16593 16594
v 0.0000 4.7750 6.0000
v 4.0000 4.7750 6.0000
v 4.0000 4.7750 6.1000
v 0.0000 4.7750 6.1000
f 16595 16596 16597 16598
v 0.0000 4.1550 6.0000
v 4.0000 4.1550 6.0000
v 4.0000 4.7750 6.0000
v 0.0000 4.7750 6.0000
f 16599 16600 16601 16602
v 4.0000 4.1550 6.0000
v 4.0000 4.1550 6.1000
v 4.0000 4.7750 6.1000
v 4.0000 4.7750 6.0000
f 16603 16604 16605 16606
v 4.0000 4.1550 6.1000
v 0.0000 4.1550 6.1000
v 0.0000 4.7750 6.1000
v 4.0000 4.7750 6.1000
f 16607 16608 16609 16610
v 0.0000 4.1550 6.1000
v 0.0000 4.1550 6.0000
v 0.0000 4.7750 6.0000
v 0.0000 4.7750 6.1000
f 16611 16612 16613 16614
g level_2_interior_bed_frame
usemtl furniture
v 0.4200 4.1500 6.4800
v 0.4200 4.1500 8.5300
v 1.4400 4.1500 8.5300
v 1.4400 4.1500 6.4800
f 16615 16616 16617 16618
v 0.4200 4.5700 6.4800
v 1.4400 4.5700 6.4800
v 1.4400 4.5700 8.5300
v 0.4200 4.5700 8.5300
f 16619 16620 16621 16622
v 0.4200 4.1500 6.4800
v 1.4400 4.1500 6.4800
v 1.4400 4.5700 6.4800
v 0.4200 4.5700 6.4800
f 16623 16624 16625 16626
v 1.4400 4.1500 6.4800
v 1.4400 4.1500 8.5300
v 1.4400 4.5700 8.5300
v 1.4400 4.5700 6.4800
f 16627 16628 16629 16630
v 1.4400 4.1500 8.5300
v 0.4200 4.1500 8.5300
v 0.4200 4.5700 8.5300
v 1.4400 4.5700 8.5300
f 16631 16632 16633 16634
v 0.4200 4.1500 8.5300
v 0.4200 4.1500 6.4800
v 0.4200 4.5700 6.4800
v 0.4200 4.5700 8.5300
f 16635 16636 16637 16638
g level_2_interior_bed_mattress
usemtl bed
v 0.4550 4.5700 6.5150
v 0.4550 4.5700 8.4950
v 1.4050 4.5700 8.4950
v 1.4050 4.5700 6.5150
f 16639 16640 16641 16642
v 0.4550 4.7700 6.5150
v 1.4050 4.7700 6.5150
v 1.4050 4.7700 8.4950
v 0.4550 4.7700 8.4950
f 16643 16644 16645 16646
v 0.4550 4.5700 6.5150
v 1.4050 4.5700 6.5150
v 1.4050 4.7700 6.5150
v 0.4550 4.7700 6.5150
f 16647 16648 16649 16650
v 1.4050 4.5700 6.5150
v 1.4050 4.5700 8.4950
v 1.4050 4.7700 8.4950
v 1.4050 4.7700 6.5150
f 16651 16652 16653 16654
v 1.4050 4.5700 8.4950
v 0.4550 4.5700 8.4950
v 0.4550 4.7700 8.4950
v 1.4050 4.7700 8.4950
f 16655 16656 16657 16658
v 0.4550 4.5700 8.4950
v 0.4550 4.5700 6.5150
v 0.4550 4.7700 6.5150
v 0.4550 4.7700 8.4950
f 16659 16660 16661 16662
g level_2_interior_blanket
usemtl blanket
v 0.4850 4.7800 7.1600
v 0.4850 4.7800 8.4100
v 1.3750 4.7800 8.4100
v 1.3750 4.7800 7.1600
f 16663 16664 16665 16666
v 0.4850 4.8150 7.1600
v 1.3750 4.8150 7.1600
v 1.3750 4.8150 8.4100
v 0.4850 4.8150 8.4100
f 16667 16668 16669 16670
v 0.4850 4.7800 7.1600
v 1.3750 4.7800 7.1600
v 1.3750 4.8150 7.1600
v 0.4850 4.8150 7.1600
f 16671 16672 16673 16674
v 1.3750 4.7800 7.1600
v 1.3750 4.7800 8.4100
v 1.3750 4.8150 8.4100
v 1.3750 4.8150 7.1600
f 16675 16676 16677 16678
v 1.3750 4.7800 8.4100
v 0.4850 4.7800 8.4100
v 0.4850 4.8150 8.4100
v 1.3750 4.8150 8.4100
f 16679 16680 16681 16682
v 0.4850 4.7800 8.4100
v 0.4850 4.7800 7.1600
v 0.4850 4.8150 7.1600
v 0.4850 4.8150 8.4100
f 16683 16684 16685 16686
g level_2_interior_pillow
usemtl pillow
v 0.5400 4.7850 6.6000
v 0.5400 4.7850 7.0200
v 1.3300 4.7850 7.0200
v 1.3300 4.7850 6.6000
f 16687 16688 16689 16690
v 0.5400 4.8750 6.6000
v 1.3300 4.8750 6.6000
v 1.3300 4.8750 7.0200
v 0.5400 4.8750 7.0200
f 16691 16692 16693 16694
v 0.5400 4.7850 6.6000
v 1.3300 4.7850 6.6000
v 1.3300 4.8750 6.6000
v 0.5400 4.8750 6.6000
f 16695 16696 16697 16698
v 1.3300 4.7850 6.6000
v 1.3300 4.7850 7.0200
v 1.3300 4.8750 7.0200
v 1.3300 4.8750 6.6000
f 16699 16700 16701 16702
v 1.3300 4.7850 7.0200
v 0.5400 4.7850 7.0200
v 0.5400 4.8750 7.0200
v 1.3300 4.8750 7.0200
f 16703 16704 16705 16706
v 0.5400 4.7850 7.0200
v 0.5400 4.7850 6.6000
v 0.5400 4.8750 6.6000
v 0.5400 4.8750 7.0200
f 16707 16708 16709 16710
g level_2_interior_headboard
usemtl furniture
v 0.4200 4.5000 6.4300
v 0.4200 4.5000 6.5300
v 1.4400 4.5000 6.5300
v 1.4400 4.5000 6.4300
f 16711 16712 16713 16714
v 0.4200 5.1500 6.4300
v 1.4400 5.1500 6.4300
v 1.4400 5.1500 6.5300
v 0.4200 5.1500 6.5300
f 16715 16716 16717 16718
v 0.4200 4.5000 6.4300
v 1.4400 4.5000 6.4300
v 1.4400 5.1500 6.4300
v 0.4200 5.1500 6.4300
f 16719 16720 16721 16722
v 1.4400 4.5000 6.4300
v 1.4400 4.5000 6.5300
v 1.4400 5.1500 6.5300
v 1.4400 5.1500 6.4300
f 16723 16724 16725 16726
v 1.4400 4.5000 6.5300
v 0.4200 4.5000 6.5300
v 0.4200 5.1500 6.5300
v 1.4400 5.1500 6.5300
f 16727 16728 16729 16730
v 0.4200 4.5000 6.5300
v 0.4200 4.5000 6.4300
v 0.4200 5.1500 6.4300
v 0.4200 5.1500 6.5300
f 16731 16732 16733 16734
g level_2_interior_bed_frame
v 2.5500 4.1500 6.4800
v 2.5500 4.1500 8.5300
v 3.5700 4.1500 8.5300
v 3.5700 4.1500 6.4800
f 16735 16736 16737 16738
v 2.5500 4.5700 6.4800
v 3.5700 4.5700 6.4800
v 3.5700 4.5700 8.5300
v 2.5500 4.5700 8.5300
f 16739 16740 16741 16742
v 2.5500 4.1500 6.4800
v 3.5700 4.1500 6.4800
v 3.5700 4.5700 6.4800
v 2.5500 4.5700 6.4800
f 16743 16744 16745 16746
v 3.5700 4.1500 6.4800
v 3.5700 4.1500 8.5300
v 3.5700 4.5700 8.5300
v 3.5700 4.5700 6.4800
f 16747 16748 16749 16750
v 3.5700 4.1500 8.5300
v 2.5500 4.1500 8.5300
v 2.5500 4.5700 8.5300
v 3.5700 4.5700 8.5300
f 16751 16752 16753 16754
v 2.5500 4.1500 8.5300
v 2.5500 4.1500 6.4800
v 2.5500 4.5700 6.4800
v 2.5500 4.5700 8.5300
f 16755 16756 16757 16758
g level_2_interior_bed_mattress
usemtl bed
v 2.5850 4.5700 6.5150
v 2.5850 4.5700 8.4950
v 3.5350 4.5700 8.4950
v 3.5350 4.5700 6.5150
f 16759 16760 16761 16762
v 2.5850 4.7700 6.5150
v 3.5350 4.7700 6.5150
v 3.5350 4.7700 8.4950
v 2.5850 4.7700 8.4950
f 16763 16764 16765 16766
v 2.5850 4.5700 6.5150
v 3.5350 4.5700 6.5150
v 3.5350 4.7700 6.5150
v 2.5850 4.7700 6.5150
f 16767 16768 16769 16770
v 3.5350 4.5700 6.5150
v 3.5350 4.5700 8.4950
v 3.5350 4.7700 8.4950
v 3.5350 4.7700 6.5150
f 16771 16772 16773 16774
v 3.5350 4.5700 8.4950
v 2.5850 4.5700 8.4950
v 2.5850 4.7700 8.4950
v 3.5350 4.7700 8.4950
f 16775 16776 16777 16778
v 2.5850 4.5700 8.4950
v 2.5850 4.5700 6.5150
v 2.5850 4.7700 6.5150
v 2.5850 4.7700 8.4950
f 16779 16780 16781 16782
g level_2_interior_blanket
usemtl blanket
v 2.6150 4.7800 7.1600
v 2.6150 4.7800 8.4100
v 3.5050 4.7800 8.4100
v 3.5050 4.7800 7.1600
f 16783 16784 16785 16786
v 2.6150 4.8150 7.1600
v 3.5050 4.8150 7.1600
v 3.5050 4.8150 8.4100
v 2.6150 4.8150 8.4100
f 16787 16788 16789 16790
v 2.6150 4.7800 7.1600
v 3.5050 4.7800 7.1600
v 3.5050 4.8150 7.1600
v 2.6150 4.8150 7.1600
f 16791 16792 16793 16794
v 3.5050 4.7800 7.1600
v 3.5050 4.7800 8.4100
v 3.5050 4.8150 8.4100
v 3.5050 4.8150 7.1600
f 16795 16796 16797 16798
v 3.5050 4.7800 8.4100
v 2.6150 4.7800 8.4100
v 2.6150 4.8150 8.4100
v 3.5050 4.8150 8.4100
f 16799 16800 16801 16802
v 2.6150 4.7800 8.4100
v 2.6150 4.7800 7.1600
v 2.6150 4.8150 7.1600
v 2.6150 4.8150 8.4100
f 16803 16804 16805 16806
g level_2_interior_pillow
usemtl pillow
v 2.6700 4.7850 6.6000
v 2.6700 4.7850 7.0200
v 3.4600 4.7850 7.0200
v 3.4600 4.7850 6.6000
f 16807 16808 16809 16810
v 2.6700 4.8750 6.6000
v 3.4600 4.8750 6.6000
v 3.4600 4.8750 7.0200
v 2.6700 4.8750 7.0200
f 16811 16812 16813 16814
v 2.6700 4.7850 6.6000
v 3.4600 4.7850 6.6000
v 3.4600 4.8750 6.6000
v 2.6700 4.8750 6.6000
f 16815 16816 16817 16818
v 3.4600 4.7850 6.6000
v 3.4600 4.7850 7.0200
v 3.4600 4.8750 7.0200
v 3.4600 4.8750 6.6000
f 16819 16820 16821 16822
v 3.4600 4.7850 7.0200
v 2.6700 4.7850 7.0200
v 2.6700 4.8750 7.0200
v 3.4600 4.8750 7.0200
f 16823 16824 16825 16826
v 2.6700 4.7850 7.0200
v 2.6700 4.7850 6.6000
v 2.6700 4.8750 6.6000
v 2.6700 4.8750 7.0200
f 16827 16828 16829 16830
g level_2_interior_headboard
usemtl furniture
v 2.5500 4.5000 6.4300
v 2.5500 4.5000 6.5300
v 3.5700 4.5000 6.5300
v 3.5700 4.5000 6.4300
f 16831 16832 16833 16834
v 2.5500 5.1500 6.4300
v 3.5700 5.1500 6.4300
v 3.5700 5.1500 6.5300
v 2.5500 5.1500 6.5300
f 16835 16836 16837 16838
v 2.5500 4.5000 6.4300
v 3.5700 4.5000 6.4300
v 3.5700 5.1500 6.4300
v 2.5500 5.1500 6.4300
f 16839 16840 16841 16842
v 3.5700 4.5000 6.4300
v 3.5700 4.5000 6.5300
v 3.5700 5.1500 6.5300
v 3.5700 5.1500 6.4300
f 16843 16844 16845 16846
v 3.5700 4.5000 6.5300
v 2.5500 4.5000 6.5300
v 2.5500 5.1500 6.5300
v 3.5700 5.1500 6.5300
f 16847 16848 16849 16850
v 2.5500 4.5000 6.5300
v 2.5500 4.5000 6.4300
v 2.5500 5.1500 6.4300
v 2.5500 5.1500 6.5300
f 16851 16852 16853 16854
g level_2_interior_cabinet
v 3.2500 4.1600 11.3500
v 3.2500 4.1600 12.1500
v 3.9000 4.1600 12.1500
v 3.9000 4.1600 11.3500
f 16855 16856 16857 16858
v 3.2500 4.9600 11.3500
v 3.9000 4.9600 11.3500
v 3.9000 4.9600 12.1500
v 3.2500 4.9600 12.1500
f 16859 16860 16861 16862
v 3.2500 4.1600 11.3500
v 3.9000 4.1600 11.3500
v 3.9000 4.9600 11.3500
v 3.2500 4.9600 11.3500
f 16863 16864 16865 16866
v 3.9000 4.1600 11.3500
v 3.9000 4.1600 12.1500
v 3.9000 4.9600 12.1500
v 3.9000 4.9600 11.3500
f 16867 16868 16869 16870
v 3.9000 4.1600 12.1500
v 3.2500 4.1600 12.1500
v 3.2500 4.9600 12.1500
v 3.9000 4.9600 12.1500
f 16871 16872 16873 16874
v 3.2500 4.1600 12.1500
v 3.2500 4.1600 11.3500
v 3.2500 4.9600 11.3500
v 3.2500 4.9600 12.1500
f 16875 16876 16877 16878
g level_2_interior_room_zone
usemtl room
v 4.0000 4.1100 6.0000
v 4.0000 4.1100 12.3000
v 8.0000 4.1100 12.3000
v 8.0000 4.1100 6.0000
f 16879 16880 16881 16882
v 4.0000 4.1550 6.0000
v 8.0000 4.1550 6.0000
v 8.0000 4.1550 12.3000
v 4.0000 4.1550 12.3000
f 16883 16884 16885 16886
v 4.0000 4.1100 6.0000
v 8.0000 4.1100 6.0000
v 8.0000 4.1550 6.0000
v 4.0000 4.1550 6.0000
f 16887 16888 16889 16890
v 8.0000 4.1100 6.0000
v 8.0000 4.1100 12.3000
v 8.0000 4.1550 12.3000
v 8.0000 4.1550 6.0000
f 16891 16892 16893 16894
v 8.0000 4.1100 12.3000
v 4.0000 4.1100 12.3000
v 4.0000 4.1550 12.3000
v 8.0000 4.1550 12.3000
f 16895 16896 16897 16898
v 4.0000 4.1100 12.3000
v 4.0000 4.1100 6.0000
v 4.0000 4.1550 6.0000
v 4.0000 4.1550 12.3000
f 16899 16900 16901 16902
g level_2_interior_schematic_partition
usemtl wall
v 4.0000 4.1550 6.0000
v 4.0000 4.1550 12.3000
v 4.1000 4.1550 12.3000
v 4.1000 4.1550 6.0000
f 16903 16904 16905 16906
v 4.0000 4.7750 6.0000
v 4.1000 4.7750 6.0000
v 4.1000 4.7750 12.3000
v 4.0000 4.7750 12.3000
f 16907 16908 16909 16910
v 4.0000 4.1550 6.0000
v 4.1000 4.1550 6.0000
v 4.1000 4.7750 6.0000
v 4.0000 4.7750 6.0000
f 16911 16912 16913 16914
v 4.1000 4.1550 6.0000
v 4.1000 4.1550 12.3000
v 4.1000 4.7750 12.3000
v 4.1000 4.7750 6.0000
f 16915 16916 16917 16918
v 4.1000 4.1550 12.3000
v 4.0000 4.1550 12.3000
v 4.0000 4.7750 12.3000
v 4.1000 4.7750 12.3000
f 16919 16920 16921 16922
v 4.0000 4.1550 12.3000
v 4.0000 4.1550 6.0000
v 4.0000 4.7750 6.0000
v 4.0000 4.7750 12.3000
f 16923 16924 16925 16926
v 4.0000 4.1550 6.0000
v 4.0000 4.1550 6.1000
v 8.0000 4.1550 6.1000
v 8.0000 4.1550 6.0000
f 16927 16928 16929 16930
v 4.0000 4.7750 6.0000
v 8.0000 4.7750 6.0000
v 8.0000 4.7750 6.1000
v 4.0000 4.7750 6.1000
f 16931 16932 16933 16934
v 4.0000 4.1550 6.0000
v 8.0000 4.1550 6.0000
v 8.0000 4.7750 6.0000
v 4.0000 4.7750 6.0000
f 16935 16936 16937 16938
v 8.0000 4.1550 6.0000
v 8.0000 4.1550 6.1000
v 8.0000 4.7750 6.1000
v 8.0000 4.7750 6.0000
f 16939 16940 16941 16942
v 8.0000 4.1550 6.1000
v 4.0000 4.1550 6.1000
v 4.0000 4.7750 6.1000
v 8.0000 4.7750 6.1000
f 16943 16944 16945 16946
v 4.0000 4.1550 6.1000
v 4.0000 4.1550 6.0000
v 4.0000 4.7750 6.0000
v 4.0000 4.7750 6.1000
f 16947 16948 16949 16950
g level_2_interior_bed_frame
usemtl furniture
v 4.4200 4.1500 6.4800
v 4.4200 4.1500 8.5300
v 5.4400 4.1500 8.5300
v 5.4400 4.1500 6.4800
f 16951 16952 16953 16954
v 4.4200 4.5700 6.4800
v 5.4400 4.5700 6.4800
v 5.4400 4.5700 8.5300
v 4.4200 4.5700 8.5300
f 16955 16956 16957 16958
v 4.4200 4.1500 6.4800
v 5.4400 4.1500 6.4800
v 5.4400 4.5700 6.4800
v 4.4200 4.5700 6.4800
f 16959 16960 16961 16962
v 5.4400 4.1500 6.4800
v 5.4400 4.1500 8.5300
v 5.4400 4.5700 8.5300
v 5.4400 4.5700 6.4800
f 16963 16964 16965 16966
v 5.4400 4.1500 8.5300
v 4.4200 4.1500 8.5300
v 4.4200 4.5700 8.5300
v 5.4400 4.5700 8.5300
f 16967 16968 16969 16970
v 4.4200 4.1500 8.5300
v 4.4200 4.1500 6.4800
v 4.4200 4.5700 6.4800
v 4.4200 4.5700 8.5300
f 16971 16972 16973 16974
g level_2_interior_bed_mattress
usemtl bed
v 4.4550 4.5700 6.5150
v 4.4550 4.5700 8.4950
v 5.4050 4.5700 8.4950
v 5.4050 4.5700 6.5150
f 16975 16976 16977 16978
v 4.4550 4.7700 6.5150
v 5.4050 4.7700 6.5150
v 5.4050 4.7700 8.4950
v 4.4550 4.7700 8.4950
f 16979 16980 16981 16982
v 4.4550 4.5700 6.5150
v 5.4050 4.5700 6.5150
v 5.4050 4.7700 6.5150
v 4.4550 4.7700 6.5150
f 16983 16984 16985 16986
v 5.4050 4.5700 6.5150
v 5.4050 4.5700 8.4950
v 5.4050 4.7700 8.4950
v 5.4050 4.7700 6.5150
f 16987 16988 16989 16990
v 5.4050 4.5700 8.4950
v 4.4550 4.5700 8.4950
v 4.4550 4.7700 8.4950
v 5.4050 4.7700 8.4950
f 16991 16992 16993 16994
v 4.4550 4.5700 8.4950
v 4.4550 4.5700 6.5150
v 4.4550 4.7700 6.5150
v 4.4550 4.7700 8.4950
f 16995 16996 16997 16998
g level_2_interior_blanket
usemtl blanket
v 4.4850 4.7800 7.1600
v 4.4850 4.7800 8.4100
v 5.3750 4.7800 8.4100
v 5.3750 4.7800 7.1600
f 16999 17000 17001 17002
v 4.4850 4.8150 7.1600
v 5.3750 4.8150 7.1600
v 5.3750 4.8150 8.4100
v 4.4850 4.8150 8.4100
f 17003 17004 17005 17006
v 4.4850 4.7800 7.1600
v 5.3750 4.7800 7.1600
v 5.3750 4.8150 7.1600
v 4.4850 4.8150 7.1600
f 17007 17008 17009 17010
v 5.3750 4.7800 7.1600
v 5.3750 4.7800 8.4100
v 5.3750 4.8150 8.4100
v 5.3750 4.8150 7.1600
f 17011 17012 17013 17014
v 5.3750 4.7800 8.4100
v 4.4850 4.7800 8.4100
v 4.4850 4.8150 8.4100
v 5.3750 4.8150 8.4100
f 17015 17016 17017 17018
v 4.4850 4.7800 8.4100
v 4.4850 4.7800 7.1600
v 4.4850 4.8150 7.1600
v 4.4850 4.8150 8.4100
f 17019 17020 17021 17022
g level_2_interior_pillow
usemtl pillow
v 4.5400 4.7850 6.6000
v 4.5400 4.7850 7.0200
v 5.3300 4.7850 7.0200
v 5.3300 4.7850 6.6000
f 17023 17024 17025 17026
v 4.5400 4.8750 6.6000
v 5.3300 4.8750 6.6000
v 5.3300 4.8750 7.0200
v 4.5400 4.8750 7.0200
f 17027 17028 17029 17030
v 4.5400 4.7850 6.6000
v 5.3300 4.7850 6.6000
v 5.3300 4.8750 6.6000
v 4.5400 4.8750 6.6000
f 17031 17032 17033 17034
v 5.3300 4.7850 6.6000
v 5.3300 4.7850 7.0200
v 5.3300 4.8750 7.0200
v 5.3300 4.8750 6.6000
f 17035 17036 17037 17038
v 5.3300 4.7850 7.0200
v 4.5400 4.7850 7.0200
v 4.5400 4.8750 7.0200
v 5.3300 4.8750 7.0200
f 17039 17040 17041 17042
v 4.5400 4.7850 7.0200
v 4.5400 4.7850 6.6000
v 4.5400 4.8750 6.6000
v 4.5400 4.8750 7.0200
f 17043 17044 17045 17046
g level_2_interior_headboard
usemtl furniture
v 4.4200 4.5000 6.4300
v 4.4200 4.5000 6.5300
v 5.4400 4.5000 6.5300
v 5.4400 4.5000 6.4300
f 17047 17048 17049 17050
v 4.4200 5.1500 6.4300
v 5.4400 5.1500 6.4300
v 5.4400 5.1500 6.5300
v 4.4200 5.1500 6.5300
f 17051 17052 17053 17054
v 4.4200 4.5000 6.4300
v 5.4400 4.5000 6.4300
v 5.4400 5.1500 6.4300
v 4.4200 5.1500 6.4300
f 17055 17056 17057 17058
v 5.4400 4.5000 6.4300
v 5.4400 4.5000 6.5300
v 5.4400 5.1500 6.5300
v 5.4400 5.1500 6.4300
f 17059 17060 17061 17062
v 5.4400 4.5000 6.5300
v 4.4200 4.5000 6.5300
v 4.4200 5.1500 6.5300
v 5.4400 5.1500 6.5300
f 17063 17064 17065 17066
v 4.4200 4.5000 6.5300
v 4.4200 4.5000 6.4300
v 4.4200 5.1500 6.4300
v 4.4200 5.1500 6.5300
f 17067 17068 17069 17070
g level_2_interior_bed_frame
v 6.5500 4.1500 6.4800
v 6.5500 4.1500 8.5300
v 7.5700 4.1500 8.5300
v 7.5700 4.1500 6.4800
f 17071 17072 17073 17074
v 6.5500 4.5700 6.4800
v 7.5700 4.5700 6.4800
v 7.5700 4.5700 8.5300
v 6.5500 4.5700 8.5300
f 17075 17076 17077 17078
v 6.5500 4.1500 6.4800
v 7.5700 4.1500 6.4800
v 7.5700 4.5700 6.4800
v 6.5500 4.5700 6.4800
f 17079 17080 17081 17082
v 7.5700 4.1500 6.4800
v 7.5700 4.1500 8.5300
v 7.5700 4.5700 8.5300
v 7.5700 4.5700 6.4800
f 17083 17084 17085 17086
v 7.5700 4.1500 8.5300
v 6.5500 4.1500 8.5300
v 6.5500 4.5700 8.5300
v 7.5700 4.5700 8.5300
f 17087 17088 17089 17090
v 6.5500 4.1500 8.5300
v 6.5500 4.1500 6.4800
v 6.5500 4.5700 6.4800
v 6.5500 4.5700 8.5300
f 17091 17092 17093 17094
g level_2_interior_bed_mattress
usemtl bed
v 6.5850 4.5700 6.5150
v 6.5850 4.5700 8.4950
v 7.5350 4.5700 8.4950
v 7.5350 4.5700 6.5150
f 17095 17096 17097 17098
v 6.5850 4.7700 6.5150
v 7.5350 4.7700 6.5150
v 7.5350 4.7700 8.4950
v 6.5850 4.7700 8.4950
f 17099 17100 17101 17102
v 6.5850 4.5700 6.5150
v 7.5350 4.5700 6.5150
v 7.5350 4.7700 6.5150
v 6.5850 4.7700 6.5150
f 17103 17104 17105 17106
v 7.5350 4.5700 6.5150
v 7.5350 4.5700 8.4950
v 7.5350 4.7700 8.4950
v 7.5350 4.7700 6.5150
f 17107 17108 17109 17110
v 7.5350 4.5700 8.4950
v 6.5850 4.5700 8.4950
v 6.5850 4.7700 8.4950
v 7.5350 4.7700 8.4950
f 17111 17112 17113 17114
v 6.5850 4.5700 8.4950
v 6.5850 4.5700 6.5150
v 6.5850 4.7700 6.5150
v 6.5850 4.7700 8.4950
f 17115 17116 17117 17118
g level_2_interior_blanket
usemtl blanket
v 6.6150 4.7800 7.1600
v 6.6150 4.7800 8.4100
v 7.5050 4.7800 8.4100
v 7.5050 4.7800 7.1600
f 17119 17120 17121 17122
v 6.6150 4.8150 7.1600
v 7.5050 4.8150 7.1600
v 7.5050 4.8150 8.4100
v 6.6150 4.8150 8.4100
f 17123 17124 17125 17126
v 6.6150 4.7800 7.1600
v 7.5050 4.7800 7.1600
v 7.5050 4.8150 7.1600
v 6.6150 4.8150 7.1600
f 17127 17128 17129 17130
v 7.5050 4.7800 7.1600
v 7.5050 4.7800 8.4100
v 7.5050 4.8150 8.4100
v 7.5050 4.8150 7.1600
f 17131 17132 17133 17134
v 7.5050 4.7800 8.4100
v 6.6150 4.7800 8.4100
v 6.6150 4.8150 8.4100
v 7.5050 4.8150 8.4100
f 17135 17136 17137 17138
v 6.6150 4.7800 8.4100
v 6.6150 4.7800 7.1600
v 6.6150 4.8150 7.1600
v 6.6150 4.8150 8.4100
f 17139 17140 17141 17142
g level_2_interior_pillow
usemtl pillow
v 6.6700 4.7850 6.6000
v 6.6700 4.7850 7.0200
v 7.4600 4.7850 7.0200
v 7.4600 4.7850 6.6000
f 17143 17144 17145 17146
v 6.6700 4.8750 6.6000
v 7.4600 4.8750 6.6000
v 7.4600 4.8750 7.0200
v 6.6700 4.8750 7.0200
f 17147 17148 17149 17150
v 6.6700 4.7850 6.6000
v 7.4600 4.7850 6.6000
v 7.4600 4.8750 6.6000
v 6.6700 4.8750 6.6000
f 17151 17152 17153 17154
v 7.4600 4.7850 6.6000
v 7.4600 4.7850 7.0200
v 7.4600 4.8750 7.0200
v 7.4600 4.8750 6.6000
f 17155 17156 17157 17158
v 7.4600 4.7850 7.0200
v 6.6700 4.7850 7.0200
v 6.6700 4.8750 7.0200
v 7.4600 4.8750 7.0200
f 17159 17160 17161 17162
v 6.6700 4.7850 7.0200
v 6.6700 4.7850 6.6000
v 6.6700 4.8750 6.6000
v 6.6700 4.8750 7.0200
f 17163 17164 17165 17166
g level_2_interior_headboard
usemtl furniture
v 6.5500 4.5000 6.4300
v 6.5500 4.5000 6.5300
v 7.5700 4.5000 6.5300
v 7.5700 4.5000 6.4300
f 17167 17168 17169 17170
v 6.5500 5.1500 6.4300
v 7.5700 5.1500 6.4300
v 7.5700 5.1500 6.5300
v 6.5500 5.1500 6.5300
f 17171 17172 17173 17174
v 6.5500 4.5000 6.4300
v 7.5700 4.5000 6.4300
v 7.5700 5.1500 6.4300
v 6.5500 5.1500 6.4300
f 17175 17176 17177 17178
v 7.5700 4.5000 6.4300
v 7.5700 4.5000 6.5300
v 7.5700 5.1500 6.5300
v 7.5700 5.1500 6.4300
f 17179 17180 17181 17182
v 7.5700 4.5000 6.5300
v 6.5500 4.5000 6.5300
v 6.5500 5.1500 6.5300
v 7.5700 5.1500 6.5300
f 17183 17184 17185 17186
v 6.5500 4.5000 6.5300
v 6.5500 4.5000 6.4300
v 6.5500 5.1500 6.4300
v 6.5500 5.1500 6.5300
f 17187 17188 17189 17190
g level_2_interior_cabinet
v 7.2500 4.1600 11.3500
v 7.2500 4.1600 12.1500
v 7.9000 4.1600 12.1500
v 7.9000 4.1600 11.3500
f 17191 17192 17193 17194
v 7.2500 4.9600 11.3500
v 7.9000 4.9600 11.3500
v 7.9000 4.9600 12.1500
v 7.2500 4.9600 12.1500
f 17195 17196 17197 17198
v 7.2500 4.1600 11.3500
v 7.9000 4.1600 11.3500
v 7.9000 4.9600 11.3500
v 7.2500 4.9600 11.3500
f 17199 17200 17201 17202
v 7.9000 4.1600 11.3500
v 7.9000 4.1600 12.1500
v 7.9000 4.9600 12.1500
v 7.9000 4.9600 11.3500
f 17203 17204 17205 17206
v 7.9000 4.1600 12.1500
v 7.2500 4.1600 12.1500
v 7.2500 4.9600 12.1500
v 7.9000 4.9600 12.1500
f 17207 17208 17209 17210
v 7.2500 4.1600 12.1500
v 7.2500 4.1600 11.3500
v 7.2500 4.9600 11.3500
v 7.2500 4.9600 12.1500
f 17211 17212 17213 17214
g level_2_interior_room_zone
usemtl room
v 8.0000 4.1100 6.0000
v 8.0000 4.1100 12.3000
v 12.0000 4.1100 12.3000
v 12.0000 4.1100 6.0000
f 17215 17216 17217 17218
v 8.0000 4.1550 6.0000
v 12.0000 4.1550 6.0000
v 12.0000 4.1550 12.3000
v 8.0000 4.1550 12.3000
f 17219 17220 17221 17222
v 8.0000 4.1100 6.0000
v 12.0000 4.1100 6.0000
v 12.0000 4.1550 6.0000
v 8.0000 4.1550 6.0000
f 17223 17224 17225 17226
v 12.0000 4.1100 6.0000
v 12.0000 4.1100 12.3000
v 12.0000 4.1550 12.3000
v 12.0000 4.1550 6.0000
f 17227 17228 17229 17230
v 12.0000 4.1100 12.3000
v 8.0000 4.1100 12.3000
v 8.0000 4.1550 12.3000
v 12.0000 4.1550 12.3000
f 17231 17232 17233 17234
v 8.0000 4.1100 12.3000
v 8.0000 4.1100 6.0000
v 8.0000 4.1550 6.0000
v 8.0000 4.1550 12.3000
f 17235 17236 17237 17238
g level_2_interior_schematic_partition
usemtl wall
v 8.0000 4.1550 6.0000
v 8.0000 4.1550 12.3000
v 8.1000 4.1550 12.3000
v 8.1000 4.1550 6.0000
f 17239 17240 17241 17242
v 8.0000 4.7750 6.0000
v 8.1000 4.7750 6.0000
v 8.1000 4.7750 12.3000
v 8.0000 4.7750 12.3000
f 17243 17244 17245 17246
v 8.0000 4.1550 6.0000
v 8.1000 4.1550 6.0000
v 8.1000 4.7750 6.0000
v 8.0000 4.7750 6.0000
f 17247 17248 17249 17250
v 8.1000 4.1550 6.0000
v 8.1000 4.1550 12.3000
v 8.1000 4.7750 12.3000
v 8.1000 4.7750 6.0000
f 17251 17252 17253 17254
v 8.1000 4.1550 12.3000
v 8.0000 4.1550 12.3000
v 8.0000 4.7750 12.3000
v 8.1000 4.7750 12.3000
f 17255 17256 17257 17258
v 8.0000 4.1550 12.3000
v 8.0000 4.1550 6.0000
v 8.0000 4.7750 6.0000
v 8.0000 4.7750 12.3000
f 17259 17260 17261 17262
v 8.0000 4.1550 6.0000
v 8.0000 4.1550 6.1000
v 12.0000 4.1550 6.1000
v 12.0000 4.1550 6.0000
f 17263 17264 17265 17266
v 8.0000 4.7750 6.0000
v 12.0000 4.7750 6.0000
v 12.0000 4.7750 6.1000
v 8.0000 4.7750 6.1000
f 17267 17268 17269 17270
v 8.0000 4.1550 6.0000
v 12.0000 4.1550 6.0000
v 12.0000 4.7750 6.0000
v 8.0000 4.7750 6.0000
f 17271 17272 17273 17274
v 12.0000 4.1550 6.0000
v 12.0000 4.1550 6.1000
v 12.0000 4.7750 6.1000
v 12.0000 4.7750 6.0000
f 17275 17276 17277 17278
v 12.0000 4.1550 6.1000
v 8.0000 4.1550 6.1000
v 8.0000 4.7750 6.1000
v 12.0000 4.7750 6.1000
f 17279 17280 17281 17282
v 8.0000 4.1550 6.1000
v 8.0000 4.1550 6.0000
v 8.0000 4.7750 6.0000
v 8.0000 4.7750 6.1000
f 17283 17284 17285 17286
g level_2_interior_bed_frame
usemtl furniture
v 8.4200 4.1500 6.4800
v 8.4200 4.1500 8.5300
v 9.4400 4.1500 8.5300
v 9.4400 4.1500 6.4800
f 17287 17288 17289 17290
v 8.4200 4.5700 6.4800
v 9.4400 4.5700 6.4800
v 9.4400 4.5700 8.5300
v 8.4200 4.5700 8.5300
f 17291 17292 17293 17294
v 8.4200 4.1500 6.4800
v 9.4400 4.1500 6.4800
v 9.4400 4.5700 6.4800
v 8.4200 4.5700 6.4800
f 17295 17296 17297 17298
v 9.4400 4.1500 6.4800
v 9.4400 4.1500 8.5300
v 9.4400 4.5700 8.5300
v 9.4400 4.5700 6.4800
f 17299 17300 17301 17302
v 9.4400 4.1500 8.5300
v 8.4200 4.1500 8.5300
v 8.4200 4.5700 8.5300
v 9.4400 4.5700 8.5300
f 17303 17304 17305 17306
v 8.4200 4.1500 8.5300
v 8.4200 4.1500 6.4800
v 8.4200 4.5700 6.4800
v 8.4200 4.5700 8.5300
f 17307 17308 17309 17310
g level_2_interior_bed_mattress
usemtl bed
v 8.4550 4.5700 6.5150
v 8.4550 4.5700 8.4950
v 9.4050 4.5700 8.4950
v 9.4050 4.5700 6.5150
f 17311 17312 17313 17314
v 8.4550 4.7700 6.5150
v 9.4050 4.7700 6.5150
v 9.4050 4.7700 8.4950
v 8.4550 4.7700 8.4950
f 17315 17316 17317 17318
v 8.4550 4.5700 6.5150
v 9.4050 4.5700 6.5150
v 9.4050 4.7700 6.5150
v 8.4550 4.7700 6.5150
f 17319 17320 17321 17322
v 9.4050 4.5700 6.5150
v 9.4050 4.5700 8.4950
v 9.4050 4.7700 8.4950
v 9.4050 4.7700 6.5150
f 17323 17324 17325 17326
v 9.4050 4.5700 8.4950
v 8.4550 4.5700 8.4950
v 8.4550 4.7700 8.4950
v 9.4050 4.7700 8.4950
f 17327 17328 17329 17330
v 8.4550 4.5700 8.4950
v 8.4550 4.5700 6.5150
v 8.4550 4.7700 6.5150
v 8.4550 4.7700 8.4950
f 17331 17332 17333 17334
g level_2_interior_blanket
usemtl blanket
v 8.4850 4.7800 7.1600
v 8.4850 4.7800 8.4100
v 9.3750 4.7800 8.4100
v 9.3750 4.7800 7.1600
f 17335 17336 17337 17338
v 8.4850 4.8150 7.1600
v 9.3750 4.8150 7.1600
v 9.3750 4.8150 8.4100
v 8.4850 4.8150 8.4100
f 17339 17340 17341 17342
v 8.4850 4.7800 7.1600
v 9.3750 4.7800 7.1600
v 9.3750 4.8150 7.1600
v 8.4850 4.8150 7.1600
f 17343 17344 17345 17346
v 9.3750 4.7800 7.1600
v 9.3750 4.7800 8.4100
v 9.3750 4.8150 8.4100
v 9.3750 4.8150 7.1600
f 17347 17348 17349 17350
v 9.3750 4.7800 8.4100
v 8.4850 4.7800 8.4100
v 8.4850 4.8150 8.4100
v 9.3750 4.8150 8.4100
f 17351 17352 17353 17354
v 8.4850 4.7800 8.4100
v 8.4850 4.7800 7.1600
v 8.4850 4.8150 7.1600
v 8.4850 4.8150 8.4100
f 17355 17356 17357 17358
g level_2_interior_pillow
usemtl pillow
v 8.5400 4.7850 6.6000
v 8.5400 4.7850 7.0200
v 9.3300 4.7850 7.0200
v 9.3300 4.7850 6.6000
f 17359 17360 17361 17362
v 8.5400 4.8750 6.6000
v 9.3300 4.8750 6.6000
v 9.3300 4.8750 7.0200
v 8.5400 4.8750 7.0200
f 17363 17364 17365 17366
v 8.5400 4.7850 6.6000
v 9.3300 4.7850 6.6000
v 9.3300 4.8750 6.6000
v 8.5400 4.8750 6.6000
f 17367 17368 17369 17370
v 9.3300 4.7850 6.6000
v 9.3300 4.7850 7.0200
v 9.3300 4.8750 7.0200
v 9.3300 4.8750 6.6000
f 17371 17372 17373 17374
v 9.3300 4.7850 7.0200
v 8.5400 4.7850 7.0200
v 8.5400 4.8750 7.0200
v 9.3300 4.8750 7.0200
f 17375 17376 17377 17378
v 8.5400 4.7850 7.0200
v 8.5400 4.7850 6.6000
v 8.5400 4.8750 6.6000
v 8.5400 4.8750 7.0200
f 17379 17380 17381 17382
g level_2_interior_headboard
usemtl furniture
v 8.4200 4.5000 6.4300
v 8.4200 4.5000 6.5300
v 9.4400 4.5000 6.5300
v 9.4400 4.5000 6.4300
f 17383 17384 17385 17386
v 8.4200 5.1500 6.4300
v 9.4400 5.1500 6.4300
v 9.4400 5.1500 6.5300
v 8.4200 5.1500 6.5300
f 17387 17388 17389 17390
v 8.4200 4.5000 6.4300
v 9.4400 4.5000 6.4300
v 9.4400 5.1500 6.4300
v 8.4200 5.1500 6.4300
f 17391 17392 17393 17394
v 9.4400 4.5000 6.4300
v 9.4400 4.5000 6.5300
v 9.4400 5.1500 6.5300
v 9.4400 5.1500 6.4300
f 17395 17396 17397 17398
v 9.4400 4.5000 6.5300
v 8.4200 4.5000 6.5300
v 8.4200 5.1500 6.5300
v 9.4400 5.1500 6.5300
f 17399 17400 17401 17402
v 8.4200 4.5000 6.5300
v 8.4200 4.5000 6.4300
v 8.4200 5.1500 6.4300
v 8.4200 5.1500 6.5300
f 17403 17404 17405 17406
g level_2_interior_bed_frame
v 10.5500 4.1500 6.4800
v 10.5500 4.1500 8.5300
v 11.5700 4.1500 8.5300
v 11.5700 4.1500 6.4800
f 17407 17408 17409 17410
v 10.5500 4.5700 6.4800
v 11.5700 4.5700 6.4800
v 11.5700 4.5700 8.5300
v 10.5500 4.5700 8.5300
f 17411 17412 17413 17414
v 10.5500 4.1500 6.4800
v 11.5700 4.1500 6.4800
v 11.5700 4.5700 6.4800
v 10.5500 4.5700 6.4800
f 17415 17416 17417 17418
v 11.5700 4.1500 6.4800
v 11.5700 4.1500 8.5300
v 11.5700 4.5700 8.5300
v 11.5700 4.5700 6.4800
f 17419 17420 17421 17422
v 11.5700 4.1500 8.5300
v 10.5500 4.1500 8.5300
v 10.5500 4.5700 8.5300
v 11.5700 4.5700 8.5300
f 17423 17424 17425 17426
v 10.5500 4.1500 8.5300
v 10.5500 4.1500 6.4800
v 10.5500 4.5700 6.4800
v 10.5500 4.5700 8.5300
f 17427 17428 17429 17430
g level_2_interior_bed_mattress
usemtl bed
v 10.5850 4.5700 6.5150
v 10.5850 4.5700 8.4950
v 11.5350 4.5700 8.4950
v 11.5350 4.5700 6.5150
f 17431 17432 17433 17434
v 10.5850 4.7700 6.5150
v 11.5350 4.7700 6.5150
v 11.5350 4.7700 8.4950
v 10.5850 4.7700 8.4950
f 17435 17436 17437 17438
v 10.5850 4.5700 6.5150
v 11.5350 4.5700 6.5150
v 11.5350 4.7700 6.5150
v 10.5850 4.7700 6.5150
f 17439 17440 17441 17442
v 11.5350 4.5700 6.5150
v 11.5350 4.5700 8.4950
v 11.5350 4.7700 8.4950
v 11.5350 4.7700 6.5150
f 17443 17444 17445 17446
v 11.5350 4.5700 8.4950
v 10.5850 4.5700 8.4950
v 10.5850 4.7700 8.4950
v 11.5350 4.7700 8.4950
f 17447 17448 17449 17450
v 10.5850 4.5700 8.4950
v 10.5850 4.5700 6.5150
v 10.5850 4.7700 6.5150
v 10.5850 4.7700 8.4950
f 17451 17452 17453 17454
g level_2_interior_blanket
usemtl blanket
v 10.6150 4.7800 7.1600
v 10.6150 4.7800 8.4100
v 11.5050 4.7800 8.4100
v 11.5050 4.7800 7.1600
f 17455 17456 17457 17458
v 10.6150 4.8150 7.1600
v 11.5050 4.8150 7.1600
v 11.5050 4.8150 8.4100
v 10.6150 4.8150 8.4100
f 17459 17460 17461 17462
v 10.6150 4.7800 7.1600
v 11.5050 4.7800 7.1600
v 11.5050 4.8150 7.1600
v 10.6150 4.8150 7.1600
f 17463 17464 17465 17466
v 11.5050 4.7800 7.1600
v 11.5050 4.7800 8.4100
v 11.5050 4.8150 8.4100
v 11.5050 4.8150 7.1600
f 17467 17468 17469 17470
v 11.5050 4.7800 8.4100
v 10.6150 4.7800 8.4100
v 10.6150 4.8150 8.4100
v 11.5050 4.8150 8.4100
f 17471 17472 17473 17474
v 10.6150 4.7800 8.4100
v 10.6150 4.7800 7.1600
v 10.6150 4.8150 7.1600
v 10.6150 4.8150 8.4100
f 17475 17476 17477 17478
g level_2_interior_pillow
usemtl pillow
v 10.6700 4.7850 6.6000
v 10.6700 4.7850 7.0200
v 11.4600 4.7850 7.0200
v 11.4600 4.7850 6.6000
f 17479 17480 17481 17482
v 10.6700 4.8750 6.6000
v 11.4600 4.8750 6.6000
v 11.4600 4.8750 7.0200
v 10.6700 4.8750 7.0200
f 17483 17484 17485 17486
v 10.6700 4.7850 6.6000
v 11.4600 4.7850 6.6000
v 11.4600 4.8750 6.6000
v 10.6700 4.8750 6.6000
f 17487 17488 17489 17490
v 11.4600 4.7850 6.6000
v 11.4600 4.7850 7.0200
v 11.4600 4.8750 7.0200
v 11.4600 4.8750 6.6000
f 17491 17492 17493 17494
v 11.4600 4.7850 7.0200
v 10.6700 4.7850 7.0200
v 10.6700 4.8750 7.0200
v 11.4600 4.8750 7.0200
f 17495 17496 17497 17498
v 10.6700 4.7850 7.0200
v 10.6700 4.7850 6.6000
v 10.6700 4.8750 6.6000
v 10.6700 4.8750 7.0200
f 17499 17500 17501 17502
g level_2_interior_headboard
usemtl furniture
v 10.5500 4.5000 6.4300
v 10.5500 4.5000 6.5300
v 11.5700 4.5000 6.5300
v 11.5700 4.5000 6.4300
f 17503 17504 17505 17506
v 10.5500 5.1500 6.4300
v 11.5700 5.1500 6.4300
v 11.5700 5.1500 6.5300
v 10.5500 5.1500 6.5300
f 17507 17508 17509 17510
v 10.5500 4.5000 6.4300
v 11.5700 4.5000 6.4300
v 11.5700 5.1500 6.4300
v 10.5500 5.1500 6.4300
f 17511 17512 17513 17514
v 11.5700 4.5000 6.4300
v 11.5700 4.5000 6.5300
v 11.5700 5.1500 6.5300
v 11.5700 5.1500 6.4300
f 17515 17516 17517 17518
v 11.5700 4.5000 6.5300
v 10.5500 4.5000 6.5300
v 10.5500 5.1500 6.5300
v 11.5700 5.1500 6.5300
f 17519 17520 17521 17522
v 10.5500 4.5000 6.5300
v 10.5500 4.5000 6.4300
v 10.5500 5.1500 6.4300
v 10.5500 5.1500 6.5300
f 17523 17524 17525 17526
g level_2_interior_cabinet
v 11.2500 4.1600 11.3500
v 11.2500 4.1600 12.1500
v 11.9000 4.1600 12.1500
v 11.9000 4.1600 11.3500
f 17527 17528 17529 17530
v 11.2500 4.9600 11.3500
v 11.9000 4.9600 11.3500
v 11.9000 4.9600 12.1500
v 11.2500 4.9600 12.1500
f 17531 17532 17533 17534
v 11.2500 4.1600 11.3500
v 11.9000 4.1600 11.3500
v 11.9000 4.9600 11.3500
v 11.2500 4.9600 11.3500
f 17535 17536 17537 17538
v 11.9000 4.1600 11.3500
v 11.9000 4.1600 12.1500
v 11.9000 4.9600 12.1500
v 11.9000 4.9600 11.3500
f 17539 17540 17541 17542
v 11.9000 4.1600 12.1500
v 11.2500 4.1600 12.1500
v 11.2500 4.9600 12.1500
v 11.9000 4.9600 12.1500
f 17543 17544 17545 17546
v 11.2500 4.1600 12.1500
v 11.2500 4.1600 11.3500
v 11.2500 4.9600 11.3500
v 11.2500 4.9600 12.1500
f 17547 17548 17549 17550
g level_2_interior_room_zone
usemtl room
v -16.4500 4.1100 -12.3500
v -16.4500 4.1100 -7.6500
v -10.6500 4.1100 -7.6500
v -10.6500 4.1100 -12.3500
f 17551 17552 17553 17554
v -16.4500 4.1550 -12.3500
v -10.6500 4.1550 -12.3500
v -10.6500 4.1550 -7.6500
v -16.4500 4.1550 -7.6500
f 17555 17556 17557 17558
v -16.4500 4.1100 -12.3500
v -10.6500 4.1100 -12.3500
v -10.6500 4.1550 -12.3500
v -16.4500 4.1550 -12.3500
f 17559 17560 17561 17562
v -10.6500 4.1100 -12.3500
v -10.6500 4.1100 -7.6500
v -10.6500 4.1550 -7.6500
v -10.6500 4.1550 -12.3500
f 17563 17564 17565 17566
v -10.6500 4.1100 -7.6500
v -16.4500 4.1100 -7.6500
v -16.4500 4.1550 -7.6500
v -10.6500 4.1550 -7.6500
f 17567 17568 17569 17570
v -16.4500 4.1100 -7.6500
v -16.4500 4.1100 -12.3500
v -16.4500 4.1550 -12.3500
v -16.4500 4.1550 -7.6500
f 17571 17572 17573 17574
g level_2_interior_schematic_partition
usemtl wall
v -16.4500 4.1550 -12.3500
v -16.4500 4.1550 -7.6500
v -16.3500 4.1550 -7.6500
v -16.3500 4.1550 -12.3500
f 17575 17576 17577 17578
v -16.4500 4.7750 -12.3500
v -16.3500 4.7750 -12.3500
v -16.3500 4.7750 -7.6500
v -16.4500 4.7750 -7.6500
f 17579 17580 17581 17582
v -16.4500 4.1550 -12.3500
v -16.3500 4.1550 -12.3500
v -16.3500 4.7750 -12.3500
v -16.4500 4.7750 -12.3500
f 17583 17584 17585 17586
v -16.3500 4.1550 -12.3500
v -16.3500 4.1550 -7.6500
v -16.3500 4.7750 -7.6500
v -16.3500 4.7750 -12.3500
f 17587 17588 17589 17590
v -16.3500 4.1550 -7.6500
v -16.4500 4.1550 -7.6500
v -16.4500 4.7750 -7.6500
v -16.3500 4.7750 -7.6500
f 17591 17592 17593 17594
v -16.4500 4.1550 -7.6500
v -16.4500 4.1550 -12.3500
v -16.4500 4.7750 -12.3500
v -16.4500 4.7750 -7.6500
f 17595 17596 17597 17598
v -16.4500 4.1550 -12.3500
v -16.4500 4.1550 -12.2500
v -10.6500 4.1550 -12.2500
v -10.6500 4.1550 -12.3500
f 17599 17600 17601 17602
v -16.4500 4.7750 -12.3500
v -10.6500 4.7750 -12.3500
v -10.6500 4.7750 -12.2500
v -16.4500 4.7750 -12.2500
f 17603 17604 17605 17606
v -16.4500 4.1550 -12.3500
v -10.6500 4.1550 -12.3500
v -10.6500 4.7750 -12.3500
v -16.4500 4.7750 -12.3500
f 17607 17608 17609 17610
v -10.6500 4.1550 -12.3500
v -10.6500 4.1550 -12.2500
v -10.6500 4.7750 -12.2500
v -10.6500 4.7750 -12.3500
f 17611 17612 17613 17614
v -10.6500 4.1550 -12.2500
v -16.4500 4.1550 -12.2500
v -16.4500 4.7750 -12.2500
v -10.6500 4.7750 -12.2500
f 17615 17616 17617 17618
v -16.4500 4.1550 -12.2500
v -16.4500 4.1550 -12.3500
v -16.4500 4.7750 -12.3500
v -16.4500 4.7750 -12.2500
f 17619 17620 17621 17622
g level_2_interior_bed_frame
usemtl furniture
v -16.0300 4.1500 -11.8700
v -16.0300 4.1500 -9.8200
v -15.0100 4.1500 -9.8200
v -15.0100 4.1500 -11.8700
f 17623 17624 17625 17626
v -16.0300 4.5700 -11.8700
v -15.0100 4.5700 -11.8700
v -15.0100 4.5700 -9.8200
v -16.0300 4.5700 -9.8200
f 17627 17628 17629 17630
v -16.0300 4.1500 -11.8700
v -15.0100 4.1500 -11.8700
v -15.0100 4.5700 -11.8700
v -16.0300 4.5700 -11.8700
f 17631 17632 17633 17634
v -15.0100 4.1500 -11.8700
v -15.0100 4.1500 -9.8200
v -15.0100 4.5700 -9.8200
v -15.0100 4.5700 -11.8700
f 17635 17636 17637 17638
v -15.0100 4.1500 -9.8200
v -16.0300 4.1500 -9.8200
v -16.0300 4.5700 -9.8200
v -15.0100 4.5700 -9.8200
f 17639 17640 17641 17642
v -16.0300 4.1500 -9.8200
v -16.0300 4.1500 -11.8700
v -16.0300 4.5700 -11.8700
v -16.0300 4.5700 -9.8200
f 17643 17644 17645 17646
g level_2_interior_bed_mattress
usemtl bed
v -15.9950 4.5700 -11.8350
v -15.9950 4.5700 -9.8550
v -15.0450 4.5700 -9.8550
v -15.0450 4.5700 -11.8350
f 17647 17648 17649 17650
v -15.9950 4.7700 -11.8350
v -15.0450 4.7700 -11.8350
v -15.0450 4.7700 -9.8550
v -15.9950 4.7700 -9.8550
f 17651 17652 17653 17654
v -15.9950 4.5700 -11.8350
v -15.0450 4.5700 -11.8350
v -15.0450 4.7700 -11.8350
v -15.9950 4.7700 -11.8350
f 17655 17656 17657 17658
v -15.0450 4.5700 -11.8350
v -15.0450 4.5700 -9.8550
v -15.0450 4.7700 -9.8550
v -15.0450 4.7700 -11.8350
f 17659 17660 17661 17662
v -15.0450 4.5700 -9.8550
v -15.9950 4.5700 -9.8550
v -15.9950 4.7700 -9.8550
v -15.0450 4.7700 -9.8550
f 17663 17664 17665 17666
v -15.9950 4.5700 -9.8550
v -15.9950 4.5700 -11.8350
v -15.9950 4.7700 -11.8350
v -15.9950 4.7700 -9.8550
f 17667 17668 17669 17670
g level_2_interior_blanket
usemtl blanket
v -15.9650 4.7800 -11.1900
v -15.9650 4.7800 -9.9400
v -15.0750 4.7800 -9.9400
v -15.0750 4.7800 -11.1900
f 17671 17672 17673 17674
v -15.9650 4.8150 -11.1900
v -15.0750 4.8150 -11.1900
v -15.0750 4.8150 -9.9400
v -15.9650 4.8150 -9.9400
f 17675 17676 17677 17678
v -15.9650 4.7800 -11.1900
v -15.0750 4.7800 -11.1900
v -15.0750 4.8150 -11.1900
v -15.9650 4.8150 -11.1900
f 17679 17680 17681 17682
v -15.0750 4.7800 -11.1900
v -15.0750 4.7800 -9.9400
v -15.0750 4.8150 -9.9400
v -15.0750 4.8150 -11.1900
f 17683 17684 17685 17686
v -15.0750 4.7800 -9.9400
v -15.9650 4.7800 -9.9400
v -15.9650 4.8150 -9.9400
v -15.0750 4.8150 -9.9400
f 17687 17688 17689 17690
v -15.9650 4.7800 -9.9400
v -15.9650 4.7800 -11.1900
v -15.9650 4.8150 -11.1900
v -15.9650 4.8150 -9.9400
f 17691 17692 17693 17694
g level_2_interior_pillow
usemtl pillow
v -15.9100 4.7850 -11.7500
v -15.9100 4.7850 -11.3300
v -15.1200 4.7850 -11.3300
v -15.1200 4.7850 -11.7500
f 17695 17696 17697 17698
v -15.9100 4.8750 -11.7500
v -15.1200 4.8750 -11.7500
v -15.1200 4.8750 -11.3300
v -15.9100 4.8750 -11.3300
f 17699 17700 17701 17702
v -15.9100 4.7850 -11.7500
v -15.1200 4.7850 -11.7500
v -15.1200 4.8750 -11.7500
v -15.9100 4.8750 -11.7500
f 17703 17704 17705 17706
v -15.1200 4.7850 -11.7500
v -15.1200 4.7850 -11.3300
v -15.1200 4.8750 -11.3300
v -15.1200 4.8750 -11.7500
f 17707 17708 17709 17710
v -15.1200 4.7850 -11.3300
v -15.9100 4.7850 -11.3300
v -15.9100 4.8750 -11.3300
v -15.1200 4.8750 -11.3300
f 17711 17712 17713 17714
v -15.9100 4.7850 -11.3300
v -15.9100 4.7850 -11.7500
v -15.9100 4.8750 -11.7500
v -15.9100 4.8750 -11.3300
f 17715 17716 17717 17718
g level_2_interior_headboard
usemtl furniture
v -16.0300 4.5000 -11.9200
v -16.0300 4.5000 -11.8200
v -15.0100 4.5000 -11.8200
v -15.0100 4.5000 -11.9200
f 17719 17720 17721 17722
v -16.0300 5.1500 -11.9200
v -15.0100 5.1500 -11.9200
v -15.0100 5.1500 -11.8200
v -16.0300 5.1500 -11.8200
f 17723 17724 17725 17726
v -16.0300 4.5000 -11.9200
v -15.0100 4.5000 -11.9200
v -15.0100 5.1500 -11.9200
v -16.0300 5.1500 -11.9200
f 17727 17728 17729 17730
v -15.0100 4.5000 -11.9200
v -15.0100 4.5000 -11.8200
v -15.0100 5.1500 -11.8200
v -15.0100 5.1500 -11.9200
f 17731 17732 17733 17734
v -15.0100 4.5000 -11.8200
v -16.0300 4.5000 -11.8200
v -16.0300 5.1500 -11.8200
v -15.0100 5.1500 -11.8200
f 17735 17736 17737 17738
v -16.0300 4.5000 -11.8200
v -16.0300 4.5000 -11.9200
v -16.0300 5.1500 -11.9200
v -16.0300 5.1500 -11.8200
f 17739 17740 17741 17742
g level_2_interior_bed_frame
v -12.1000 4.1500 -11.8700
v -12.1000 4.1500 -9.8200
v -11.0800 4.1500 -9.8200
v -11.0800 4.1500 -11.8700
f 17743 17744 17745 17746
v -12.1000 4.5700 -11.8700
v -11.0800 4.5700 -11.8700
v -11.0800 4.5700 -9.8200
v -12.1000 4.5700 -9.8200
f 17747 17748 17749 17750
v -12.1000 4.1500 -11.8700
v -11.0800 4.1500 -11.8700
v -11.0800 4.5700 -11.8700
v -12.1000 4.5700 -11.8700
f 17751 17752 17753 17754
v -11.0800 4.1500 -11.8700
v -11.0800 4.1500 -9.8200
v -11.0800 4.5700 -9.8200
v -11.0800 4.5700 -11.8700
f 17755 17756 17757 17758
v -11.0800 4.1500 -9.8200
v -12.1000 4.1500 -9.8200
v -12.1000 4.5700 -9.8200
v -11.0800 4.5700 -9.8200
f 17759 17760 17761 17762
v -12.1000 4.1500 -9.8200
v -12.1000 4.1500 -11.8700
v -12.1000 4.5700 -11.8700
v -12.1000 4.5700 -9.8200
f 17763 17764 17765 17766
g level_2_interior_bed_mattress
usemtl bed
v -12.0650 4.5700 -11.8350
v -12.0650 4.5700 -9.8550
v -11.1150 4.5700 -9.8550
v -11.1150 4.5700 -11.8350
f 17767 17768 17769 17770
v -12.0650 4.7700 -11.8350
v -11.1150 4.7700 -11.8350
v -11.1150 4.7700 -9.8550
v -12.0650 4.7700 -9.8550
f 17771 17772 17773 17774
v -12.0650 4.5700 -11.8350
v -11.1150 4.5700 -11.8350
v -11.1150 4.7700 -11.8350
v -12.0650 4.7700 -11.8350
f 17775 17776 17777 17778
v -11.1150 4.5700 -11.8350
v -11.1150 4.5700 -9.8550
v -11.1150 4.7700 -9.8550
v -11.1150 4.7700 -11.8350
f 17779 17780 17781 17782
v -11.1150 4.5700 -9.8550
v -12.0650 4.5700 -9.8550
v -12.0650 4.7700 -9.8550
v -11.1150 4.7700 -9.8550
f 17783 17784 17785 17786
v -12.0650 4.5700 -9.8550
v -12.0650 4.5700 -11.8350
v -12.0650 4.7700 -11.8350
v -12.0650 4.7700 -9.8550
f 17787 17788 17789 17790
g level_2_interior_blanket
usemtl blanket
v -12.0350 4.7800 -11.1900
v -12.0350 4.7800 -9.9400
v -11.1450 4.7800 -9.9400
v -11.1450 4.7800 -11.1900
f 17791 17792 17793 17794
v -12.0350 4.8150 -11.1900
v -11.1450 4.8150 -11.1900
v -11.1450 4.8150 -9.9400
v -12.0350 4.8150 -9.9400
f 17795 17796 17797 17798
v -12.0350 4.7800 -11.1900
v -11.1450 4.7800 -11.1900
v -11.1450 4.8150 -11.1900
v -12.0350 4.8150 -11.1900
f 17799 17800 17801 17802
v -11.1450 4.7800 -11.1900
v -11.1450 4.7800 -9.9400
v -11.1450 4.8150 -9.9400
v -11.1450 4.8150 -11.1900
f 17803 17804 17805 17806
v -11.1450 4.7800 -9.9400
v -12.0350 4.7800 -9.9400
v -12.0350 4.8150 -9.9400
v -11.1450 4.8150 -9.9400
f 17807 17808 17809 17810
v -12.0350 4.7800 -9.9400
v -12.0350 4.7800 -11.1900
v -12.0350 4.8150 -11.1900
v -12.0350 4.8150 -9.9400
f 17811 17812 17813 17814
g level_2_interior_pillow
usemtl pillow
v -11.9800 4.7850 -11.7500
v -11.9800 4.7850 -11.3300
v -11.1900 4.7850 -11.3300
v -11.1900 4.7850 -11.7500
f 17815 17816 17817 17818
v -11.9800 4.8750 -11.7500
v -11.1900 4.8750 -11.7500
v -11.1900 4.8750 -11.3300
v -11.9800 4.8750 -11.3300
f 17819 17820 17821 17822
v -11.9800 4.7850 -11.7500
v -11.1900 4.7850 -11.7500
v -11.1900 4.8750 -11.7500
v -11.9800 4.8750 -11.7500
f 17823 17824 17825 17826
v -11.1900 4.7850 -11.7500
v -11.1900 4.7850 -11.3300
v -11.1900 4.8750 -11.3300
v -11.1900 4.8750 -11.7500
f 17827 17828 17829 17830
v -11.1900 4.7850 -11.3300
v -11.9800 4.7850 -11.3300
v -11.9800 4.8750 -11.3300
v -11.1900 4.8750 -11.3300
f 17831 17832 17833 17834
v -11.9800 4.7850 -11.3300
v -11.9800 4.7850 -11.7500
v -11.9800 4.8750 -11.7500
v -11.9800 4.8750 -11.3300
f 17835 17836 17837 17838
g level_2_interior_headboard
usemtl furniture
v -12.1000 4.5000 -11.9200
v -12.1000 4.5000 -11.8200
v -11.0800 4.5000 -11.8200
v -11.0800 4.5000 -11.9200
f 17839 17840 17841 17842
v -12.1000 5.1500 -11.9200
v -11.0800 5.1500 -11.9200
v -11.0800 5.1500 -11.8200
v -12.1000 5.1500 -11.8200
f 17843 17844 17845 17846
v -12.1000 4.5000 -11.9200
v -11.0800 4.5000 -11.9200
v -11.0800 5.1500 -11.9200
v -12.1000 5.1500 -11.9200
f 17847 17848 17849 17850
v -11.0800 4.5000 -11.9200
v -11.0800 4.5000 -11.8200
v -11.0800 5.1500 -11.8200
v -11.0800 5.1500 -11.9200
f 17851 17852 17853 17854
v -11.0800 4.5000 -11.8200
v -12.1000 4.5000 -11.8200
v -12.1000 5.1500 -11.8200
v -11.0800 5.1500 -11.8200
f 17855 17856 17857 17858
v -12.1000 4.5000 -11.8200
v -12.1000 4.5000 -11.9200
v -12.1000 5.1500 -11.9200
v -12.1000 5.1500 -11.8200
f 17859 17860 17861 17862
g level_2_interior_cabinet
v -11.4000 4.1600 -8.6000
v -11.4000 4.1600 -7.8000
v -10.7500 4.1600 -7.8000
v -10.7500 4.1600 -8.6000
f 17863 17864 17865 17866
v -11.4000 4.9600 -8.6000
v -10.7500 4.9600 -8.6000
v -10.7500 4.9600 -7.8000
v -11.4000 4.9600 -7.8000
f 17867 17868 17869 17870
v -11.4000 4.1600 -8.6000
v -10.7500 4.1600 -8.6000
v -10.7500 4.9600 -8.6000
v -11.4000 4.9600 -8.6000
f 17871 17872 17873 17874
v -10.7500 4.1600 -8.6000
v -10.7500 4.1600 -7.8000
v -10.7500 4.9600 -7.8000
v -10.7500 4.9600 -8.6000
f 17875 17876 17877 17878
v -10.7500 4.1600 -7.8000
v -11.4000 4.1600 -7.8000
v -11.4000 4.9600 -7.8000
v -10.7500 4.9600 -7.8000
f 17879 17880 17881 17882
v -11.4000 4.1600 -7.8000
v -11.4000 4.1600 -8.6000
v -11.4000 4.9600 -8.6000
v -11.4000 4.9600 -7.8000
f 17883 17884 17885 17886
g level_2_interior_room_zone
usemtl room
v 10.6500 4.1100 -12.3500
v 10.6500 4.1100 -7.6500
v 16.4500 4.1100 -7.6500
v 16.4500 4.1100 -12.3500
f 17887 17888 17889 17890
v 10.6500 4.1550 -12.3500
v 16.4500 4.1550 -12.3500
v 16.4500 4.1550 -7.6500
v 10.6500 4.1550 -7.6500
f 17891 17892 17893 17894
v 10.6500 4.1100 -12.3500
v 16.4500 4.1100 -12.3500
v 16.4500 4.1550 -12.3500
v 10.6500 4.1550 -12.3500
f 17895 17896 17897 17898
v 16.4500 4.1100 -12.3500
v 16.4500 4.1100 -7.6500
v 16.4500 4.1550 -7.6500
v 16.4500 4.1550 -12.3500
f 17899 17900 17901 17902
v 16.4500 4.1100 -7.6500
v 10.6500 4.1100 -7.6500
v 10.6500 4.1550 -7.6500
v 16.4500 4.1550 -7.6500
f 17903 17904 17905 17906
v 10.6500 4.1100 -7.6500
v 10.6500 4.1100 -12.3500
v 10.6500 4.1550 -12.3500
v 10.6500 4.1550 -7.6500
f 17907 17908 17909 17910
g level_2_interior_schematic_partition
usemtl wall
v 10.6500 4.1550 -12.3500
v 10.6500 4.1550 -7.6500
v 10.7500 4.1550 -7.6500
v 10.7500 4.1550 -12.3500
f 17911 17912 17913 17914
v 10.6500 4.7750 -12.3500
v 10.7500 4.7750 -12.3500
v 10.7500 4.7750 -7.6500
v 10.6500 4.7750 -7.6500
f 17915 17916 17917 17918
v 10.6500 4.1550 -12.3500
v 10.7500 4.1550 -12.3500
v 10.7500 4.7750 -12.3500
v 10.6500 4.7750 -12.3500
f 17919 17920 17921 17922
v 10.7500 4.1550 -12.3500
v 10.7500 4.1550 -7.6500
v 10.7500 4.7750 -7.6500
v 10.7500 4.7750 -12.3500
f 17923 17924 17925 17926
v 10.7500 4.1550 -7.6500
v 10.6500 4.1550 -7.6500
v 10.6500 4.7750 -7.6500
v 10.7500 4.7750 -7.6500
f 17927 17928 17929 17930
v 10.6500 4.1550 -7.6500
v 10.6500 4.1550 -12.3500
v 10.6500 4.7750 -12.3500
v 10.6500 4.7750 -7.6500
f 17931 17932 17933 17934
v 10.6500 4.1550 -12.3500
v 10.6500 4.1550 -12.2500
v 16.4500 4.1550 -12.2500
v 16.4500 4.1550 -12.3500
f 17935 17936 17937 17938
v 10.6500 4.7750 -12.3500
v 16.4500 4.7750 -12.3500
v 16.4500 4.7750 -12.2500
v 10.6500 4.7750 -12.2500
f 17939 17940 17941 17942
v 10.6500 4.1550 -12.3500
v 16.4500 4.1550 -12.3500
v 16.4500 4.7750 -12.3500
v 10.6500 4.7750 -12.3500
f 17943 17944 17945 17946
v 16.4500 4.1550 -12.3500
v 16.4500 4.1550 -12.2500
v 16.4500 4.7750 -12.2500
v 16.4500 4.7750 -12.3500
f 17947 17948 17949 17950
v 16.4500 4.1550 -12.2500
v 10.6500 4.1550 -12.2500
v 10.6500 4.7750 -12.2500
v 16.4500 4.7750 -12.2500
f 17951 17952 17953 17954
v 10.6500 4.1550 -12.2500
v 10.6500 4.1550 -12.3500
v 10.6500 4.7750 -12.3500
v 10.6500 4.7750 -12.2500
f 17955 17956 17957 17958
g level_2_interior_bed_frame
usemtl furniture
v 11.0700 4.1500 -11.8700
v 11.0700 4.1500 -9.8200
v 12.0900 4.1500 -9.8200
v 12.0900 4.1500 -11.8700
f 17959 17960 17961 17962
v 11.0700 4.5700 -11.8700
v 12.0900 4.5700 -11.8700
v 12.0900 4.5700 -9.8200
v 11.0700 4.5700 -9.8200
f 17963 17964 17965 17966
v 11.0700 4.1500 -11.8700
v 12.0900 4.1500 -11.8700
v 12.0900 4.5700 -11.8700
v 11.0700 4.5700 -11.8700
f 17967 17968 17969 17970
v 12.0900 4.1500 -11.8700
v 12.0900 4.1500 -9.8200
v 12.0900 4.5700 -9.8200
v 12.0900 4.5700 -11.8700
f 17971 17972 17973 17974
v 12.0900 4.1500 -9.8200
v 11.0700 4.1500 -9.8200
v 11.0700 4.5700 -9.8200
v 12.0900 4.5700 -9.8200
f 17975 17976 17977 17978
v 11.0700 4.1500 -9.8200
v 11.0700 4.1500 -11.8700
v 11.0700 4.5700 -11.8700
v 11.0700 4.5700 -9.8200
f 17979 17980 17981 17982
g level_2_interior_bed_mattress
usemtl bed
v 11.1050 4.5700 -11.8350
v 11.1050 4.5700 -9.8550
v 12.0550 4.5700 -9.8550
v 12.0550 4.5700 -11.8350
f 17983 17984 17985 17986
v 11.1050 4.7700 -11.8350
v 12.0550 4.7700 -11.8350
v 12.0550 4.7700 -9.8550
v 11.1050 4.7700 -9.8550
f 17987 17988 17989 17990
v 11.1050 4.5700 -11.8350
v 12.0550 4.5700 -11.8350
v 12.0550 4.7700 -11.8350
v 11.1050 4.7700 -11.8350
f 17991 17992 17993 17994
v 12.0550 4.5700 -11.8350
v 12.0550 4.5700 -9.8550
v 12.0550 4.7700 -9.8550
v 12.0550 4.7700 -11.8350
f 17995 17996 17997 17998
v 12.0550 4.5700 -9.8550
v 11.1050 4.5700 -9.8550
v 11.1050 4.7700 -9.8550
v 12.0550 4.7700 -9.8550
f 17999 18000 18001 18002
v 11.1050 4.5700 -9.8550
v 11.1050 4.5700 -11.8350
v 11.1050 4.7700 -11.8350
v 11.1050 4.7700 -9.8550
f 18003 18004 18005 18006
g level_2_interior_blanket
usemtl blanket
v 11.1350 4.7800 -11.1900
v 11.1350 4.7800 -9.9400
v 12.0250 4.7800 -9.9400
v 12.0250 4.7800 -11.1900
f 18007 18008 18009 18010
v 11.1350 4.8150 -11.1900
v 12.0250 4.8150 -11.1900
v 12.0250 4.8150 -9.9400
v 11.1350 4.8150 -9.9400
f 18011 18012 18013 18014
v 11.1350 4.7800 -11.1900
v 12.0250 4.7800 -11.1900
v 12.0250 4.8150 -11.1900
v 11.1350 4.8150 -11.1900
f 18015 18016 18017 18018
v 12.0250 4.7800 -11.1900
v 12.0250 4.7800 -9.9400
v 12.0250 4.8150 -9.9400
v 12.0250 4.8150 -11.1900
f 18019 18020 18021 18022
v 12.0250 4.7800 -9.9400
v 11.1350 4.7800 -9.9400
v 11.1350 4.8150 -9.9400
v 12.0250 4.8150 -9.9400
f 18023 18024 18025 18026
v 11.1350 4.7800 -9.9400
v 11.1350 4.7800 -11.1900
v 11.1350 4.8150 -11.1900
v 11.1350 4.8150 -9.9400
f 18027 18028 18029 18030
g level_2_interior_pillow
usemtl pillow
v 11.1900 4.7850 -11.7500
v 11.1900 4.7850 -11.3300
v 11.9800 4.7850 -11.3300
v 11.9800 4.7850 -11.7500
f 18031 18032 18033 18034
v 11.1900 4.8750 -11.7500
v 11.9800 4.8750 -11.7500
v 11.9800 4.8750 -11.3300
v 11.1900 4.8750 -11.3300
f 18035 18036 18037 18038
v 11.1900 4.7850 -11.7500
v 11.9800 4.7850 -11.7500
v 11.9800 4.8750 -11.7500
v 11.1900 4.8750 -11.7500
f 18039 18040 18041 18042
v 11.9800 4.7850 -11.7500
v 11.9800 4.7850 -11.3300
v 11.9800 4.8750 -11.3300
v 11.9800 4.8750 -11.7500
f 18043 18044 18045 18046
v 11.9800 4.7850 -11.3300
v 11.1900 4.7850 -11.3300
v 11.1900 4.8750 -11.3300
v 11.9800 4.8750 -11.3300
f 18047 18048 18049 18050
v 11.1900 4.7850 -11.3300
v 11.1900 4.7850 -11.7500
v 11.1900 4.8750 -11.7500
v 11.1900 4.8750 -11.3300
f 18051 18052 18053 18054
g level_2_interior_headboard
usemtl furniture
v 11.0700 4.5000 -11.9200
v 11.0700 4.5000 -11.8200
v 12.0900 4.5000 -11.8200
v 12.0900 4.5000 -11.9200
f 18055 18056 18057 18058
v 11.0700 5.1500 -11.9200
v 12.0900 5.1500 -11.9200
v 12.0900 5.1500 -11.8200
v 11.0700 5.1500 -11.8200
f 18059 18060 18061 18062
v 11.0700 4.5000 -11.9200
v 12.0900 4.5000 -11.9200
v 12.0900 5.1500 -11.9200
v 11.0700 5.1500 -11.9200
f 18063 18064 18065 18066
v 12.0900 4.5000 -11.9200
v 12.0900 4.5000 -11.8200
v 12.0900 5.1500 -11.8200
v 12.0900 5.1500 -11.9200
f 18067 18068 18069 18070
v 12.0900 4.5000 -11.8200
v 11.0700 4.5000 -11.8200
v 11.0700 5.1500 -11.8200
v 12.0900 5.1500 -11.8200
f 18071 18072 18073 18074
v 11.0700 4.5000 -11.8200
v 11.0700 4.5000 -11.9200
v 11.0700 5.1500 -11.9200
v 11.0700 5.1500 -11.8200
f 18075 18076 18077 18078
g level_2_interior_bed_frame
v 15.0000 4.1500 -11.8700
v 15.0000 4.1500 -9.8200
v 16.0200 4.1500 -9.8200
v 16.0200 4.1500 -11.8700
f 18079 18080 18081 18082
v 15.0000 4.5700 -11.8700
v 16.0200 4.5700 -11.8700
v 16.0200 4.5700 -9.8200
v 15.0000 4.5700 -9.8200
f 18083 18084 18085 18086
v 15.0000 4.1500 -11.8700
v 16.0200 4.1500 -11.8700
v 16.0200 4.5700 -11.8700
v 15.0000 4.5700 -11.8700
f 18087 18088 18089 18090
v 16.0200 4.1500 -11.8700
v 16.0200 4.1500 -9.8200
v 16.0200 4.5700 -9.8200
v 16.0200 4.5700 -11.8700
f 18091 18092 18093 18094
v 16.0200 4.1500 -9.8200
v 15.0000 4.1500 -9.8200
v 15.0000 4.5700 -9.8200
v 16.0200 4.5700 -9.8200
f 18095 18096 18097 18098
v 15.0000 4.1500 -9.8200
v 15.0000 4.1500 -11.8700
v 15.0000 4.5700 -11.8700
v 15.0000 4.5700 -9.8200
f 18099 18100 18101 18102
g level_2_interior_bed_mattress
usemtl bed
v 15.0350 4.5700 -11.8350
v 15.0350 4.5700 -9.8550
v 15.9850 4.5700 -9.8550
v 15.9850 4.5700 -11.8350
f 18103 18104 18105 18106
v 15.0350 4.7700 -11.8350
v 15.9850 4.7700 -11.8350
v 15.9850 4.7700 -9.8550
v 15.0350 4.7700 -9.8550
f 18107 18108 18109 18110
v 15.0350 4.5700 -11.8350
v 15.9850 4.5700 -11.8350
v 15.9850 4.7700 -11.8350
v 15.0350 4.7700 -11.8350
f 18111 18112 18113 18114
v 15.9850 4.5700 -11.8350
v 15.9850 4.5700 -9.8550
v 15.9850 4.7700 -9.8550
v 15.9850 4.7700 -11.8350
f 18115 18116 18117 18118
v 15.9850 4.5700 -9.8550
v 15.0350 4.5700 -9.8550
v 15.0350 4.7700 -9.8550
v 15.9850 4.7700 -9.8550
f 18119 18120 18121 18122
v 15.0350 4.5700 -9.8550
v 15.0350 4.5700 -11.8350
v 15.0350 4.7700 -11.8350
v 15.0350 4.7700 -9.8550
f 18123 18124 18125 18126
g level_2_interior_blanket
usemtl blanket
v 15.0650 4.7800 -11.1900
v 15.0650 4.7800 -9.9400
v 15.9550 4.7800 -9.9400
v 15.9550 4.7800 -11.1900
f 18127 18128 18129 18130
v 15.0650 4.8150 -11.1900
v 15.9550 4.8150 -11.1900
v 15.9550 4.8150 -9.9400
v 15.0650 4.8150 -9.9400
f 18131 18132 18133 18134
v 15.0650 4.7800 -11.1900
v 15.9550 4.7800 -11.1900
v 15.9550 4.8150 -11.1900
v 15.0650 4.8150 -11.1900
f 18135 18136 18137 18138
v 15.9550 4.7800 -11.1900
v 15.9550 4.7800 -9.9400
v 15.9550 4.8150 -9.9400
v 15.9550 4.8150 -11.1900
f 18139 18140 18141 18142
v 15.9550 4.7800 -9.9400
v 15.0650 4.7800 -9.9400
v 15.0650 4.8150 -9.9400
v 15.9550 4.8150 -9.9400
f 18143 18144 18145 18146
v 15.0650 4.7800 -9.9400
v 15.0650 4.7800 -11.1900
v 15.0650 4.8150 -11.1900
v 15.0650 4.8150 -9.9400
f 18147 18148 18149 18150
g level_2_interior_pillow
usemtl pillow
v 15.1200 4.7850 -11.7500
v 15.1200 4.7850 -11.3300
v 15.9100 4.7850 -11.3300
v 15.9100 4.7850 -11.7500
f 18151 18152 18153 18154
v 15.1200 4.8750 -11.7500
v 15.9100 4.8750 -11.7500
v 15.9100 4.8750 -11.3300
v 15.1200 4.8750 -11.3300
f 18155 18156 18157 18158
v 15.1200 4.7850 -11.7500
v 15.9100 4.7850 -11.7500
v 15.9100 4.8750 -11.7500
v 15.1200 4.8750 -11.7500
f 18159 18160 18161 18162
v 15.9100 4.7850 -11.7500
v 15.9100 4.7850 -11.3300
v 15.9100 4.8750 -11.3300
v 15.9100 4.8750 -11.7500
f 18163 18164 18165 18166
v 15.9100 4.7850 -11.3300
v 15.1200 4.7850 -11.3300
v 15.1200 4.8750 -11.3300
v 15.9100 4.8750 -11.3300
f 18167 18168 18169 18170
v 15.1200 4.7850 -11.3300
v 15.1200 4.7850 -11.7500
v 15.1200 4.8750 -11.7500
v 15.1200 4.8750 -11.3300
f 18171 18172 18173 18174
g level_2_interior_headboard
usemtl furniture
v 15.0000 4.5000 -11.9200
v 15.0000 4.5000 -11.8200
v 16.0200 4.5000 -11.8200
v 16.0200 4.5000 -11.9200
f 18175 18176 18177 18178
v 15.0000 5.1500 -11.9200
v 16.0200 5.1500 -11.9200
v 16.0200 5.1500 -11.8200
v 15.0000 5.1500 -11.8200
f 18179 18180 18181 18182
v 15.0000 4.5000 -11.9200
v 16.0200 4.5000 -11.9200
v 16.0200 5.1500 -11.9200
v 15.0000 5.1500 -11.9200
f 18183 18184 18185 18186
v 16.0200 4.5000 -11.9200
v 16.0200 4.5000 -11.8200
v 16.0200 5.1500 -11.8200
v 16.0200 5.1500 -11.9200
f 18187 18188 18189 18190
v 16.0200 4.5000 -11.8200
v 15.0000 4.5000 -11.8200
v 15.0000 5.1500 -11.8200
v 16.0200 5.1500 -11.8200
f 18191 18192 18193 18194
v 15.0000 4.5000 -11.8200
v 15.0000 4.5000 -11.9200
v 15.0000 5.1500 -11.9200
v 15.0000 5.1500 -11.8200
f 18195 18196 18197 18198
g level_2_interior_cabinet
v 15.7000 4.1600 -8.6000
v 15.7000 4.1600 -7.8000
v 16.3500 4.1600 -7.8000
v 16.3500 4.1600 -8.6000
f 18199 18200 18201 18202
v 15.7000 4.9600 -8.6000
v 16.3500 4.9600 -8.6000
v 16.3500 4.9600 -7.8000
v 15.7000 4.9600 -7.8000
f 18203 18204 18205 18206
v 15.7000 4.1600 -8.6000
v 16.3500 4.1600 -8.6000
v 16.3500 4.9600 -8.6000
v 15.7000 4.9600 -8.6000
f 18207 18208 18209 18210
v 16.3500 4.1600 -8.6000
v 16.3500 4.1600 -7.8000
v 16.3500 4.9600 -7.8000
v 16.3500 4.9600 -8.6000
f 18211 18212 18213 18214
v 16.3500 4.1600 -7.8000
v 15.7000 4.1600 -7.8000
v 15.7000 4.9600 -7.8000
v 16.3500 4.9600 -7.8000
f 18215 18216 18217 18218
v 15.7000 4.1600 -7.8000
v 15.7000 4.1600 -8.6000
v 15.7000 4.9600 -8.6000
v 15.7000 4.9600 -7.8000
f 18219 18220 18221 18222
g level_2_interior_room_zone
usemtl room
v -16.4500 4.1100 -7.6000
v -16.4500 4.1100 -2.9000
v -10.6500 4.1100 -2.9000
v -10.6500 4.1100 -7.6000
f 18223 18224 18225 18226
v -16.4500 4.1550 -7.6000
v -10.6500 4.1550 -7.6000
v -10.6500 4.1550 -2.9000
v -16.4500 4.1550 -2.9000
f 18227 18228 18229 18230
v -16.4500 4.1100 -7.6000
v -10.6500 4.1100 -7.6000
v -10.6500 4.1550 -7.6000
v -16.4500 4.1550 -7.6000
f 18231 18232 18233 18234
v -10.6500 4.1100 -7.6000
v -10.6500 4.1100 -2.9000
v -10.6500 4.1550 -2.9000
v -10.6500 4.1550 -7.6000
f 18235 18236 18237 18238
v -10.6500 4.1100 -2.9000
v -16.4500 4.1100 -2.9000
v -16.4500 4.1550 -2.9000
v -10.6500 4.1550 -2.9000
f 18239 18240 18241 18242
v -16.4500 4.1100 -2.9000
v -16.4500 4.1100 -7.6000
v -16.4500 4.1550 -7.6000
v -16.4500 4.1550 -2.9000
f 18243 18244 18245 18246
g level_2_interior_schematic_partition
usemtl wall
v -16.4500 4.1550 -7.6000
v -16.4500 4.1550 -2.9000
v -16.3500 4.1550 -2.9000
v -16.3500 4.1550 -7.6000
f 18247 18248 18249 18250
v -16.4500 4.7750 -7.6000
v -16.3500 4.7750 -7.6000
v -16.3500 4.7750 -2.9000
v -16.4500 4.7750 -2.9000
f 18251 18252 18253 18254
v -16.4500 4.1550 -7.6000
v -16.3500 4.1550 -7.6000
v -16.3500 4.7750 -7.6000
v -16.4500 4.7750 -7.6000
f 18255 18256 18257 18258
v -16.3500 4.1550 -7.6000
v -16.3500 4.1550 -2.9000
v -16.3500 4.7750 -2.9000
v -16.3500 4.7750 -7.6000
f 18259 18260 18261 18262
v -16.3500 4.1550 -2.9000
v -16.4500 4.1550 -2.9000
v -16.4500 4.7750 -2.9000
v -16.3500 4.7750 -2.9000
f 18263 18264 18265 18266
v -16.4500 4.1550 -2.9000
v -16.4500 4.1550 -7.6000
v -16.4500 4.7750 -7.6000
v -16.4500 4.7750 -2.9000
f 18267 18268 18269 18270
v -16.4500 4.1550 -7.6000
v -16.4500 4.1550 -7.5000
v -10.6500 4.1550 -7.5000
v -10.6500 4.1550 -7.6000
f 18271 18272 18273 18274
v -16.4500 4.7750 -7.6000
v -10.6500 4.7750 -7.6000
v -10.6500 4.7750 -7.5000
v -16.4500 4.7750 -7.5000
f 18275 18276 18277 18278
v -16.4500 4.1550 -7.6000
v -10.6500 4.1550 -7.6000
v -10.6500 4.7750 -7.6000
v -16.4500 4.7750 -7.6000
f 18279 18280 18281 18282
v -10.6500 4.1550 -7.6000
v -10.6500 4.1550 -7.5000
v -10.6500 4.7750 -7.5000
v -10.6500 4.7750 -7.6000
f 18283 18284 18285 18286
v -10.6500 4.1550 -7.5000
v -16.4500 4.1550 -7.5000
v -16.4500 4.7750 -7.5000
v -10.6500 4.7750 -7.5000
f 18287 18288 18289 18290
v -16.4500 4.1550 -7.5000
v -16.4500 4.1550 -7.6000
v -16.4500 4.7750 -7.6000
v -16.4500 4.7750 -7.5000
f 18291 18292 18293 18294
g level_2_interior_bed_frame
usemtl furniture
v -16.0300 4.1500 -7.1200
v -16.0300 4.1500 -5.0700
v -15.0100 4.1500 -5.0700
v -15.0100 4.1500 -7.1200
f 18295 18296 18297 18298
v -16.0300 4.5700 -7.1200
v -15.0100 4.5700 -7.1200
v -15.0100 4.5700 -5.0700
v -16.0300 4.5700 -5.0700
f 18299 18300 18301 18302
v -16.0300 4.1500 -7.1200
v -15.0100 4.1500 -7.1200
v -15.0100 4.5700 -7.1200
v -16.0300 4.5700 -7.1200
f 18303 18304 18305 18306
v -15.0100 4.1500 -7.1200
v -15.0100 4.1500 -5.0700
v -15.0100 4.5700 -5.0700
v -15.0100 4.5700 -7.1200
f 18307 18308 18309 18310
v -15.0100 4.1500 -5.0700
v -16.0300 4.1500 -5.0700
v -16.0300 4.5700 -5.0700
v -15.0100 4.5700 -5.0700
f 18311 18312 18313 18314
v -16.0300 4.1500 -5.0700
v -16.0300 4.1500 -7.1200
v -16.0300 4.5700 -7.1200
v -16.0300 4.5700 -5.0700
f 18315 18316 18317 18318
g level_2_interior_bed_mattress
usemtl bed
v -15.9950 4.5700 -7.0850
v -15.9950 4.5700 -5.1050
v -15.0450 4.5700 -5.1050
v -15.0450 4.5700 -7.0850
f 18319 18320 18321 18322
v -15.9950 4.7700 -7.0850
v -15.0450 4.7700 -7.0850
v -15.0450 4.7700 -5.1050
v -15.9950 4.7700 -5.1050
f 18323 18324 18325 18326
v -15.9950 4.5700 -7.0850
v -15.0450 4.5700 -7.0850
v -15.0450 4.7700 -7.0850
v -15.9950 4.7700 -7.0850
f 18327 18328 18329 18330
v -15.0450 4.5700 -7.0850
v -15.0450 4.5700 -5.1050
v -15.0450 4.7700 -5.1050
v -15.0450 4.7700 -7.0850
f 18331 18332 18333 18334
v -15.0450 4.5700 -5.1050
v -15.9950 4.5700 -5.1050
v -15.9950 4.7700 -5.1050
v -15.0450 4.7700 -5.1050
f 18335 18336 18337 18338
v -15.9950 4.5700 -5.1050
v -15.9950 4.5700 -7.0850
v -15.9950 4.7700 -7.0850
v -15.9950 4.7700 -5.1050
f 18339 18340 18341 18342
g level_2_interior_blanket
usemtl blanket
v -15.9650 4.7800 -6.4400
v -15.9650 4.7800 -5.1900
v -15.0750 4.7800 -5.1900
v -15.0750 4.7800 -6.4400
f 18343 18344 18345 18346
v -15.9650 4.8150 -6.4400
v -15.0750 4.8150 -6.4400
v -15.0750 4.8150 -5.1900
v -15.9650 4.8150 -5.1900
f 18347 18348 18349 18350
v -15.9650 4.7800 -6.4400
v -15.0750 4.7800 -6.4400
v -15.0750 4.8150 -6.4400
v -15.9650 4.8150 -6.4400
f 18351 18352 18353 18354
v -15.0750 4.7800 -6.4400
v -15.0750 4.7800 -5.1900
v -15.0750 4.8150 -5.1900
v -15.0750 4.8150 -6.4400
f 18355 18356 18357 18358
v -15.0750 4.7800 -5.1900
v -15.9650 4.7800 -5.1900
v -15.9650 4.8150 -5.1900
v -15.0750 4.8150 -5.1900
f 18359 18360 18361 18362
v -15.9650 4.7800 -5.1900
v -15.9650 4.7800 -6.4400
v -15.9650 4.8150 -6.4400
v -15.9650 4.8150 -5.1900
f 18363 18364 18365 18366
g level_2_interior_pillow
usemtl pillow
v -15.9100 4.7850 -7.0000
v -15.9100 4.7850 -6.5800
v -15.1200 4.7850 -6.5800
v -15.1200 4.7850 -7.0000
f 18367 18368 18369 18370
v -15.9100 4.8750 -7.0000
v -15.1200 4.8750 -7.0000
v -15.1200 4.8750 -6.5800
v -15.9100 4.8750 -6.5800
f 18371 18372 18373 18374
v -15.9100 4.7850 -7.0000
v -15.1200 4.7850 -7.0000
v -15.1200 4.8750 -7.0000
v -15.9100 4.8750 -7.0000
f 18375 18376 18377 18378
v -15.1200 4.7850 -7.0000
v -15.1200 4.7850 -6.5800
v -15.1200 4.8750 -6.5800
v -15.1200 4.8750 -7.0000
f 18379 18380 18381 18382
v -15.1200 4.7850 -6.5800
v -15.9100 4.7850 -6.5800
v -15.9100 4.8750 -6.5800
v -15.1200 4.8750 -6.5800
f 18383 18384 18385 18386
v -15.9100 4.7850 -6.5800
v -15.9100 4.7850 -7.0000
v -15.9100 4.8750 -7.0000
v -15.9100 4.8750 -6.5800
f 18387 18388 18389 18390
g level_2_interior_headboard
usemtl furniture
v -16.0300 4.5000 -7.1700
v -16.0300 4.5000 -7.0700
v -15.0100 4.5000 -7.0700
v -15.0100 4.5000 -7.1700
f 18391 18392 18393 18394
v -16.0300 5.1500 -7.1700
v -15.0100 5.1500 -7.1700
v -15.0100 5.1500 -7.0700
v -16.0300 5.1500 -7.0700
f 18395 18396 18397 18398
v -16.0300 4.5000 -7.1700
v -15.0100 4.5000 -7.1700
v -15.0100 5.1500 -7.1700
v -16.0300 5.1500 -7.1700
f 18399 18400 18401 18402
v -15.0100 4.5000 -7.1700
v -15.0100 4.5000 -7.0700
v -15.0100 5.1500 -7.0700
v -15.0100 5.1500 -7.1700
f 18403 18404 18405 18406
v -15.0100 4.5000 -7.0700
v -16.0300 4.5000 -7.0700
v -16.0300 5.1500 -7.0700
v -15.0100 5.1500 -7.0700
f 18407 18408 18409 18410
v -16.0300 4.5000 -7.0700
v -16.0300 4.5000 -7.1700
v -16.0300 5.1500 -7.1700
v -16.0300 5.1500 -7.0700
f 18411 18412 18413 18414
g level_2_interior_bed_frame
v -12.1000 4.1500 -7.1200
v -12.1000 4.1500 -5.0700
v -11.0800 4.1500 -5.0700
v -11.0800 4.1500 -7.1200
f 18415 18416 18417 18418
v -12.1000 4.5700 -7.1200
v -11.0800 4.5700 -7.1200
v -11.0800 4.5700 -5.0700
v -12.1000 4.5700 -5.0700
f 18419 18420 18421 18422
v -12.1000 4.1500 -7.1200
v -11.0800 4.1500 -7.1200
v -11.0800 4.5700 -7.1200
v -12.1000 4.5700 -7.1200
f 18423 18424 18425 18426
v -11.0800 4.1500 -7.1200
v -11.0800 4.1500 -5.0700
v -11.0800 4.5700 -5.0700
v -11.0800 4.5700 -7.1200
f 18427 18428 18429 18430
v -11.0800 4.1500 -5.0700
v -12.1000 4.1500 -5.0700
v -12.1000 4.5700 -5.0700
v -11.0800 4.5700 -5.0700
f 18431 18432 18433 18434
v -12.1000 4.1500 -5.0700
v -12.1000 4.1500 -7.1200
v -12.1000 4.5700 -7.1200
v -12.1000 4.5700 -5.0700
f 18435 18436 18437 18438
g level_2_interior_bed_mattress
usemtl bed
v -12.0650 4.5700 -7.0850
v -12.0650 4.5700 -5.1050
v -11.1150 4.5700 -5.1050
v -11.1150 4.5700 -7.0850
f 18439 18440 18441 18442
v -12.0650 4.7700 -7.0850
v -11.1150 4.7700 -7.0850
v -11.1150 4.7700 -5.1050
v -12.0650 4.7700 -5.1050
f 18443 18444 18445 18446
v -12.0650 4.5700 -7.0850
v -11.1150 4.5700 -7.0850
v -11.1150 4.7700 -7.0850
v -12.0650 4.7700 -7.0850
f 18447 18448 18449 18450
v -11.1150 4.5700 -7.0850
v -11.1150 4.5700 -5.1050
v -11.1150 4.7700 -5.1050
v -11.1150 4.7700 -7.0850
f 18451 18452 18453 18454
v -11.1150 4.5700 -5.1050
v -12.0650 4.5700 -5.1050
v -12.0650 4.7700 -5.1050
v -11.1150 4.7700 -5.1050
f 18455 18456 18457 18458
v -12.0650 4.5700 -5.1050
v -12.0650 4.5700 -7.0850
v -12.0650 4.7700 -7.0850
v -12.0650 4.7700 -5.1050
f 18459 18460 18461 18462
g level_2_interior_blanket
usemtl blanket
v -12.0350 4.7800 -6.4400
v -12.0350 4.7800 -5.1900
v -11.1450 4.7800 -5.1900
v -11.1450 4.7800 -6.4400
f 18463 18464 18465 18466
v -12.0350 4.8150 -6.4400
v -11.1450 4.8150 -6.4400
v -11.1450 4.8150 -5.1900
v -12.0350 4.8150 -5.1900
f 18467 18468 18469 18470
v -12.0350 4.7800 -6.4400
v -11.1450 4.7800 -6.4400
v -11.1450 4.8150 -6.4400
v -12.0350 4.8150 -6.4400
f 18471 18472 18473 18474
v -11.1450 4.7800 -6.4400
v -11.1450 4.7800 -5.1900
v -11.1450 4.8150 -5.1900
v -11.1450 4.8150 -6.4400
f 18475 18476 18477 18478
v -11.1450 4.7800 -5.1900
v -12.0350 4.7800 -5.1900
v -12.0350 4.8150 -5.1900
v -11.1450 4.8150 -5.1900
f 18479 18480 18481 18482
v -12.0350 4.7800 -5.1900
v -12.0350 4.7800 -6.4400
v -12.0350 4.8150 -6.4400
v -12.0350 4.8150 -5.1900
f 18483 18484 18485 18486
g level_2_interior_pillow
usemtl pillow
v -11.9800 4.7850 -7.0000
v -11.9800 4.7850 -6.5800
v -11.1900 4.7850 -6.5800
v -11.1900 4.7850 -7.0000
f 18487 18488 18489 18490
v -11.9800 4.8750 -7.0000
v -11.1900 4.8750 -7.0000
v -11.1900 4.8750 -6.5800
v -11.9800 4.8750 -6.5800
f 18491 18492 18493 18494
v -11.9800 4.7850 -7.0000
v -11.1900 4.7850 -7.0000
v -11.1900 4.8750 -7.0000
v -11.9800 4.8750 -7.0000
f 18495 18496 18497 18498
v -11.1900 4.7850 -7.0000
v -11.1900 4.7850 -6.5800
v -11.1900 4.8750 -6.5800
v -11.1900 4.8750 -7.0000
f 18499 18500 18501 18502
v -11.1900 4.7850 -6.5800
v -11.9800 4.7850 -6.5800
v -11.9800 4.8750 -6.5800
v -11.1900 4.8750 -6.5800
f 18503 18504 18505 18506
v -11.9800 4.7850 -6.5800
v -11.9800 4.7850 -7.0000
v -11.9800 4.8750 -7.0000
v -11.9800 4.8750 -6.5800
f 18507 18508 18509 18510
g level_2_interior_headboard
usemtl furniture
v -12.1000 4.5000 -7.1700
v -12.1000 4.5000 -7.0700
v -11.0800 4.5000 -7.0700
v -11.0800 4.5000 -7.1700
f 18511 18512 18513 18514
v -12.1000 5.1500 -7.1700
v -11.0800 5.1500 -7.1700
v -11.0800 5.1500 -7.0700
v -12.1000 5.1500 -7.0700
f 18515 18516 18517 18518
v -12.1000 4.5000 -7.1700
v -11.0800 4.5000 -7.1700
v -11.0800 5.1500 -7.1700
v -12.1000 5.1500 -7.1700
f 18519 18520 18521 18522
v -11.0800 4.5000 -7.1700
v -11.0800 4.5000 -7.0700
v -11.0800 5.1500 -7.0700
v -11.0800 5.1500 -7.1700
f 18523 18524 18525 18526
v -11.0800 4.5000 -7.0700
v -12.1000 4.5000 -7.0700
v -12.1000 5.1500 -7.0700
v -11.0800 5.1500 -7.0700
f 18527 18528 18529 18530
v -12.1000 4.5000 -7.0700
v -12.1000 4.5000 -7.1700
v -12.1000 5.1500 -7.1700
v -12.1000 5.1500 -7.0700
f 18531 18532 18533 18534
g level_2_interior_cabinet
v -11.4000 4.1600 -3.8500
v -11.4000 4.1600 -3.0500
v -10.7500 4.1600 -3.0500
v -10.7500 4.1600 -3.8500
f 18535 18536 18537 18538
v -11.4000 4.9600 -3.8500
v -10.7500 4.9600 -3.8500
v -10.7500 4.9600 -3.0500
v -11.4000 4.9600 -3.0500
f 18539 18540 18541 18542
v -11.4000 4.1600 -3.8500
v -10.7500 4.1600 -3.8500
v -10.7500 4.9600 -3.8500
v -11.4000 4.9600 -3.8500
f 18543 18544 18545 18546
v -10.7500 4.1600 -3.8500
v -10.7500 4.1600 -3.0500
v -10.7500 4.9600 -3.0500
v -10.7500 4.9600 -3.8500
f 18547 18548 18549 18550
v -10.7500 4.1600 -3.0500
v -11.4000 4.1600 -3.0500
v -11.4000 4.9600 -3.0500
v -10.7500 4.9600 -3.0500
f 18551 18552 18553 18554
v -11.4000 4.1600 -3.0500
v -11.4000 4.1600 -3.8500
v -11.4000 4.9600 -3.8500
v -11.4000 4.9600 -3.0500
f 18555 18556 18557 18558
g level_2_interior_room_zone
usemtl room
v 10.6500 4.1100 -7.6000
v 10.6500 4.1100 -2.9000
v 16.4500 4.1100 -2.9000
v 16.4500 4.1100 -7.6000
f 18559 18560 18561 18562
v 10.6500 4.1550 -7.6000
v 16.4500 4.1550 -7.6000
v 16.4500 4.1550 -2.9000
v 10.6500 4.1550 -2.9000
f 18563 18564 18565 18566
v 10.6500 4.1100 -7.6000
v 16.4500 4.1100 -7.6000
v 16.4500 4.1550 -7.6000
v 10.6500 4.1550 -7.6000
f 18567 18568 18569 18570
v 16.4500 4.1100 -7.6000
v 16.4500 4.1100 -2.9000
v 16.4500 4.1550 -2.9000
v 16.4500 4.1550 -7.6000
f 18571 18572 18573 18574
v 16.4500 4.1100 -2.9000
v 10.6500 4.1100 -2.9000
v 10.6500 4.1550 -2.9000
v 16.4500 4.1550 -2.9000
f 18575 18576 18577 18578
v 10.6500 4.1100 -2.9000
v 10.6500 4.1100 -7.6000
v 10.6500 4.1550 -7.6000
v 10.6500 4.1550 -2.9000
f 18579 18580 18581 18582
g level_2_interior_schematic_partition
usemtl wall
v 10.6500 4.1550 -7.6000
v 10.6500 4.1550 -2.9000
v 10.7500 4.1550 -2.9000
v 10.7500 4.1550 -7.6000
f 18583 18584 18585 18586
v 10.6500 4.7750 -7.6000
v 10.7500 4.7750 -7.6000
v 10.7500 4.7750 -2.9000
v 10.6500 4.7750 -2.9000
f 18587 18588 18589 18590
v 10.6500 4.1550 -7.6000
v 10.7500 4.1550 -7.6000
v 10.7500 4.7750 -7.6000
v 10.6500 4.7750 -7.6000
f 18591 18592 18593 18594
v 10.7500 4.1550 -7.6000
v 10.7500 4.1550 -2.9000
v 10.7500 4.7750 -2.9000
v 10.7500 4.7750 -7.6000
f 18595 18596 18597 18598
v 10.7500 4.1550 -2.9000
v 10.6500 4.1550 -2.9000
v 10.6500 4.7750 -2.9000
v 10.7500 4.7750 -2.9000
f 18599 18600 18601 18602
v 10.6500 4.1550 -2.9000
v 10.6500 4.1550 -7.6000
v 10.6500 4.7750 -7.6000
v 10.6500 4.7750 -2.9000
f 18603 18604 18605 18606
v 10.6500 4.1550 -7.6000
v 10.6500 4.1550 -7.5000
v 16.4500 4.1550 -7.5000
v 16.4500 4.1550 -7.6000
f 18607 18608 18609 18610
v 10.6500 4.7750 -7.6000
v 16.4500 4.7750 -7.6000
v 16.4500 4.7750 -7.5000
v 10.6500 4.7750 -7.5000
f 18611 18612 18613 18614
v 10.6500 4.1550 -7.6000
v 16.4500 4.1550 -7.6000
v 16.4500 4.7750 -7.6000
v 10.6500 4.7750 -7.6000
f 18615 18616 18617 18618
v 16.4500 4.1550 -7.6000
v 16.4500 4.1550 -7.5000
v 16.4500 4.7750 -7.5000
v 16.4500 4.7750 -7.6000
f 18619 18620 18621 18622
v 16.4500 4.1550 -7.5000
v 10.6500 4.1550 -7.5000
v 10.6500 4.7750 -7.5000
v 16.4500 4.7750 -7.5000
f 18623 18624 18625 18626
v 10.6500 4.1550 -7.5000
v 10.6500 4.1550 -7.6000
v 10.6500 4.7750 -7.6000
v 10.6500 4.7750 -7.5000
f 18627 18628 18629 18630
g level_2_interior_bed_frame
usemtl furniture
v 11.0700 4.1500 -7.1200
v 11.0700 4.1500 -5.0700
v 12.0900 4.1500 -5.0700
v 12.0900 4.1500 -7.1200
f 18631 18632 18633 18634
v 11.0700 4.5700 -7.1200
v 12.0900 4.5700 -7.1200
v 12.0900 4.5700 -5.0700
v 11.0700 4.5700 -5.0700
f 18635 18636 18637 18638
v 11.0700 4.1500 -7.1200
v 12.0900 4.1500 -7.1200
v 12.0900 4.5700 -7.1200
v 11.0700 4.5700 -7.1200
f 18639 18640 18641 18642
v 12.0900 4.1500 -7.1200
v 12.0900 4.1500 -5.0700
v 12.0900 4.5700 -5.0700
v 12.0900 4.5700 -7.1200
f 18643 18644 18645 18646
v 12.0900 4.1500 -5.0700
v 11.0700 4.1500 -5.0700
v 11.0700 4.5700 -5.0700
v 12.0900 4.5700 -5.0700
f 18647 18648 18649 18650
v 11.0700 4.1500 -5.0700
v 11.0700 4.1500 -7.1200
v 11.0700 4.5700 -7.1200
v 11.0700 4.5700 -5.0700
f 18651 18652 18653 18654
g level_2_interior_bed_mattress
usemtl bed
v 11.1050 4.5700 -7.0850
v 11.1050 4.5700 -5.1050
v 12.0550 4.5700 -5.1050
v 12.0550 4.5700 -7.0850
f 18655 18656 18657 18658
v 11.1050 4.7700 -7.0850
v 12.0550 4.7700 -7.0850
v 12.0550 4.7700 -5.1050
v 11.1050 4.7700 -5.1050
f 18659 18660 18661 18662
v 11.1050 4.5700 -7.0850
v 12.0550 4.5700 -7.0850
v 12.0550 4.7700 -7.0850
v 11.1050 4.7700 -7.0850
f 18663 18664 18665 18666
v 12.0550 4.5700 -7.0850
v 12.0550 4.5700 -5.1050
v 12.0550 4.7700 -5.1050
v 12.0550 4.7700 -7.0850
f 18667 18668 18669 18670
v 12.0550 4.5700 -5.1050
v 11.1050 4.5700 -5.1050
v 11.1050 4.7700 -5.1050
v 12.0550 4.7700 -5.1050
f 18671 18672 18673 18674
v 11.1050 4.5700 -5.1050
v 11.1050 4.5700 -7.0850
v 11.1050 4.7700 -7.0850
v 11.1050 4.7700 -5.1050
f 18675 18676 18677 18678
g level_2_interior_blanket
usemtl blanket
v 11.1350 4.7800 -6.4400
v 11.1350 4.7800 -5.1900
v 12.0250 4.7800 -5.1900
v 12.0250 4.7800 -6.4400
f 18679 18680 18681 18682
v 11.1350 4.8150 -6.4400
v 12.0250 4.8150 -6.4400
v 12.0250 4.8150 -5.1900
v 11.1350 4.8150 -5.1900
f 18683 18684 18685 18686
v 11.1350 4.7800 -6.4400
v 12.0250 4.7800 -6.4400
v 12.0250 4.8150 -6.4400
v 11.1350 4.8150 -6.4400
f 18687 18688 18689 18690
v 12.0250 4.7800 -6.4400
v 12.0250 4.7800 -5.1900
v 12.0250 4.8150 -5.1900
v 12.0250 4.8150 -6.4400
f 18691 18692 18693 18694
v 12.0250 4.7800 -5.1900
v 11.1350 4.7800 -5.1900
v 11.1350 4.8150 -5.1900
v 12.0250 4.8150 -5.1900
f 18695 18696 18697 18698
v 11.1350 4.7800 -5.1900
v 11.1350 4.7800 -6.4400
v 11.1350 4.8150 -6.4400
v 11.1350 4.8150 -5.1900
f 18699 18700 18701 18702
g level_2_interior_pillow
usemtl pillow
v 11.1900 4.7850 -7.0000
v 11.1900 4.7850 -6.5800
v 11.9800 4.7850 -6.5800
v 11.9800 4.7850 -7.0000
f 18703 18704 18705 18706
v 11.1900 4.8750 -7.0000
v 11.9800 4.8750 -7.0000
v 11.9800 4.8750 -6.5800
v 11.1900 4.8750 -6.5800
f 18707 18708 18709 18710
v 11.1900 4.7850 -7.0000
v 11.9800 4.7850 -7.0000
v 11.9800 4.8750 -7.0000
v 11.1900 4.8750 -7.0000
f 18711 18712 18713 18714
v 11.9800 4.7850 -7.0000
v 11.9800 4.7850 -6.5800
v 11.9800 4.8750 -6.5800
v 11.9800 4.8750 -7.0000
f 18715 18716 18717 18718
v 11.9800 4.7850 -6.5800
v 11.1900 4.7850 -6.5800
v 11.1900 4.8750 -6.5800
v 11.9800 4.8750 -6.5800
f 18719 18720 18721 18722
v 11.1900 4.7850 -6.5800
v 11.1900 4.7850 -7.0000
v 11.1900 4.8750 -7.0000
v 11.1900 4.8750 -6.5800
f 18723 18724 18725 18726
g level_2_interior_headboard
usemtl furniture
v 11.0700 4.5000 -7.1700
v 11.0700 4.5000 -7.0700
v 12.0900 4.5000 -7.0700
v 12.0900 4.5000 -7.1700
f 18727 18728 18729 18730
v 11.0700 5.1500 -7.1700
v 12.0900 5.1500 -7.1700
v 12.0900 5.1500 -7.0700
v 11.0700 5.1500 -7.0700
f 18731 18732 18733 18734
v 11.0700 4.5000 -7.1700
v 12.0900 4.5000 -7.1700
v 12.0900 5.1500 -7.1700
v 11.0700 5.1500 -7.1700
f 18735 18736 18737 18738
v 12.0900 4.5000 -7.1700
v 12.0900 4.5000 -7.0700
v 12.0900 5.1500 -7.0700
v 12.0900 5.1500 -7.1700
f 18739 18740 18741 18742
v 12.0900 4.5000 -7.0700
v 11.0700 4.5000 -7.0700
v 11.0700 5.1500 -7.0700
v 12.0900 5.1500 -7.0700
f 18743 18744 18745 18746
v 11.0700 4.5000 -7.0700
v 11.0700 4.5000 -7.1700
v 11.0700 5.1500 -7.1700
v 11.0700 5.1500 -7.0700
f 18747 18748 18749 18750
g level_2_interior_bed_frame
v 15.0000 4.1500 -7.1200
v 15.0000 4.1500 -5.0700
v 16.0200 4.1500 -5.0700
v 16.0200 4.1500 -7.1200
f 18751 18752 18753 18754
v 15.0000 4.5700 -7.1200
v 16.0200 4.5700 -7.1200
v 16.0200 4.5700 -5.0700
v 15.0000 4.5700 -5.0700
f 18755 18756 18757 18758
v 15.0000 4.1500 -7.1200
v 16.0200 4.1500 -7.1200
v 16.0200 4.5700 -7.1200
v 15.0000 4.5700 -7.1200
f 18759 18760 18761 18762
v 16.0200 4.1500 -7.1200
v 16.0200 4.1500 -5.0700
v 16.0200 4.5700 -5.0700
v 16.0200 4.5700 -7.1200
f 18763 18764 18765 18766
v 16.0200 4.1500 -5.0700
v 15.0000 4.1500 -5.0700
v 15.0000 4.5700 -5.0700
v 16.0200 4.5700 -5.0700
f 18767 18768 18769 18770
v 15.0000 4.1500 -5.0700
v 15.0000 4.1500 -7.1200
v 15.0000 4.5700 -7.1200
v 15.0000 4.5700 -5.0700
f 18771 18772 18773 18774
g level_2_interior_bed_mattress
usemtl bed
v 15.0350 4.5700 -7.0850
v 15.0350 4.5700 -5.1050
v 15.9850 4.5700 -5.1050
v 15.9850 4.5700 -7.0850
f 18775 18776 18777 18778
v 15.0350 4.7700 -7.0850
v 15.9850 4.7700 -7.0850
v 15.9850 4.7700 -5.1050
v 15.0350 4.7700 -5.1050
f 18779 18780 18781 18782
v 15.0350 4.5700 -7.0850
v 15.9850 4.5700 -7.0850
v 15.9850 4.7700 -7.0850
v 15.0350 4.7700 -7.0850
f 18783 18784 18785 18786
v 15.9850 4.5700 -7.0850
v 15.9850 4.5700 -5.1050
v 15.9850 4.7700 -5.1050
v 15.9850 4.7700 -7.0850
f 18787 18788 18789 18790
v 15.9850 4.5700 -5.1050
v 15.0350 4.5700 -5.1050
v 15.0350 4.7700 -5.1050
v 15.9850 4.7700 -5.1050
f 18791 18792 18793 18794
v 15.0350 4.5700 -5.1050
v 15.0350 4.5700 -7.0850
v 15.0350 4.7700 -7.0850
v 15.0350 4.7700 -5.1050
f 18795 18796 18797 18798
g level_2_interior_blanket
usemtl blanket
v 15.0650 4.7800 -6.4400
v 15.0650 4.7800 -5.1900
v 15.9550 4.7800 -5.1900
v 15.9550 4.7800 -6.4400
f 18799 18800 18801 18802
v 15.0650 4.8150 -6.4400
v 15.9550 4.8150 -6.4400
v 15.9550 4.8150 -5.1900
v 15.0650 4.8150 -5.1900
f 18803 18804 18805 18806
v 15.0650 4.7800 -6.4400
v 15.9550 4.7800 -6.4400
v 15.9550 4.8150 -6.4400
v 15.0650 4.8150 -6.4400
f 18807 18808 18809 18810
v 15.9550 4.7800 -6.4400
v 15.9550 4.7800 -5.1900
v 15.9550 4.8150 -5.1900
v 15.9550 4.8150 -6.4400
f 18811 18812 18813 18814
v 15.9550 4.7800 -5.1900
v 15.0650 4.7800 -5.1900
v 15.0650 4.8150 -5.1900
v 15.9550 4.8150 -5.1900
f 18815 18816 18817 18818
v 15.0650 4.7800 -5.1900
v 15.0650 4.7800 -6.4400
v 15.0650 4.8150 -6.4400
v 15.0650 4.8150 -5.1900
f 18819 18820 18821 18822
g level_2_interior_pillow
usemtl pillow
v 15.1200 4.7850 -7.0000
v 15.1200 4.7850 -6.5800
v 15.9100 4.7850 -6.5800
v 15.9100 4.7850 -7.0000
f 18823 18824 18825 18826
v 15.1200 4.8750 -7.0000
v 15.9100 4.8750 -7.0000
v 15.9100 4.8750 -6.5800
v 15.1200 4.8750 -6.5800
f 18827 18828 18829 18830
v 15.1200 4.7850 -7.0000
v 15.9100 4.7850 -7.0000
v 15.9100 4.8750 -7.0000
v 15.1200 4.8750 -7.0000
f 18831 18832 18833 18834
v 15.9100 4.7850 -7.0000
v 15.9100 4.7850 -6.5800
v 15.9100 4.8750 -6.5800
v 15.9100 4.8750 -7.0000
f 18835 18836 18837 18838
v 15.9100 4.7850 -6.5800
v 15.1200 4.7850 -6.5800
v 15.1200 4.8750 -6.5800
v 15.9100 4.8750 -6.5800
f 18839 18840 18841 18842
v 15.1200 4.7850 -6.5800
v 15.1200 4.7850 -7.0000
v 15.1200 4.8750 -7.0000
v 15.1200 4.8750 -6.5800
f 18843 18844 18845 18846
g level_2_interior_headboard
usemtl furniture
v 15.0000 4.5000 -7.1700
v 15.0000 4.5000 -7.0700
v 16.0200 4.5000 -7.0700
v 16.0200 4.5000 -7.1700
f 18847 18848 18849 18850
v 15.0000 5.1500 -7.1700
v 16.0200 5.1500 -7.1700
v 16.0200 5.1500 -7.0700
v 15.0000 5.1500 -7.0700
f 18851 18852 18853 18854
v 15.0000 4.5000 -7.1700
v 16.0200 4.5000 -7.1700
v 16.0200 5.1500 -7.1700
v 15.0000 5.1500 -7.1700
f 18855 18856 18857 18858
v 16.0200 4.5000 -7.1700
v 16.0200 4.5000 -7.0700
v 16.0200 5.1500 -7.0700
v 16.0200 5.1500 -7.1700
f 18859 18860 18861 18862
v 16.0200 4.5000 -7.0700
v 15.0000 4.5000 -7.0700
v 15.0000 5.1500 -7.0700
v 16.0200 5.1500 -7.0700
f 18863 18864 18865 18866
v 15.0000 4.5000 -7.0700
v 15.0000 4.5000 -7.1700
v 15.0000 5.1500 -7.1700
v 15.0000 5.1500 -7.0700
f 18867 18868 18869 18870
g level_2_interior_cabinet
v 15.7000 4.1600 -3.8500
v 15.7000 4.1600 -3.0500
v 16.3500 4.1600 -3.0500
v 16.3500 4.1600 -3.8500
f 18871 18872 18873 18874
v 15.7000 4.9600 -3.8500
v 16.3500 4.9600 -3.8500
v 16.3500 4.9600 -3.0500
v 15.7000 4.9600 -3.0500
f 18875 18876 18877 18878
v 15.7000 4.1600 -3.8500
v 16.3500 4.1600 -3.8500
v 16.3500 4.9600 -3.8500
v 15.7000 4.9600 -3.8500
f 18879 18880 18881 18882
v 16.3500 4.1600 -3.8500
v 16.3500 4.1600 -3.0500
v 16.3500 4.9600 -3.0500
v 16.3500 4.9600 -3.8500
f 18883 18884 18885 18886
v 16.3500 4.1600 -3.0500
v 15.7000 4.1600 -3.0500
v 15.7000 4.9600 -3.0500
v 16.3500 4.9600 -3.0500
f 18887 18888 18889 18890
v 15.7000 4.1600 -3.0500
v 15.7000 4.1600 -3.8500
v 15.7000 4.9600 -3.8500
v 15.7000 4.9600 -3.0500
f 18891 18892 18893 18894
g level_2_interior_room_zone
usemtl room
v -16.4500 4.1100 -2.8500
v -16.4500 4.1100 1.8500
v -10.6500 4.1100 1.8500
v -10.6500 4.1100 -2.8500
f 18895 18896 18897 18898
v -16.4500 4.1550 -2.8500
v -10.6500 4.1550 -2.8500
v -10.6500 4.1550 1.8500
v -16.4500 4.1550 1.8500
f 18899 18900 18901 18902
v -16.4500 4.1100 -2.8500
v -10.6500 4.1100 -2.8500
v -10.6500 4.1550 -2.8500
v -16.4500 4.1550 -2.8500
f 18903 18904 18905 18906
v -10.6500 4.1100 -2.8500
v -10.6500 4.1100 1.8500
v -10.6500 4.1550 1.8500
v -10.6500 4.1550 -2.8500
f 18907 18908 18909 18910
v -10.6500 4.1100 1.8500
v -16.4500 4.1100 1.8500
v -16.4500 4.1550 1.8500
v -10.6500 4.1550 1.8500
f 18911 18912 18913 18914
v -16.4500 4.1100 1.8500
v -16.4500 4.1100 -2.8500
v -16.4500 4.1550 -2.8500
v -16.4500 4.1550 1.8500
f 18915 18916 18917 18918
g level_2_interior_schematic_partition
usemtl wall
v -16.4500 4.1550 -2.8500
v -16.4500 4.1550 1.8500
v -16.3500 4.1550 1.8500
v -16.3500 4.1550 -2.8500
f 18919 18920 18921 18922
v -16.4500 4.7750 -2.8500
v -16.3500 4.7750 -2.8500
v -16.3500 4.7750 1.8500
v -16.4500 4.7750 1.8500
f 18923 18924 18925 18926
v -16.4500 4.1550 -2.8500
v -16.3500 4.1550 -2.8500
v -16.3500 4.7750 -2.8500
v -16.4500 4.7750 -2.8500
f 18927 18928 18929 18930
v -16.3500 4.1550 -2.8500
v -16.3500 4.1550 1.8500
v -16.3500 4.7750 1.8500
v -16.3500 4.7750 -2.8500
f 18931 18932 18933 18934
v -16.3500 4.1550 1.8500
v -16.4500 4.1550 1.8500
v -16.4500 4.7750 1.8500
v -16.3500 4.7750 1.8500
f 18935 18936 18937 18938
v -16.4500 4.1550 1.8500
v -16.4500 4.1550 -2.8500
v -16.4500 4.7750 -2.8500
v -16.4500 4.7750 1.8500
f 18939 18940 18941 18942
v -16.4500 4.1550 -2.8500
v -16.4500 4.1550 -2.7500
v -10.6500 4.1550 -2.7500
v -10.6500 4.1550 -2.8500
f 18943 18944 18945 18946
v -16.4500 4.7750 -2.8500
v -10.6500 4.7750 -2.8500
v -10.6500 4.7750 -2.7500
v -16.4500 4.7750 -2.7500
f 18947 18948 18949 18950
v -16.4500 4.1550 -2.8500
v -10.6500 4.1550 -2.8500
v -10.6500 4.7750 -2.8500
v -16.4500 4.7750 -2.8500
f 18951 18952 18953 18954
v -10.6500 4.1550 -2.8500
v -10.6500 4.1550 -2.7500
v -10.6500 4.7750 -2.7500
v -10.6500 4.7750 -2.8500
f 18955 18956 18957 18958
v -10.6500 4.1550 -2.7500
v -16.4500 4.1550 -2.7500
v -16.4500 4.7750 -2.7500
v -10.6500 4.7750 -2.7500
f 18959 18960 18961 18962
v -16.4500 4.1550 -2.7500
v -16.4500 4.1550 -2.8500
v -16.4500 4.7750 -2.8500
v -16.4500 4.7750 -2.7500
f 18963 18964 18965 18966
g level_2_interior_bed_frame
usemtl furniture
v -16.0300 4.1500 -2.3700
v -16.0300 4.1500 -0.3200
v -15.0100 4.1500 -0.3200
v -15.0100 4.1500 -2.3700
f 18967 18968 18969 18970
v -16.0300 4.5700 -2.3700
v -15.0100 4.5700 -2.3700
v -15.0100 4.5700 -0.3200
v -16.0300 4.5700 -0.3200
f 18971 18972 18973 18974
v -16.0300 4.1500 -2.3700
v -15.0100 4.1500 -2.3700
v -15.0100 4.5700 -2.3700
v -16.0300 4.5700 -2.3700
f 18975 18976 18977 18978
v -15.0100 4.1500 -2.3700
v -15.0100 4.1500 -0.3200
v -15.0100 4.5700 -0.3200
v -15.0100 4.5700 -2.3700
f 18979 18980 18981 18982
v -15.0100 4.1500 -0.3200
v -16.0300 4.1500 -0.3200
v -16.0300 4.5700 -0.3200
v -15.0100 4.5700 -0.3200
f 18983 18984 18985 18986
v -16.0300 4.1500 -0.3200
v -16.0300 4.1500 -2.3700
v -16.0300 4.5700 -2.3700
v -16.0300 4.5700 -0.3200
f 18987 18988 18989 18990
g level_2_interior_bed_mattress
usemtl bed
v -15.9950 4.5700 -2.3350
v -15.9950 4.5700 -0.3550
v -15.0450 4.5700 -0.3550
v -15.0450 4.5700 -2.3350
f 18991 18992 18993 18994
v -15.9950 4.7700 -2.3350
v -15.0450 4.7700 -2.3350
v -15.0450 4.7700 -0.3550
v -15.9950 4.7700 -0.3550
f 18995 18996 18997 18998
v -15.9950 4.5700 -2.3350
v -15.0450 4.5700 -2.3350
v -15.0450 4.7700 -2.3350
v -15.9950 4.7700 -2.3350
f 18999 19000 19001 19002
v -15.0450 4.5700 -2.3350
v -15.0450 4.5700 -0.3550
v -15.0450 4.7700 -0.3550
v -15.0450 4.7700 -2.3350
f 19003 19004 19005 19006
v -15.0450 4.5700 -0.3550
v -15.9950 4.5700 -0.3550
v -15.9950 4.7700 -0.3550
v -15.0450 4.7700 -0.3550
f 19007 19008 19009 19010
v -15.9950 4.5700 -0.3550
v -15.9950 4.5700 -2.3350
v -15.9950 4.7700 -2.3350
v -15.9950 4.7700 -0.3550
f 19011 19012 19013 19014
g level_2_interior_blanket
usemtl blanket
v -15.9650 4.7800 -1.6900
v -15.9650 4.7800 -0.4400
v -15.0750 4.7800 -0.4400
v -15.0750 4.7800 -1.6900
f 19015 19016 19017 19018
v -15.9650 4.8150 -1.6900
v -15.0750 4.8150 -1.6900
v -15.0750 4.8150 -0.4400
v -15.9650 4.8150 -0.4400
f 19019 19020 19021 19022
v -15.9650 4.7800 -1.6900
v -15.0750 4.7800 -1.6900
v -15.0750 4.8150 -1.6900
v -15.9650 4.8150 -1.6900
f 19023 19024 19025 19026
v -15.0750 4.7800 -1.6900
v -15.0750 4.7800 -0.4400
v -15.0750 4.8150 -0.4400
v -15.0750 4.8150 -1.6900
f 19027 19028 19029 19030
v -15.0750 4.7800 -0.4400
v -15.9650 4.7800 -0.4400
v -15.9650 4.8150 -0.4400
v -15.0750 4.8150 -0.4400
f 19031 19032 19033 19034
v -15.9650 4.7800 -0.4400
v -15.9650 4.7800 -1.6900
v -15.9650 4.8150 -1.6900
v -15.9650 4.8150 -0.4400
f 19035 19036 19037 19038
g level_2_interior_pillow
usemtl pillow
v -15.9100 4.7850 -2.2500
v -15.9100 4.7850 -1.8300
v -15.1200 4.7850 -1.8300
v -15.1200 4.7850 -2.2500
f 19039 19040 19041 19042
v -15.9100 4.8750 -2.2500
v -15.1200 4.8750 -2.2500
v -15.1200 4.8750 -1.8300
v -15.9100 4.8750 -1.8300
f 19043 19044 19045 19046
v -15.9100 4.7850 -2.2500
v -15.1200 4.7850 -2.2500
v -15.1200 4.8750 -2.2500
v -15.9100 4.8750 -2.2500
f 19047 19048 19049 19050
v -15.1200 4.7850 -2.2500
v -15.1200 4.7850 -1.8300
v -15.1200 4.8750 -1.8300
v -15.1200 4.8750 -2.2500
f 19051 19052 19053 19054
v -15.1200 4.7850 -1.8300
v -15.9100 4.7850 -1.8300
v -15.9100 4.8750 -1.8300
v -15.1200 4.8750 -1.8300
f 19055 19056 19057 19058
v -15.9100 4.7850 -1.8300
v -15.9100 4.7850 -2.2500
v -15.9100 4.8750 -2.2500
v -15.9100 4.8750 -1.8300
f 19059 19060 19061 19062
g level_2_interior_headboard
usemtl furniture
v -16.0300 4.5000 -2.4200
v -16.0300 4.5000 -2.3200
v -15.0100 4.5000 -2.3200
v -15.0100 4.5000 -2.4200
f 19063 19064 19065 19066
v -16.0300 5.1500 -2.4200
v -15.0100 5.1500 -2.4200
v -15.0100 5.1500 -2.3200
v -16.0300 5.1500 -2.3200
f 19067 19068 19069 19070
v -16.0300 4.5000 -2.4200
v -15.0100 4.5000 -2.4200
v -15.0100 5.1500 -2.4200
v -16.0300 5.1500 -2.4200
f 19071 19072 19073 19074
v -15.0100 4.5000 -2.4200
v -15.0100 4.5000 -2.3200
v -15.0100 5.1500 -2.3200
v -15.0100 5.1500 -2.4200
f 19075 19076 19077 19078
v -15.0100 4.5000 -2.3200
v -16.0300 4.5000 -2.3200
v -16.0300 5.1500 -2.3200
v -15.0100 5.1500 -2.3200
f 19079 19080 19081 19082
v -16.0300 4.5000 -2.3200
v -16.0300 4.5000 -2.4200
v -16.0300 5.1500 -2.4200
v -16.0300 5.1500 -2.3200
f 19083 19084 19085 19086
g level_2_interior_bed_frame
v -12.1000 4.1500 -2.3700
v -12.1000 4.1500 -0.3200
v -11.0800 4.1500 -0.3200
v -11.0800 4.1500 -2.3700
f 19087 19088 19089 19090
v -12.1000 4.5700 -2.3700
v -11.0800 4.5700 -2.3700
v -11.0800 4.5700 -0.3200
v -12.1000 4.5700 -0.3200
f 19091 19092 19093 19094
v -12.1000 4.1500 -2.3700
v -11.0800 4.1500 -2.3700
v -11.0800 4.5700 -2.3700
v -12.1000 4.5700 -2.3700
f 19095 19096 19097 19098
v -11.0800 4.1500 -2.3700
v -11.0800 4.1500 -0.3200
v -11.0800 4.5700 -0.3200
v -11.0800 4.5700 -2.3700
f 19099 19100 19101 19102
v -11.0800 4.1500 -0.3200
v -12.1000 4.1500 -0.3200
v -12.1000 4.5700 -0.3200
v -11.0800 4.5700 -0.3200
f 19103 19104 19105 19106
v -12.1000 4.1500 -0.3200
v -12.1000 4.1500 -2.3700
v -12.1000 4.5700 -2.3700
v -12.1000 4.5700 -0.3200
f 19107 19108 19109 19110
g level_2_interior_bed_mattress
usemtl bed
v -12.0650 4.5700 -2.3350
v -12.0650 4.5700 -0.3550
v -11.1150 4.5700 -0.3550
v -11.1150 4.5700 -2.3350
f 19111 19112 19113 19114
v -12.0650 4.7700 -2.3350
v -11.1150 4.7700 -2.3350
v -11.1150 4.7700 -0.3550
v -12.0650 4.7700 -0.3550
f 19115 19116 19117 19118
v -12.0650 4.5700 -2.3350
v -11.1150 4.5700 -2.3350
v -11.1150 4.7700 -2.3350
v -12.0650 4.7700 -2.3350
f 19119 19120 19121 19122
v -11.1150 4.5700 -2.3350
v -11.1150 4.5700 -0.3550
v -11.1150 4.7700 -0.3550
v -11.1150 4.7700 -2.3350
f 19123 19124 19125 19126
v -11.1150 4.5700 -0.3550
v -12.0650 4.5700 -0.3550
v -12.0650 4.7700 -0.3550
v -11.1150 4.7700 -0.3550
f 19127 19128 19129 19130
v -12.0650 4.5700 -0.3550
v -12.0650 4.5700 -2.3350
v -12.0650 4.7700 -2.3350
v -12.0650 4.7700 -0.3550
f 19131 19132 19133 19134
g level_2_interior_blanket
usemtl blanket
v -12.0350 4.7800 -1.6900
v -12.0350 4.7800 -0.4400
v -11.1450 4.7800 -0.4400
v -11.1450 4.7800 -1.6900
f 19135 19136 19137 19138
v -12.0350 4.8150 -1.6900
v -11.1450 4.8150 -1.6900
v -11.1450 4.8150 -0.4400
v -12.0350 4.8150 -0.4400
f 19139 19140 19141 19142
v -12.0350 4.7800 -1.6900
v -11.1450 4.7800 -1.6900
v -11.1450 4.8150 -1.6900
v -12.0350 4.8150 -1.6900
f 19143 19144 19145 19146
v -11.1450 4.7800 -1.6900
v -11.1450 4.7800 -0.4400
v -11.1450 4.8150 -0.4400
v -11.1450 4.8150 -1.6900
f 19147 19148 19149 19150
v -11.1450 4.7800 -0.4400
v -12.0350 4.7800 -0.4400
v -12.0350 4.8150 -0.4400
v -11.1450 4.8150 -0.4400
f 19151 19152 19153 19154
v -12.0350 4.7800 -0.4400
v -12.0350 4.7800 -1.6900
v -12.0350 4.8150 -1.6900
v -12.0350 4.8150 -0.4400
f 19155 19156 19157 19158
g level_2_interior_pillow
usemtl pillow
v -11.9800 4.7850 -2.2500
v -11.9800 4.7850 -1.8300
v -11.1900 4.7850 -1.8300
v -11.1900 4.7850 -2.2500
f 19159 19160 19161 19162
v -11.9800 4.8750 -2.2500
v -11.1900 4.8750 -2.2500
v -11.1900 4.8750 -1.8300
v -11.9800 4.8750 -1.8300
f 19163 19164 19165 19166
v -11.9800 4.7850 -2.2500
v -11.1900 4.7850 -2.2500
v -11.1900 4.8750 -2.2500
v -11.9800 4.8750 -2.2500
f 19167 19168 19169 19170
v -11.1900 4.7850 -2.2500
v -11.1900 4.7850 -1.8300
v -11.1900 4.8750 -1.8300
v -11.1900 4.8750 -2.2500
f 19171 19172 19173 19174
v -11.1900 4.7850 -1.8300
v -11.9800 4.7850 -1.8300
v -11.9800 4.8750 -1.8300
v -11.1900 4.8750 -1.8300
f 19175 19176 19177 19178
v -11.9800 4.7850 -1.8300
v -11.9800 4.7850 -2.2500
v -11.9800 4.8750 -2.2500
v -11.9800 4.8750 -1.8300
f 19179 19180 19181 19182
g level_2_interior_headboard
usemtl furniture
v -12.1000 4.5000 -2.4200
v -12.1000 4.5000 -2.3200
v -11.0800 4.5000 -2.3200
v -11.0800 4.5000 -2.4200
f 19183 19184 19185 19186
v -12.1000 5.1500 -2.4200
v -11.0800 5.1500 -2.4200
v -11.0800 5.1500 -2.3200
v -12.1000 5.1500 -2.3200
f 19187 19188 19189 19190
v -12.1000 4.5000 -2.4200
v -11.0800 4.5000 -2.4200
v -11.0800 5.1500 -2.4200
v -12.1000 5.1500 -2.4200
f 19191 19192 19193 19194
v -11.0800 4.5000 -2.4200
v -11.0800 4.5000 -2.3200
v -11.0800 5.1500 -2.3200
v -11.0800 5.1500 -2.4200
f 19195 19196 19197 19198
v -11.0800 4.5000 -2.3200
v -12.1000 4.5000 -2.3200
v -12.1000 5.1500 -2.3200
v -11.0800 5.1500 -2.3200
f 19199 19200 19201 19202
v -12.1000 4.5000 -2.3200
v -12.1000 4.5000 -2.4200
v -12.1000 5.1500 -2.4200
v -12.1000 5.1500 -2.3200
f 19203 19204 19205 19206
g level_2_interior_cabinet
v -11.4000 4.1600 0.9000
v -11.4000 4.1600 1.7000
v -10.7500 4.1600 1.7000
v -10.7500 4.1600 0.9000
f 19207 19208 19209 19210
v -11.4000 4.9600 0.9000
v -10.7500 4.9600 0.9000
v -10.7500 4.9600 1.7000
v -11.4000 4.9600 1.7000
f 19211 19212 19213 19214
v -11.4000 4.1600 0.9000
v -10.7500 4.1600 0.9000
v -10.7500 4.9600 0.9000
v -11.4000 4.9600 0.9000
f 19215 19216 19217 19218
v -10.7500 4.1600 0.9000
v -10.7500 4.1600 1.7000
v -10.7500 4.9600 1.7000
v -10.7500 4.9600 0.9000
f 19219 19220 19221 19222
v -10.7500 4.1600 1.7000
v -11.4000 4.1600 1.7000
v -11.4000 4.9600 1.7000
v -10.7500 4.9600 1.7000
f 19223 19224 19225 19226
v -11.4000 4.1600 1.7000
v -11.4000 4.1600 0.9000
v -11.4000 4.9600 0.9000
v -11.4000 4.9600 1.7000
f 19227 19228 19229 19230
g level_2_interior_room_zone
usemtl room
v 10.6500 4.1100 -2.8500
v 10.6500 4.1100 1.8500
v 16.4500 4.1100 1.8500
v 16.4500 4.1100 -2.8500
f 19231 19232 19233 19234
v 10.6500 4.1550 -2.8500
v 16.4500 4.1550 -2.8500
v 16.4500 4.1550 1.8500
v 10.6500 4.1550 1.8500
f 19235 19236 19237 19238
v 10.6500 4.1100 -2.8500
v 16.4500 4.1100 -2.8500
v 16.4500 4.1550 -2.8500
v 10.6500 4.1550 -2.8500
f 19239 19240 19241 19242
v 16.4500 4.1100 -2.8500
v 16.4500 4.1100 1.8500
v 16.4500 4.1550 1.8500
v 16.4500 4.1550 -2.8500
f 19243 19244 19245 19246
v 16.4500 4.1100 1.8500
v 10.6500 4.1100 1.8500
v 10.6500 4.1550 1.8500
v 16.4500 4.1550 1.8500
f 19247 19248 19249 19250
v 10.6500 4.1100 1.8500
v 10.6500 4.1100 -2.8500
v 10.6500 4.1550 -2.8500
v 10.6500 4.1550 1.8500
f 19251 19252 19253 19254
g level_2_interior_schematic_partition
usemtl wall
v 10.6500 4.1550 -2.8500
v 10.6500 4.1550 1.8500
v 10.7500 4.1550 1.8500
v 10.7500 4.1550 -2.8500
f 19255 19256 19257 19258
v 10.6500 4.7750 -2.8500
v 10.7500 4.7750 -2.8500
v 10.7500 4.7750 1.8500
v 10.6500 4.7750 1.8500
f 19259 19260 19261 19262
v 10.6500 4.1550 -2.8500
v 10.7500 4.1550 -2.8500
v 10.7500 4.7750 -2.8500
v 10.6500 4.7750 -2.8500
f 19263 19264 19265 19266
v 10.7500 4.1550 -2.8500
v 10.7500 4.1550 1.8500
v 10.7500 4.7750 1.8500
v 10.7500 4.7750 -2.8500
f 19267 19268 19269 19270
v 10.7500 4.1550 1.8500
v 10.6500 4.1550 1.8500
v 10.6500 4.7750 1.8500
v 10.7500 4.7750 1.8500
f 19271 19272 19273 19274
v 10.6500 4.1550 1.8500
v 10.6500 4.1550 -2.8500
v 10.6500 4.7750 -2.8500
v 10.6500 4.7750 1.8500
f 19275 19276 19277 19278
v 10.6500 4.1550 -2.8500
v 10.6500 4.1550 -2.7500
v 16.4500 4.1550 -2.7500
v 16.4500 4.1550 -2.8500
f 19279 19280 19281 19282
v 10.6500 4.7750 -2.8500
v 16.4500 4.7750 -2.8500
v 16.4500 4.7750 -2.7500
v 10.6500 4.7750 -2.7500
f 19283 19284 19285 19286
v 10.6500 4.1550 -2.8500
v 16.4500 4.1550 -2.8500
v 16.4500 4.7750 -2.8500
v 10.6500 4.7750 -2.8500
f 19287 19288 19289 19290
v 16.4500 4.1550 -2.8500
v 16.4500 4.1550 -2.7500
v 16.4500 4.7750 -2.7500
v 16.4500 4.7750 -2.8500
f 19291 19292 19293 19294
v 16.4500 4.1550 -2.7500
v 10.6500 4.1550 -2.7500
v 10.6500 4.7750 -2.7500
v 16.4500 4.7750 -2.7500
f 19295 19296 19297 19298
v 10.6500 4.1550 -2.7500
v 10.6500 4.1550 -2.8500
v 10.6500 4.7750 -2.8500
v 10.6500 4.7750 -2.7500
f 19299 19300 19301 19302
g level_2_interior_bed_frame
usemtl furniture
v 11.0700 4.1500 -2.3700
v 11.0700 4.1500 -0.3200
v 12.0900 4.1500 -0.3200
v 12.0900 4.1500 -2.3700
f 19303 19304 19305 19306
v 11.0700 4.5700 -2.3700
v 12.0900 4.5700 -2.3700
v 12.0900 4.5700 -0.3200
v 11.0700 4.5700 -0.3200
f 19307 19308 19309 19310
v 11.0700 4.1500 -2.3700
v 12.0900 4.1500 -2.3700
v 12.0900 4.5700 -2.3700
v 11.0700 4.5700 -2.3700
f 19311 19312 19313 19314
v 12.0900 4.1500 -2.3700
v 12.0900 4.1500 -0.3200
v 12.0900 4.5700 -0.3200
v 12.0900 4.5700 -2.3700
f 19315 19316 19317 19318
v 12.0900 4.1500 -0.3200
v 11.0700 4.1500 -0.3200
v 11.0700 4.5700 -0.3200
v 12.0900 4.5700 -0.3200
f 19319 19320 19321 19322
v 11.0700 4.1500 -0.3200
v 11.0700 4.1500 -2.3700
v 11.0700 4.5700 -2.3700
v 11.0700 4.5700 -0.3200
f 19323 19324 19325 19326
g level_2_interior_bed_mattress
usemtl bed
v 11.1050 4.5700 -2.3350
v 11.1050 4.5700 -0.3550
v 12.0550 4.5700 -0.3550
v 12.0550 4.5700 -2.3350
f 19327 19328 19329 19330
v 11.1050 4.7700 -2.3350
v 12.0550 4.7700 -2.3350
v 12.0550 4.7700 -0.3550
v 11.1050 4.7700 -0.3550
f 19331 19332 19333 19334
v 11.1050 4.5700 -2.3350
v 12.0550 4.5700 -2.3350
v 12.0550 4.7700 -2.3350
v 11.1050 4.7700 -2.3350
f 19335 19336 19337 19338
v 12.0550 4.5700 -2.3350
v 12.0550 4.5700 -0.3550
v 12.0550 4.7700 -0.3550
v 12.0550 4.7700 -2.3350
f 19339 19340 19341 19342
v 12.0550 4.5700 -0.3550
v 11.1050 4.5700 -0.3550
v 11.1050 4.7700 -0.3550
v 12.0550 4.7700 -0.3550
f 19343 19344 19345 19346
v 11.1050 4.5700 -0.3550
v 11.1050 4.5700 -2.3350
v 11.1050 4.7700 -2.3350
v 11.1050 4.7700 -0.3550
f 19347 19348 19349 19350
g level_2_interior_blanket
usemtl blanket
v 11.1350 4.7800 -1.6900
v 11.1350 4.7800 -0.4400
v 12.0250 4.7800 -0.4400
v 12.0250 4.7800 -1.6900
f 19351 19352 19353 19354
v 11.1350 4.8150 -1.6900
v 12.0250 4.8150 -1.6900
v 12.0250 4.8150 -0.4400
v 11.1350 4.8150 -0.4400
f 19355 19356 19357 19358
v 11.1350 4.7800 -1.6900
v 12.0250 4.7800 -1.6900
v 12.0250 4.8150 -1.6900
v 11.1350 4.8150 -1.6900
f 19359 19360 19361 19362
v 12.0250 4.7800 -1.6900
v 12.0250 4.7800 -0.4400
v 12.0250 4.8150 -0.4400
v 12.0250 4.8150 -1.6900
f 19363 19364 19365 19366
v 12.0250 4.7800 -0.4400
v 11.1350 4.7800 -0.4400
v 11.1350 4.8150 -0.4400
v 12.0250 4.8150 -0.4400
f 19367 19368 19369 19370
v 11.1350 4.7800 -0.4400
v 11.1350 4.7800 -1.6900
v 11.1350 4.8150 -1.6900
v 11.1350 4.8150 -0.4400
f 19371 19372 19373 19374
g level_2_interior_pillow
usemtl pillow
v 11.1900 4.7850 -2.2500
v 11.1900 4.7850 -1.8300
v 11.9800 4.7850 -1.8300
v 11.9800 4.7850 -2.2500
f 19375 19376 19377 19378
v 11.1900 4.8750 -2.2500
v 11.9800 4.8750 -2.2500
v 11.9800 4.8750 -1.8300
v 11.1900 4.8750 -1.8300
f 19379 19380 19381 19382
v 11.1900 4.7850 -2.2500
v 11.9800 4.7850 -2.2500
v 11.9800 4.8750 -2.2500
v 11.1900 4.8750 -2.2500
f 19383 19384 19385 19386
v 11.9800 4.7850 -2.2500
v 11.9800 4.7850 -1.8300
v 11.9800 4.8750 -1.8300
v 11.9800 4.8750 -2.2500
f 19387 19388 19389 19390
v 11.9800 4.7850 -1.8300
v 11.1900 4.7850 -1.8300
v 11.1900 4.8750 -1.8300
v 11.9800 4.8750 -1.8300
f 19391 19392 19393 19394
v 11.1900 4.7850 -1.8300
v 11.1900 4.7850 -2.2500
v 11.1900 4.8750 -2.2500
v 11.1900 4.8750 -1.8300
f 19395 19396 19397 19398
g level_2_interior_headboard
usemtl furniture
v 11.0700 4.5000 -2.4200
v 11.0700 4.5000 -2.3200
v 12.0900 4.5000 -2.3200
v 12.0900 4.5000 -2.4200
f 19399 19400 19401 19402
v 11.0700 5.1500 -2.4200
v 12.0900 5.1500 -2.4200
v 12.0900 5.1500 -2.3200
v 11.0700 5.1500 -2.3200
f 19403 19404 19405 19406
v 11.0700 4.5000 -2.4200
v 12.0900 4.5000 -2.4200
v 12.0900 5.1500 -2.4200
v 11.0700 5.1500 -2.4200
f 19407 19408 19409 19410
v 12.0900 4.5000 -2.4200
v 12.0900 4.5000 -2.3200
v 12.0900 5.1500 -2.3200
v 12.0900 5.1500 -2.4200
f 19411 19412 19413 19414
v 12.0900 4.5000 -2.3200
v 11.0700 4.5000 -2.3200
v 11.0700 5.1500 -2.3200
v 12.0900 5.1500 -2.3200
f 19415 19416 19417 19418
v 11.0700 4.5000 -2.3200
v 11.0700 4.5000 -2.4200
v 11.0700 5.1500 -2.4200
v 11.0700 5.1500 -2.3200
f 19419 19420 19421 19422
g level_2_interior_bed_frame
v 15.0000 4.1500 -2.3700
v 15.0000 4.1500 -0.3200
v 16.0200 4.1500 -0.3200
v 16.0200 4.1500 -2.3700
f 19423 19424 19425 19426
v 15.0000 4.5700 -2.3700
v 16.0200 4.5700 -2.3700
v 16.0200 4.5700 -0.3200
v 15.0000 4.5700 -0.3200
f 19427 19428 19429 19430
v 15.0000 4.1500 -2.3700
v 16.0200 4.1500 -2.3700
v 16.0200 4.5700 -2.3700
v 15.0000 4.5700 -2.3700
f 19431 19432 19433 19434
v 16.0200 4.1500 -2.3700
v 16.0200 4.1500 -0.3200
v 16.0200 4.5700 -0.3200
v 16.0200 4.5700 -2.3700
f 19435 19436 19437 19438
v 16.0200 4.1500 -0.3200
v 15.0000 4.1500 -0.3200
v 15.0000 4.5700 -0.3200
v 16.0200 4.5700 -0.3200
f 19439 19440 19441 19442
v 15.0000 4.1500 -0.3200
v 15.0000 4.1500 -2.3700
v 15.0000 4.5700 -2.3700
v 15.0000 4.5700 -0.3200
f 19443 19444 19445 19446
g level_2_interior_bed_mattress
usemtl bed
v 15.0350 4.5700 -2.3350
v 15.0350 4.5700 -0.3550
v 15.9850 4.5700 -0.3550
v 15.9850 4.5700 -2.3350
f 19447 19448 19449 19450
v 15.0350 4.7700 -2.3350
v 15.9850 4.7700 -2.3350
v 15.9850 4.7700 -0.3550
v 15.0350 4.7700 -0.3550
f 19451 19452 19453 19454
v 15.0350 4.5700 -2.3350
v 15.9850 4.5700 -2.3350
v 15.9850 4.7700 -2.3350
v 15.0350 4.7700 -2.3350
f 19455 19456 19457 19458
v 15.9850 4.5700 -2.3350
v 15.9850 4.5700 -0.3550
v 15.9850 4.7700 -0.3550
v 15.9850 4.7700 -2.3350
f 19459 19460 19461 19462
v 15.9850 4.5700 -0.3550
v 15.0350 4.5700 -0.3550
v 15.0350 4.7700 -0.3550
v 15.9850 4.7700 -0.3550
f 19463 19464 19465 19466
v 15.0350 4.5700 -0.3550
v 15.0350 4.5700 -2.3350
v 15.0350 4.7700 -2.3350
v 15.0350 4.7700 -0.3550
f 19467 19468 19469 19470
g level_2_interior_blanket
usemtl blanket
v 15.0650 4.7800 -1.6900
v 15.0650 4.7800 -0.4400
v 15.9550 4.7800 -0.4400
v 15.9550 4.7800 -1.6900
f 19471 19472 19473 19474
v 15.0650 4.8150 -1.6900
v 15.9550 4.8150 -1.6900
v 15.9550 4.8150 -0.4400
v 15.0650 4.8150 -0.4400
f 19475 19476 19477 19478
v 15.0650 4.7800 -1.6900
v 15.9550 4.7800 -1.6900
v 15.9550 4.8150 -1.6900
v 15.0650 4.8150 -1.6900
f 19479 19480 19481 19482
v 15.9550 4.7800 -1.6900
v 15.9550 4.7800 -0.4400
v 15.9550 4.8150 -0.4400
v 15.9550 4.8150 -1.6900
f 19483 19484 19485 19486
v 15.9550 4.7800 -0.4400
v 15.0650 4.7800 -0.4400
v 15.0650 4.8150 -0.4400
v 15.9550 4.8150 -0.4400
f 19487 19488 19489 19490
v 15.0650 4.7800 -0.4400
v 15.0650 4.7800 -1.6900
v 15.0650 4.8150 -1.6900
v 15.0650 4.8150 -0.4400
f 19491 19492 19493 19494
g level_2_interior_pillow
usemtl pillow
v 15.1200 4.7850 -2.2500
v 15.1200 4.7850 -1.8300
v 15.9100 4.7850 -1.8300
v 15.9100 4.7850 -2.2500
f 19495 19496 19497 19498
v 15.1200 4.8750 -2.2500
v 15.9100 4.8750 -2.2500
v 15.9100 4.8750 -1.8300
v 15.1200 4.8750 -1.8300
f 19499 19500 19501 19502
v 15.1200 4.7850 -2.2500
v 15.9100 4.7850 -2.2500
v 15.9100 4.8750 -2.2500
v 15.1200 4.8750 -2.2500
f 19503 19504 19505 19506
v 15.9100 4.7850 -2.2500
v 15.9100 4.7850 -1.8300
v 15.9100 4.8750 -1.8300
v 15.9100 4.8750 -2.2500
f 19507 19508 19509 19510
v 15.9100 4.7850 -1.8300
v 15.1200 4.7850 -1.8300
v 15.1200 4.8750 -1.8300
v 15.9100 4.8750 -1.8300
f 19511 19512 19513 19514
v 15.1200 4.7850 -1.8300
v 15.1200 4.7850 -2.2500
v 15.1200 4.8750 -2.2500
v 15.1200 4.8750 -1.8300
f 19515 19516 19517 19518
g level_2_interior_headboard
usemtl furniture
v 15.0000 4.5000 -2.4200
v 15.0000 4.5000 -2.3200
v 16.0200 4.5000 -2.3200
v 16.0200 4.5000 -2.4200
f 19519 19520 19521 19522
v 15.0000 5.1500 -2.4200
v 16.0200 5.1500 -2.4200
v 16.0200 5.1500 -2.3200
v 15.0000 5.1500 -2.3200
f 19523 19524 19525 19526
v 15.0000 4.5000 -2.4200
v 16.0200 4.5000 -2.4200
v 16.0200 5.1500 -2.4200
v 15.0000 5.1500 -2.4200
f 19527 19528 19529 19530
v 16.0200 4.5000 -2.4200
v 16.0200 4.5000 -2.3200
v 16.0200 5.1500 -2.3200
v 16.0200 5.1500 -2.4200
f 19531 19532 19533 19534
v 16.0200 4.5000 -2.3200
v 15.0000 4.5000 -2.3200
v 15.0000 5.1500 -2.3200
v 16.0200 5.1500 -2.3200
f 19535 19536 19537 19538
v 15.0000 4.5000 -2.3200
v 15.0000 4.5000 -2.4200
v 15.0000 5.1500 -2.4200
v 15.0000 5.1500 -2.3200
f 19539 19540 19541 19542
g level_2_interior_cabinet
v 15.7000 4.1600 0.9000
v 15.7000 4.1600 1.7000
v 16.3500 4.1600 1.7000
v 16.3500 4.1600 0.9000
f 19543 19544 19545 19546
v 15.7000 4.9600 0.9000
v 16.3500 4.9600 0.9000
v 16.3500 4.9600 1.7000
v 15.7000 4.9600 1.7000
f 19547 19548 19549 19550
v 15.7000 4.1600 0.9000
v 16.3500 4.1600 0.9000
v 16.3500 4.9600 0.9000
v 15.7000 4.9600 0.9000
f 19551 19552 19553 19554
v 16.3500 4.1600 0.9000
v 16.3500 4.1600 1.7000
v 16.3500 4.9600 1.7000
v 16.3500 4.9600 0.9000
f 19555 19556 19557 19558
v 16.3500 4.1600 1.7000
v 15.7000 4.1600 1.7000
v 15.7000 4.9600 1.7000
v 16.3500 4.9600 1.7000
f 19559 19560 19561 19562
v 15.7000 4.1600 1.7000
v 15.7000 4.1600 0.9000
v 15.7000 4.9600 0.9000
v 15.7000 4.9600 1.7000
f 19563 19564 19565 19566
g level_3_interior_circulation
usemtl corridor
v -16.4950 7.7120 2.8500
v -16.4950 7.7120 12.4450
v 16.4950 7.7120 12.4450
v 16.4950 7.7120 2.8500
f 19567 19568 19569 19570
v -16.4950 7.7420 2.8500
v 16.4950 7.7420 2.8500
v 16.4950 7.7420 12.4450
v -16.4950 7.7420 12.4450
f 19571 19572 19573 19574
v -16.4950 7.7120 2.8500
v 16.4950 7.7120 2.8500
v 16.4950 7.7420 2.8500
v -16.4950 7.7420 2.8500
f 19575 19576 19577 19578
v 16.4950 7.7120 2.8500
v 16.4950 7.7120 12.4450
v 16.4950 7.7420 12.4450
v 16.4950 7.7420 2.8500
f 19579 19580 19581 19582
v 16.4950 7.7120 12.4450
v -16.4950 7.7120 12.4450
v -16.4950 7.7420 12.4450
v 16.4950 7.7420 12.4450
f 19583 19584 19585 19586
v -16.4950 7.7120 12.4450
v -16.4950 7.7120 2.8500
v -16.4950 7.7420 2.8500
v -16.4950 7.7420 12.4450
f 19587 19588 19589 19590
v -16.4950 7.7120 -12.4450
v -16.4950 7.7120 2.2500
v -8.9450 7.7120 2.2500
v -8.9450 7.7120 -12.4450
f 19591 19592 19593 19594
v -16.4950 7.7420 -12.4450
v -8.9450 7.7420 -12.4450
v -8.9450 7.7420 2.2500
v -16.4950 7.7420 2.2500
f 19595 19596 19597 19598
v -16.4950 7.7120 -12.4450
v -8.9450 7.7120 -12.4450
v -8.9450 7.7420 -12.4450
v -16.4950 7.7420 -12.4450
f 19599 19600 19601 19602
v -8.9450 7.7120 -12.4450
v -8.9450 7.7120 2.2500
v -8.9450 7.7420 2.2500
v -8.9450 7.7420 -12.4450
f 19603 19604 19605 19606
v -8.9450 7.7120 2.2500
v -16.4950 7.7120 2.2500
v -16.4950 7.7420 2.2500
v -8.9450 7.7420 2.2500
f 19607 19608 19609 19610
v -16.4950 7.7120 2.2500
v -16.4950 7.7120 -12.4450
v -16.4950 7.7420 -12.4450
v -16.4950 7.7420 2.2500
f 19611 19612 19613 19614
v 8.9450 7.7120 -12.4450
v 8.9450 7.7120 2.2500
v 16.4950 7.7120 2.2500
v 16.4950 7.7120 -12.4450
f 19615 19616 19617 19618
v 8.9450 7.7420 -12.4450
v 16.4950 7.7420 -12.4450
v 16.4950 7.7420 2.2500
v 8.9450 7.7420 2.2500
f 19619 19620 19621 19622
v 8.9450 7.7120 -12.4450
v 16.4950 7.7120 -12.4450
v 16.4950 7.7420 -12.4450
v 8.9450 7.7420 -12.4450
f 19623 19624 19625 19626
v 16.4950 7.7120 -12.4450
v 16.4950 7.7120 2.2500
v 16.4950 7.7420 2.2500
v 16.4950 7.7420 -12.4450
f 19627 19628 19629 19630
v 16.4950 7.7120 2.2500
v 8.9450 7.7120 2.2500
v 8.9450 7.7420 2.2500
v 16.4950 7.7420 2.2500
f 19631 19632 19633 19634
v 8.9450 7.7120 2.2500
v 8.9450 7.7120 -12.4450
v 8.9450 7.7420 -12.4450
v 8.9450 7.7420 2.2500
f 19635 19636 19637 19638
g level_3_interior_room_zone
usemtl room
v -12.0000 7.7100 6.0000
v -12.0000 7.7100 12.3000
v -8.0000 7.7100 12.3000
v -8.0000 7.7100 6.0000
f 19639 19640 19641 19642
v -12.0000 7.7550 6.0000
v -8.0000 7.7550 6.0000
v -8.0000 7.7550 12.3000
v -12.0000 7.7550 12.3000
f 19643 19644 19645 19646
v -12.0000 7.7100 6.0000
v -8.0000 7.7100 6.0000
v -8.0000 7.7550 6.0000
v -12.0000 7.7550 6.0000
f 19647 19648 19649 19650
v -8.0000 7.7100 6.0000
v -8.0000 7.7100 12.3000
v -8.0000 7.7550 12.3000
v -8.0000 7.7550 6.0000
f 19651 19652 19653 19654
v -8.0000 7.7100 12.3000
v -12.0000 7.7100 12.3000
v -12.0000 7.7550 12.3000
v -8.0000 7.7550 12.3000
f 19655 19656 19657 19658
v -12.0000 7.7100 12.3000
v -12.0000 7.7100 6.0000
v -12.0000 7.7550 6.0000
v -12.0000 7.7550 12.3000
f 19659 19660 19661 19662
g level_3_interior_schematic_partition
usemtl wall
v -12.0000 7.7550 6.0000
v -12.0000 7.7550 12.3000
v -11.9000 7.7550 12.3000
v -11.9000 7.7550 6.0000
f 19663 19664 19665 19666
v -12.0000 8.3750 6.0000
v -11.9000 8.3750 6.0000
v -11.9000 8.3750 12.3000
v -12.0000 8.3750 12.3000
f 19667 19668 19669 19670
v -12.0000 7.7550 6.0000
v -11.9000 7.7550 6.0000
v -11.9000 8.3750 6.0000
v -12.0000 8.3750 6.0000
f 19671 19672 19673 19674
v -11.9000 7.7550 6.0000
v -11.9000 7.7550 12.3000
v -11.9000 8.3750 12.3000
v -11.9000 8.3750 6.0000
f 19675 19676 19677 19678
v -11.9000 7.7550 12.3000
v -12.0000 7.7550 12.3000
v -12.0000 8.3750 12.3000
v -11.9000 8.3750 12.3000
f 19679 19680 19681 19682
v -12.0000 7.7550 12.3000
v -12.0000 7.7550 6.0000
v -12.0000 8.3750 6.0000
v -12.0000 8.3750 12.3000
f 19683 19684 19685 19686
v -12.0000 7.7550 6.0000
v -12.0000 7.7550 6.1000
v -8.0000 7.7550 6.1000
v -8.0000 7.7550 6.0000
f 19687 19688 19689 19690
v -12.0000 8.3750 6.0000
v -8.0000 8.3750 6.0000
v -8.0000 8.3750 6.1000
v -12.0000 8.3750 6.1000
f 19691 19692 19693 19694
v -12.0000 7.7550 6.0000
v -8.0000 7.7550 6.0000
v -8.0000 8.3750 6.0000
v -12.0000 8.3750 6.0000
f 19695 19696 19697 19698
v -8.0000 7.7550 6.0000
v -8.0000 7.7550 6.1000
v -8.0000 8.3750 6.1000
v -8.0000 8.3750 6.0000
f 19699 19700 19701 19702
v -8.0000 7.7550 6.1000
v -12.0000 7.7550 6.1000
v -12.0000 8.3750 6.1000
v -8.0000 8.3750 6.1000
f 19703 19704 19705 19706
v -12.0000 7.7550 6.1000
v -12.0000 7.7550 6.0000
v -12.0000 8.3750 6.0000
v -12.0000 8.3750 6.1000
f 19707 19708 19709 19710
g level_3_interior_bed_frame
usemtl furniture
v -11.5800 7.7500 6.4800
v -11.5800 7.7500 8.5300
v -10.5600 7.7500 8.5300
v -10.5600 7.7500 6.4800
f 19711 19712 19713 19714
v -11.5800 8.1700 6.4800
v -10.5600 8.1700 6.4800
v -10.5600 8.1700 8.5300
v -11.5800 8.1700 8.5300
f 19715 19716 19717 19718
v -11.5800 7.7500 6.4800
v -10.5600 7.7500 6.4800
v -10.5600 8.1700 6.4800
v -11.5800 8.1700 6.4800
f 19719 19720 19721 19722
v -10.5600 7.7500 6.4800
v -10.5600 7.7500 8.5300
v -10.5600 8.1700 8.5300
v -10.5600 8.1700 6.4800
f 19723 19724 19725 19726
v -10.5600 7.7500 8.5300
v -11.5800 7.7500 8.5300
v -11.5800 8.1700 8.5300
v -10.5600 8.1700 8.5300
f 19727 19728 19729 19730
v -11.5800 7.7500 8.5300
v -11.5800 7.7500 6.4800
v -11.5800 8.1700 6.4800
v -11.5800 8.1700 8.5300
f 19731 19732 19733 19734
g level_3_interior_bed_mattress
usemtl bed
v -11.5450 8.1700 6.5150
v -11.5450 8.1700 8.4950
v -10.5950 8.1700 8.4950
v -10.5950 8.1700 6.5150
f 19735 19736 19737 19738
v -11.5450 8.3700 6.5150
v -10.5950 8.3700 6.5150
v -10.5950 8.3700 8.4950
v -11.5450 8.3700 8.4950
f 19739 19740 19741 19742
v -11.5450 8.1700 6.5150
v -10.5950 8.1700 6.5150
v -10.5950 8.3700 6.5150
v -11.5450 8.3700 6.5150
f 19743 19744 19745 19746
v -10.5950 8.1700 6.5150
v -10.5950 8.1700 8.4950
v -10.5950 8.3700 8.4950
v -10.5950 8.3700 6.5150
f 19747 19748 19749 19750
v -10.5950 8.1700 8.4950
v -11.5450 8.1700 8.4950
v -11.5450 8.3700 8.4950
v -10.5950 8.3700 8.4950
f 19751 19752 19753 19754
v -11.5450 8.1700 8.4950
v -11.5450 8.1700 6.5150
v -11.5450 8.3700 6.5150
v -11.5450 8.3700 8.4950
f 19755 19756 19757 19758
g level_3_interior_blanket
usemtl blanket
v -11.5150 8.3800 7.1600
v -11.5150 8.3800 8.4100
v -10.6250 8.3800 8.4100
v -10.6250 8.3800 7.1600
f 19759 19760 19761 19762
v -11.5150 8.4150 7.1600
v -10.6250 8.4150 7.1600
v -10.6250 8.4150 8.4100
v -11.5150 8.4150 8.4100
f 19763 19764 19765 19766
v -11.5150 8.3800 7.1600
v -10.6250 8.3800 7.1600
v -10.6250 8.4150 7.1600
v -11.5150 8.4150 7.1600
f 19767 19768 19769 19770
v -10.6250 8.3800 7.1600
v -10.6250 8.3800 8.4100
v -10.6250 8.4150 8.4100
v -10.6250 8.4150 7.1600
f 19771 19772 19773 19774
v -10.6250 8.3800 8.4100
v -11.5150 8.3800 8.4100
v -11.5150 8.4150 8.4100
v -10.6250 8.4150 8.4100
f 19775 19776 19777 19778
v -11.5150 8.3800 8.4100
v -11.5150 8.3800 7.1600
v -11.5150 8.4150 7.1600
v -11.5150 8.4150 8.4100
f 19779 19780 19781 19782
g level_3_interior_pillow
usemtl pillow
v -11.4600 8.3850 6.6000
v -11.4600 8.3850 7.0200
v -10.6700 8.3850 7.0200
v -10.6700 8.3850 6.6000
f 19783 19784 19785 19786
v -11.4600 8.4750 6.6000
v -10.6700 8.4750 6.6000
v -10.6700 8.4750 7.0200
v -11.4600 8.4750 7.0200
f 19787 19788 19789 19790
v -11.4600 8.3850 6.6000
v -10.6700 8.3850 6.6000
v -10.6700 8.4750 6.6000
v -11.4600 8.4750 6.6000
f 19791 19792 19793 19794
v -10.6700 8.3850 6.6000
v -10.6700 8.3850 7.0200
v -10.6700 8.4750 7.0200
v -10.6700 8.4750 6.6000
f 19795 19796 19797 19798
v -10.6700 8.3850 7.0200
v -11.4600 8.3850 7.0200
v -11.4600 8.4750 7.0200
v -10.6700 8.4750 7.0200
f 19799 19800 19801 19802
v -11.4600 8.3850 7.0200
v -11.4600 8.3850 6.6000
v -11.4600 8.4750 6.6000
v -11.4600 8.4750 7.0200
f 19803 19804 19805 19806
g level_3_interior_headboard
usemtl furniture
v -11.5800 8.1000 6.4300
v -11.5800 8.1000 6.5300
v -10.5600 8.1000 6.5300
v -10.5600 8.1000 6.4300
f 19807 19808 19809 19810
v -11.5800 8.7500 6.4300
v -10.5600 8.7500 6.4300
v -10.5600 8.7500 6.5300
v -11.5800 8.7500 6.5300
f 19811 19812 19813 19814
v -11.5800 8.1000 6.4300
v -10.5600 8.1000 6.4300
v -10.5600 8.7500 6.4300
v -11.5800 8.7500 6.4300
f 19815 19816 19817 19818
v -10.5600 8.1000 6.4300
v -10.5600 8.1000 6.5300
v -10.5600 8.7500 6.5300
v -10.5600 8.7500 6.4300
f 19819 19820 19821 19822
v -10.5600 8.1000 6.5300
v -11.5800 8.1000 6.5300
v -11.5800 8.7500 6.5300
v -10.5600 8.7500 6.5300
f 19823 19824 19825 19826
v -11.5800 8.1000 6.5300
v -11.5800 8.1000 6.4300
v -11.5800 8.7500 6.4300
v -11.5800 8.7500 6.5300
f 19827 19828 19829 19830
g level_3_interior_bed_frame
v -9.4500 7.7500 6.4800
v -9.4500 7.7500 8.5300
v -8.4300 7.7500 8.5300
v -8.4300 7.7500 6.4800
f 19831 19832 19833 19834
v -9.4500 8.1700 6.4800
v -8.4300 8.1700 6.4800
v -8.4300 8.1700 8.5300
v -9.4500 8.1700 8.5300
f 19835 19836 19837 19838
v -9.4500 7.7500 6.4800
v -8.4300 7.7500 6.4800
v -8.4300 8.1700 6.4800
v -9.4500 8.1700 6.4800
f 19839 19840 19841 19842
v -8.4300 7.7500 6.4800
v -8.4300 7.7500 8.5300
v -8.4300 8.1700 8.5300
v -8.4300 8.1700 6.4800
f 19843 19844 19845 19846
v -8.4300 7.7500 8.5300
v -9.4500 7.7500 8.5300
v -9.4500 8.1700 8.5300
v -8.4300 8.1700 8.5300
f 19847 19848 19849 19850
v -9.4500 7.7500 8.5300
v -9.4500 7.7500 6.4800
v -9.4500 8.1700 6.4800
v -9.4500 8.1700 8.5300
f 19851 19852 19853 19854
g level_3_interior_bed_mattress
usemtl bed
v -9.4150 8.1700 6.5150
v -9.4150 8.1700 8.4950
v -8.4650 8.1700 8.4950
v -8.4650 8.1700 6.5150
f 19855 19856 19857 19858
v -9.4150 8.3700 6.5150
v -8.4650 8.3700 6.5150
v -8.4650 8.3700 8.4950
v -9.4150 8.3700 8.4950
f 19859 19860 19861 19862
v -9.4150 8.1700 6.5150
v -8.4650 8.1700 6.5150
v -8.4650 8.3700 6.5150
v -9.4150 8.3700 6.5150
f 19863 19864 19865 19866
v -8.4650 8.1700 6.5150
v -8.4650 8.1700 8.4950
v -8.4650 8.3700 8.4950
v -8.4650 8.3700 6.5150
f 19867 19868 19869 19870
v -8.4650 8.1700 8.4950
v -9.4150 8.1700 8.4950
v -9.4150 8.3700 8.4950
v -8.4650 8.3700 8.4950
f 19871 19872 19873 19874
v -9.4150 8.1700 8.4950
v -9.4150 8.1700 6.5150
v -9.4150 8.3700 6.5150
v -9.4150 8.3700 8.4950
f 19875 19876 19877 19878
g level_3_interior_blanket
usemtl blanket
v -9.3850 8.3800 7.1600
v -9.3850 8.3800 8.4100
v -8.4950 8.3800 8.4100
v -8.4950 8.3800 7.1600
f 19879 19880 19881 19882
v -9.3850 8.4150 7.1600
v -8.4950 8.4150 7.1600
v -8.4950 8.4150 8.4100
v -9.3850 8.4150 8.4100
f 19883 19884 19885 19886
v -9.3850 8.3800 7.1600
v -8.4950 8.3800 7.1600
v -8.4950 8.4150 7.1600
v -9.3850 8.4150 7.1600
f 19887 19888 19889 19890
v -8.4950 8.3800 7.1600
v -8.4950 8.3800 8.4100
v -8.4950 8.4150 8.4100
v -8.4950 8.4150 7.1600
f 19891 19892 19893 19894
v -8.4950 8.3800 8.4100
v -9.3850 8.3800 8.4100
v -9.3850 8.4150 8.4100
v -8.4950 8.4150 8.4100
f 19895 19896 19897 19898
v -9.3850 8.3800 8.4100
v -9.3850 8.3800 7.1600
v -9.3850 8.4150 7.1600
v -9.3850 8.4150 8.4100
f 19899 19900 19901 19902
g level_3_interior_pillow
usemtl pillow
v -9.3300 8.3850 6.6000
v -9.3300 8.3850 7.0200
v -8.5400 8.3850 7.0200
v -8.5400 8.3850 6.6000
f 19903 19904 19905 19906
v -9.3300 8.4750 6.6000
v -8.5400 8.4750 6.6000
v -8.5400 8.4750 7.0200
v -9.3300 8.4750 7.0200
f 19907 19908 19909 19910
v -9.3300 8.3850 6.6000
v -8.5400 8.3850 6.6000
v -8.5400 8.4750 6.6000
v -9.3300 8.4750 6.6000
f 19911 19912 19913 19914
v -8.5400 8.3850 6.6000
v -8.5400 8.3850 7.0200
v -8.5400 8.4750 7.0200
v -8.5400 8.4750 6.6000
f 19915 19916 19917 19918
v -8.5400 8.3850 7.0200
v -9.3300 8.3850 7.0200
v -9.3300 8.4750 7.0200
v -8.5400 8.4750 7.0200
f 19919 19920 19921 19922
v -9.3300 8.3850 7.0200
v -9.3300 8.3850 6.6000
v -9.3300 8.4750 6.6000
v -9.3300 8.4750 7.0200
f 19923 19924 19925 19926
g level_3_interior_headboard
usemtl furniture
v -9.4500 8.1000 6.4300
v -9.4500 8.1000 6.5300
v -8.4300 8.1000 6.5300
v -8.4300 8.1000 6.4300
f 19927 19928 19929 19930
v -9.4500 8.7500 6.4300
v -8.4300 8.7500 6.4300
v -8.4300 8.7500 6.5300
v -9.4500 8.7500 6.5300
f 19931 19932 19933 19934
v -9.4500 8.1000 6.4300
v -8.4300 8.1000 6.4300
v -8.4300 8.7500 6.4300
v -9.4500 8.7500 6.4300
f 19935 19936 19937 19938
v -8.4300 8.1000 6.4300
v -8.4300 8.1000 6.5300
v -8.4300 8.7500 6.5300
v -8.4300 8.7500 6.4300
f 19939 19940 19941 19942
v -8.4300 8.1000 6.5300
v -9.4500 8.1000 6.5300
v -9.4500 8.7500 6.5300
v -8.4300 8.7500 6.5300
f 19943 19944 19945 19946
v -9.4500 8.1000 6.5300
v -9.4500 8.1000 6.4300
v -9.4500 8.7500 6.4300
v -9.4500 8.7500 6.5300
f 19947 19948 19949 19950
g level_3_interior_cabinet
v -8.7500 7.7600 11.3500
v -8.7500 7.7600 12.1500
v -8.1000 7.7600 12.1500
v -8.1000 7.7600 11.3500
f 19951 19952 19953 19954
v -8.7500 8.5600 11.3500
v -8.1000 8.5600 11.3500
v -8.1000 8.5600 12.1500
v -8.7500 8.5600 12.1500
f 19955 19956 19957 19958
v -8.7500 7.7600 11.3500
v -8.1000 7.7600 11.3500
v -8.1000 8.5600 11.3500
v -8.7500 8.5600 11.3500
f 19959 19960 19961 19962
v -8.1000 7.7600 11.3500
v -8.1000 7.7600 12.1500
v -8.1000 8.5600 12.1500
v -8.1000 8.5600 11.3500
f 19963 19964 19965 19966
v -8.1000 7.7600 12.1500
v -8.7500 7.7600 12.1500
v -8.7500 8.5600 12.1500
v -8.1000 8.5600 12.1500
f 19967 19968 19969 19970
v -8.7500 7.7600 12.1500
v -8.7500 7.7600 11.3500
v -8.7500 8.5600 11.3500
v -8.7500 8.5600 12.1500
f 19971 19972 19973 19974
g level_3_interior_room_zone
usemtl room
v -8.0000 7.7100 6.0000
v -8.0000 7.7100 12.3000
v -4.0000 7.7100 12.3000
v -4.0000 7.7100 6.0000
f 19975 19976 19977 19978
v -8.0000 7.7550 6.0000
v -4.0000 7.7550 6.0000
v -4.0000 7.7550 12.3000
v -8.0000 7.7550 12.3000
f 19979 19980 19981 19982
v -8.0000 7.7100 6.0000
v -4.0000 7.7100 6.0000
v -4.0000 7.7550 6.0000
v -8.0000 7.7550 6.0000
f 19983 19984 19985 19986
v -4.0000 7.7100 6.0000
v -4.0000 7.7100 12.3000
v -4.0000 7.7550 12.3000
v -4.0000 7.7550 6.0000
f 19987 19988 19989 19990
v -4.0000 7.7100 12.3000
v -8.0000 7.7100 12.3000
v -8.0000 7.7550 12.3000
v -4.0000 7.7550 12.3000
f 19991 19992 19993 19994
v -8.0000 7.7100 12.3000
v -8.0000 7.7100 6.0000
v -8.0000 7.7550 6.0000
v -8.0000 7.7550 12.3000
f 19995 19996 19997 19998
g level_3_interior_schematic_partition
usemtl wall
v -8.0000 7.7550 6.0000
v -8.0000 7.7550 12.3000
v -7.9000 7.7550 12.3000
v -7.9000 7.7550 6.0000
f 19999 20000 20001 20002
v -8.0000 8.3750 6.0000
v -7.9000 8.3750 6.0000
v -7.9000 8.3750 12.3000
v -8.0000 8.3750 12.3000
f 20003 20004 20005 20006
v -8.0000 7.7550 6.0000
v -7.9000 7.7550 6.0000
v -7.9000 8.3750 6.0000
v -8.0000 8.3750 6.0000
f 20007 20008 20009 20010
v -7.9000 7.7550 6.0000
v -7.9000 7.7550 12.3000
v -7.9000 8.3750 12.3000
v -7.9000 8.3750 6.0000
f 20011 20012 20013 20014
v -7.9000 7.7550 12.3000
v -8.0000 7.7550 12.3000
v -8.0000 8.3750 12.3000
v -7.9000 8.3750 12.3000
f 20015 20016 20017 20018
v -8.0000 7.7550 12.3000
v -8.0000 7.7550 6.0000
v -8.0000 8.3750 6.0000
v -8.0000 8.3750 12.3000
f 20019 20020 20021 20022
v -8.0000 7.7550 6.0000
v -8.0000 7.7550 6.1000
v -4.0000 7.7550 6.1000
v -4.0000 7.7550 6.0000
f 20023 20024 20025 20026
v -8.0000 8.3750 6.0000
v -4.0000 8.3750 6.0000
v -4.0000 8.3750 6.1000
v -8.0000 8.3750 6.1000
f 20027 20028 20029 20030
v -8.0000 7.7550 6.0000
v -4.0000 7.7550 6.0000
v -4.0000 8.3750 6.0000
v -8.0000 8.3750 6.0000
f 20031 20032 20033 20034
v -4.0000 7.7550 6.0000
v -4.0000 7.7550 6.1000
v -4.0000 8.3750 6.1000
v -4.0000 8.3750 6.0000
f 20035 20036 20037 20038
v -4.0000 7.7550 6.1000
v -8.0000 7.7550 6.1000
v -8.0000 8.3750 6.1000
v -4.0000 8.3750 6.1000
f 20039 20040 20041 20042
v -8.0000 7.7550 6.1000
v -8.0000 7.7550 6.0000
v -8.0000 8.3750 6.0000
v -8.0000 8.3750 6.1000
f 20043 20044 20045 20046
g level_3_interior_bed_frame
usemtl furniture
v -7.5800 7.7500 6.4800
v -7.5800 7.7500 8.5300
v -6.5600 7.7500 8.5300
v -6.5600 7.7500 6.4800
f 20047 20048 20049 20050
v -7.5800 8.1700 6.4800
v -6.5600 8.1700 6.4800
v -6.5600 8.1700 8.5300
v -7.5800 8.1700 8.5300
f 20051 20052 20053 20054
v -7.5800 7.7500 6.4800
v -6.5600 7.7500 6.4800
v -6.5600 8.1700 6.4800
v -7.5800 8.1700 6.4800
f 20055 20056 20057 20058
v -6.5600 7.7500 6.4800
v -6.5600 7.7500 8.5300
v -6.5600 8.1700 8.5300
v -6.5600 8.1700 6.4800
f 20059 20060 20061 20062
v -6.5600 7.7500 8.5300
v -7.5800 7.7500 8.5300
v -7.5800 8.1700 8.5300
v -6.5600 8.1700 8.5300
f 20063 20064 20065 20066
v -7.5800 7.7500 8.5300
v -7.5800 7.7500 6.4800
v -7.5800 8.1700 6.4800
v -7.5800 8.1700 8.5300
f 20067 20068 20069 20070
g level_3_interior_bed_mattress
usemtl bed
v -7.5450 8.1700 6.5150
v -7.5450 8.1700 8.4950
v -6.5950 8.1700 8.4950
v -6.5950 8.1700 6.5150
f 20071 20072 20073 20074
v -7.5450 8.3700 6.5150
v -6.5950 8.3700 6.5150
v -6.5950 8.3700 8.4950
v -7.5450 8.3700 8.4950
f 20075 20076 20077 20078
v -7.5450 8.1700 6.5150
v -6.5950 8.1700 6.5150
v -6.5950 8.3700 6.5150
v -7.5450 8.3700 6.5150
f 20079 20080 20081 20082
v -6.5950 8.1700 6.5150
v -6.5950 8.1700 8.4950
v -6.5950 8.3700 8.4950
v -6.5950 8.3700 6.5150
f 20083 20084 20085 20086
v -6.5950 8.1700 8.4950
v -7.5450 8.1700 8.4950
v -7.5450 8.3700 8.4950
v -6.5950 8.3700 8.4950
f 20087 20088 20089 20090
v -7.5450 8.1700 8.4950
v -7.5450 8.1700 6.5150
v -7.5450 8.3700 6.5150
v -7.5450 8.3700 8.4950
f 20091 20092 20093 20094
g level_3_interior_blanket
usemtl blanket
v -7.5150 8.3800 7.1600
v -7.5150 8.3800 8.4100
v -6.6250 8.3800 8.4100
v -6.6250 8.3800 7.1600
f 20095 20096 20097 20098
v -7.5150 8.4150 7.1600
v -6.6250 8.4150 7.1600
v -6.6250 8.4150 8.4100
v -7.5150 8.4150 8.4100
f 20099 20100 20101 20102
v -7.5150 8.3800 7.1600
v -6.6250 8.3800 7.1600
v -6.6250 8.4150 7.1600
v -7.5150 8.4150 7.1600
f 20103 20104 20105 20106
v -6.6250 8.3800 7.1600
v -6.6250 8.3800 8.4100
v -6.6250 8.4150 8.4100
v -6.6250 8.4150 7.1600
f 20107 20108 20109 20110
v -6.6250 8.3800 8.4100
v -7.5150 8.3800 8.4100
v -7.5150 8.4150 8.4100
v -6.6250 8.4150 8.4100
f 20111 20112 20113 20114
v -7.5150 8.3800 8.4100
v -7.5150 8.3800 7.1600
v -7.5150 8.4150 7.1600
v -7.5150 8.4150 8.4100
f 20115 20116 20117 20118
g level_3_interior_pillow
usemtl pillow
v -7.4600 8.3850 6.6000
v -7.4600 8.3850 7.0200
v -6.6700 8.3850 7.0200
v -6.6700 8.3850 6.6000
f 20119 20120 20121 20122
v -7.4600 8.4750 6.6000
v -6.6700 8.4750 6.6000
v -6.6700 8.4750 7.0200
v -7.4600 8.4750 7.0200
f 20123 20124 20125 20126
v -7.4600 8.3850 6.6000
v -6.6700 8.3850 6.6000
v -6.6700 8.4750 6.6000
v -7.4600 8.4750 6.6000
f 20127 20128 20129 20130
v -6.6700 8.3850 6.6000
v -6.6700 8.3850 7.0200
v -6.6700 8.4750 7.0200
v -6.6700 8.4750 6.6000
f 20131 20132 20133 20134
v -6.6700 8.3850 7.0200
v -7.4600 8.3850 7.0200
v -7.4600 8.4750 7.0200
v -6.6700 8.4750 7.0200
f 20135 20136 20137 20138
v -7.4600 8.3850 7.0200
v -7.4600 8.3850 6.6000
v -7.4600 8.4750 6.6000
v -7.4600 8.4750 7.0200
f 20139 20140 20141 20142
g level_3_interior_headboard
usemtl furniture
v -7.5800 8.1000 6.4300
v -7.5800 8.1000 6.5300
v -6.5600 8.1000 6.5300
v -6.5600 8.1000 6.4300
f 20143 20144 20145 20146
v -7.5800 8.7500 6.4300
v -6.5600 8.7500 6.4300
v -6.5600 8.7500 6.5300
v -7.5800 8.7500 6.5300
f 20147 20148 20149 20150
v -7.5800 8.1000 6.4300
v -6.5600 8.1000 6.4300
v -6.5600 8.7500 6.4300
v -7.5800 8.7500 6.4300
f 20151 20152 20153 20154
v -6.5600 8.1000 6.4300
v -6.5600 8.1000 6.5300
v -6.5600 8.7500 6.5300
v -6.5600 8.7500 6.4300
f 20155 20156 20157 20158
v -6.5600 8.1000 6.5300
v -7.5800 8.1000 6.5300
v -7.5800 8.7500 6.5300
v -6.5600 8.7500 6.5300
f 20159 20160 20161 20162
v -7.5800 8.1000 6.5300
v -7.5800 8.1000 6.4300
v -7.5800 8.7500 6.4300
v -7.5800 8.7500 6.5300
f 20163 20164 20165 20166
g level_3_interior_bed_frame
v -5.4500 7.7500 6.4800
v -5.4500 7.7500 8.5300
v -4.4300 7.7500 8.5300
v -4.4300 7.7500 6.4800
f 20167 20168 20169 20170
v -5.4500 8.1700 6.4800
v -4.4300 8.1700 6.4800
v -4.4300 8.1700 8.5300
v -5.4500 8.1700 8.5300
f 20171 20172 20173 20174
v -5.4500 7.7500 6.4800
v -4.4300 7.7500 6.4800
v -4.4300 8.1700 6.4800
v -5.4500 8.1700 6.4800
f 20175 20176 20177 20178
v -4.4300 7.7500 6.4800
v -4.4300 7.7500 8.5300
v -4.4300 8.1700 8.5300
v -4.4300 8.1700 6.4800
f 20179 20180 20181 20182
v -4.4300 7.7500 8.5300
v -5.4500 7.7500 8.5300
v -5.4500 8.1700 8.5300
v -4.4300 8.1700 8.5300
f 20183 20184 20185 20186
v -5.4500 7.7500 8.5300
v -5.4500 7.7500 6.4800
v -5.4500 8.1700 6.4800
v -5.4500 8.1700 8.5300
f 20187 20188 20189 20190
g level_3_interior_bed_mattress
usemtl bed
v -5.4150 8.1700 6.5150
v -5.4150 8.1700 8.4950
v -4.4650 8.1700 8.4950
v -4.4650 8.1700 6.5150
f 20191 20192 20193 20194
v -5.4150 8.3700 6.5150
v -4.4650 8.3700 6.5150
v -4.4650 8.3700 8.4950
v -5.4150 8.3700 8.4950
f 20195 20196 20197 20198
v -5.4150 8.1700 6.5150
v -4.4650 8.1700 6.5150
v -4.4650 8.3700 6.5150
v -5.4150 8.3700 6.5150
f 20199 20200 20201 20202
v -4.4650 8.1700 6.5150
v -4.4650 8.1700 8.4950
v -4.4650 8.3700 8.4950
v -4.4650 8.3700 6.5150
f 20203 20204 20205 20206
v -4.4650 8.1700 8.4950
v -5.4150 8.1700 8.4950
v -5.4150 8.3700 8.4950
v -4.4650 8.3700 8.4950
f 20207 20208 20209 20210
v -5.4150 8.1700 8.4950
v -5.4150 8.1700 6.5150
v -5.4150 8.3700 6.5150
v -5.4150 8.3700 8.4950
f 20211 20212 20213 20214
g level_3_interior_blanket
usemtl blanket
v -5.3850 8.3800 7.1600
v -5.3850 8.3800 8.4100
v -4.4950 8.3800 8.4100
v -4.4950 8.3800 7.1600
f 20215 20216 20217 20218
v -5.3850 8.4150 7.1600
v -4.4950 8.4150 7.1600
v -4.4950 8.4150 8.4100
v -5.3850 8.4150 8.4100
f 20219 20220 20221 20222
v -5.3850 8.3800 7.1600
v -4.4950 8.3800 7.1600
v -4.4950 8.4150 7.1600
v -5.3850 8.4150 7.1600
f 20223 20224 20225 20226
v -4.4950 8.3800 7.1600
v -4.4950 8.3800 8.4100
v -4.4950 8.4150 8.4100
v -4.4950 8.4150 7.1600
f 20227 20228 20229 20230
v -4.4950 8.3800 8.4100
v -5.3850 8.3800 8.4100
v -5.3850 8.4150 8.4100
v -4.4950 8.4150 8.4100
f 20231 20232 20233 20234
v -5.3850 8.3800 8.4100
v -5.3850 8.3800 7.1600
v -5.3850 8.4150 7.1600
v -5.3850 8.4150 8.4100
f 20235 20236 20237 20238
g level_3_interior_pillow
usemtl pillow
v -5.3300 8.3850 6.6000
v -5.3300 8.3850 7.0200
v -4.5400 8.3850 7.0200
v -4.5400 8.3850 6.6000
f 20239 20240 20241 20242
v -5.3300 8.4750 6.6000
v -4.5400 8.4750 6.6000
v -4.5400 8.4750 7.0200
v -5.3300 8.4750 7.0200
f 20243 20244 20245 20246
v -5.3300 8.3850 6.6000
v -4.5400 8.3850 6.6000
v -4.5400 8.4750 6.6000
v -5.3300 8.4750 6.6000
f 20247 20248 20249 20250
v -4.5400 8.3850 6.6000
v -4.5400 8.3850 7.0200
v -4.5400 8.4750 7.0200
v -4.5400 8.4750 6.6000
f 20251 20252 20253 20254
v -4.5400 8.3850 7.0200
v -5.3300 8.3850 7.0200
v -5.3300 8.4750 7.0200
v -4.5400 8.4750 7.0200
f 20255 20256 20257 20258
v -5.3300 8.3850 7.0200
v -5.3300 8.3850 6.6000
v -5.3300 8.4750 6.6000
v -5.3300 8.4750 7.0200
f 20259 20260 20261 20262
g level_3_interior_headboard
usemtl furniture
v -5.4500 8.1000 6.4300
v -5.4500 8.1000 6.5300
v -4.4300 8.1000 6.5300
v -4.4300 8.1000 6.4300
f 20263 20264 20265 20266
v -5.4500 8.7500 6.4300
v -4.4300 8.7500 6.4300
v -4.4300 8.7500 6.5300
v -5.4500 8.7500 6.5300
f 20267 20268 20269 20270
v -5.4500 8.1000 6.4300
v -4.4300 8.1000 6.4300
v -4.4300 8.7500 6.4300
v -5.4500 8.7500 6.4300
f 20271 20272 20273 20274
v -4.4300 8.1000 6.4300
v -4.4300 8.1000 6.5300
v -4.4300 8.7500 6.5300
v -4.4300 8.7500 6.4300
f 20275 20276 20277 20278
v -4.4300 8.1000 6.5300
v -5.4500 8.1000 6.5300
v -5.4500 8.7500 6.5300
v -4.4300 8.7500 6.5300
f 20279 20280 20281 20282
v -5.4500 8.1000 6.5300
v -5.4500 8.1000 6.4300
v -5.4500 8.7500 6.4300
v -5.4500 8.7500 6.5300
f 20283 20284 20285 20286
g level_3_interior_cabinet
v -4.7500 7.7600 11.3500
v -4.7500 7.7600 12.1500
v -4.1000 7.7600 12.1500
v -4.1000 7.7600 11.3500
f 20287 20288 20289 20290
v -4.7500 8.5600 11.3500
v -4.1000 8.5600 11.3500
v -4.1000 8.5600 12.1500
v -4.7500 8.5600 12.1500
f 20291 20292 20293 20294
v -4.7500 7.7600 11.3500
v -4.1000 7.7600 11.3500
v -4.1000 8.5600 11.3500
v -4.7500 8.5600 11.3500
f 20295 20296 20297 20298
v -4.1000 7.7600 11.3500
v -4.1000 7.7600 12.1500
v -4.1000 8.5600 12.1500
v -4.1000 8.5600 11.3500
f 20299 20300 20301 20302
v -4.1000 7.7600 12.1500
v -4.7500 7.7600 12.1500
v -4.7500 8.5600 12.1500
v -4.1000 8.5600 12.1500
f 20303 20304 20305 20306
v -4.7500 7.7600 12.1500
v -4.7500 7.7600 11.3500
v -4.7500 8.5600 11.3500
v -4.7500 8.5600 12.1500
f 20307 20308 20309 20310
g level_3_interior_room_zone
usemtl room
v -4.0000 7.7100 6.0000
v -4.0000 7.7100 12.3000
v 0.0000 7.7100 12.3000
v 0.0000 7.7100 6.0000
f 20311 20312 20313 20314
v -4.0000 7.7550 6.0000
v 0.0000 7.7550 6.0000
v 0.0000 7.7550 12.3000
v -4.0000 7.7550 12.3000
f 20315 20316 20317 20318
v -4.0000 7.7100 6.0000
v 0.0000 7.7100 6.0000
v 0.0000 7.7550 6.0000
v -4.0000 7.7550 6.0000
f 20319 20320 20321 20322
v 0.0000 7.7100 6.0000
v 0.0000 7.7100 12.3000
v 0.0000 7.7550 12.3000
v 0.0000 7.7550 6.0000
f 20323 20324 20325 20326
v 0.0000 7.7100 12.3000
v -4.0000 7.7100 12.3000
v -4.0000 7.7550 12.3000
v 0.0000 7.7550 12.3000
f 20327 20328 20329 20330
v -4.0000 7.7100 12.3000
v -4.0000 7.7100 6.0000
v -4.0000 7.7550 6.0000
v -4.0000 7.7550 12.3000
f 20331 20332 20333 20334
g level_3_interior_schematic_partition
usemtl wall
v -4.0000 7.7550 6.0000
v -4.0000 7.7550 12.3000
v -3.9000 7.7550 12.3000
v -3.9000 7.7550 6.0000
f 20335 20336 20337 20338
v -4.0000 8.3750 6.0000
v -3.9000 8.3750 6.0000
v -3.9000 8.3750 12.3000
v -4.0000 8.3750 12.3000
f 20339 20340 20341 20342
v -4.0000 7.7550 6.0000
v -3.9000 7.7550 6.0000
v -3.9000 8.3750 6.0000
v -4.0000 8.3750 6.0000
f 20343 20344 20345 20346
v -3.9000 7.7550 6.0000
v -3.9000 7.7550 12.3000
v -3.9000 8.3750 12.3000
v -3.9000 8.3750 6.0000
f 20347 20348 20349 20350
v -3.9000 7.7550 12.3000
v -4.0000 7.7550 12.3000
v -4.0000 8.3750 12.3000
v -3.9000 8.3750 12.3000
f 20351 20352 20353 20354
v -4.0000 7.7550 12.3000
v -4.0000 7.7550 6.0000
v -4.0000 8.3750 6.0000
v -4.0000 8.3750 12.3000
f 20355 20356 20357 20358
v -4.0000 7.7550 6.0000
v -4.0000 7.7550 6.1000
v 0.0000 7.7550 6.1000
v 0.0000 7.7550 6.0000
f 20359 20360 20361 20362
v -4.0000 8.3750 6.0000
v 0.0000 8.3750 6.0000
v 0.0000 8.3750 6.1000
v -4.0000 8.3750 6.1000
f 20363 20364 20365 20366
v -4.0000 7.7550 6.0000
v 0.0000 7.7550 6.0000
v 0.0000 8.3750 6.0000
v -4.0000 8.3750 6.0000
f 20367 20368 20369 20370
v 0.0000 7.7550 6.0000
v 0.0000 7.7550 6.1000
v 0.0000 8.3750 6.1000
v 0.0000 8.3750 6.0000
f 20371 20372 20373 20374
v 0.0000 7.7550 6.1000
v -4.0000 7.7550 6.1000
v -4.0000 8.3750 6.1000
v 0.0000 8.3750 6.1000
f 20375 20376 20377 20378
v -4.0000 7.7550 6.1000
v -4.0000 7.7550 6.0000
v -4.0000 8.3750 6.0000
v -4.0000 8.3750 6.1000
f 20379 20380 20381 20382
g level_3_interior_bed_frame
usemtl furniture
v -3.5800 7.7500 6.4800
v -3.5800 7.7500 8.5300
v -2.5600 7.7500 8.5300
v -2.5600 7.7500 6.4800
f 20383 20384 20385 20386
v -3.5800 8.1700 6.4800
v -2.5600 8.1700 6.4800
v -2.5600 8.1700 8.5300
v -3.5800 8.1700 8.5300
f 20387 20388 20389 20390
v -3.5800 7.7500 6.4800
v -2.5600 7.7500 6.4800
v -2.5600 8.1700 6.4800
v -3.5800 8.1700 6.4800
f 20391 20392 20393 20394
v -2.5600 7.7500 6.4800
v -2.5600 7.7500 8.5300
v -2.5600 8.1700 8.5300
v -2.5600 8.1700 6.4800
f 20395 20396 20397 20398
v -2.5600 7.7500 8.5300
v -3.5800 7.7500 8.5300
v -3.5800 8.1700 8.5300
v -2.5600 8.1700 8.5300
f 20399 20400 20401 20402
v -3.5800 7.7500 8.5300
v -3.5800 7.7500 6.4800
v -3.5800 8.1700 6.4800
v -3.5800 8.1700 8.5300
f 20403 20404 20405 20406
g level_3_interior_bed_mattress
usemtl bed
v -3.5450 8.1700 6.5150
v -3.5450 8.1700 8.4950
v -2.5950 8.1700 8.4950
v -2.5950 8.1700 6.5150
f 20407 20408 20409 20410
v -3.5450 8.3700 6.5150
v -2.5950 8.3700 6.5150
v -2.5950 8.3700 8.4950
v -3.5450 8.3700 8.4950
f 20411 20412 20413 20414
v -3.5450 8.1700 6.5150
v -2.5950 8.1700 6.5150
v -2.5950 8.3700 6.5150
v -3.5450 8.3700 6.5150
f 20415 20416 20417 20418
v -2.5950 8.1700 6.5150
v -2.5950 8.1700 8.4950
v -2.5950 8.3700 8.4950
v -2.5950 8.3700 6.5150
f 20419 20420 20421 20422
v -2.5950 8.1700 8.4950
v -3.5450 8.1700 8.4950
v -3.5450 8.3700 8.4950
v -2.5950 8.3700 8.4950
f 20423 20424 20425 20426
v -3.5450 8.1700 8.4950
v -3.5450 8.1700 6.5150
v -3.5450 8.3700 6.5150
v -3.5450 8.3700 8.4950
f 20427 20428 20429 20430
g level_3_interior_blanket
usemtl blanket
v -3.5150 8.3800 7.1600
v -3.5150 8.3800 8.4100
v -2.6250 8.3800 8.4100
v -2.6250 8.3800 7.1600
f 20431 20432 20433 20434
v -3.5150 8.4150 7.1600
v -2.6250 8.4150 7.1600
v -2.6250 8.4150 8.4100
v -3.5150 8.4150 8.4100
f 20435 20436 20437 20438
v -3.5150 8.3800 7.1600
v -2.6250 8.3800 7.1600
v -2.6250 8.4150 7.1600
v -3.5150 8.4150 7.1600
f 20439 20440 20441 20442
v -2.6250 8.3800 7.1600
v -2.6250 8.3800 8.4100
v -2.6250 8.4150 8.4100
v -2.6250 8.4150 7.1600
f 20443 20444 20445 20446
v -2.6250 8.3800 8.4100
v -3.5150 8.3800 8.4100
v -3.5150 8.4150 8.4100
v -2.6250 8.4150 8.4100
f 20447 20448 20449 20450
v -3.5150 8.3800 8.4100
v -3.5150 8.3800 7.1600
v -3.5150 8.4150 7.1600
v -3.5150 8.4150 8.4100
f 20451 20452 20453 20454
g level_3_interior_pillow
usemtl pillow
v -3.4600 8.3850 6.6000
v -3.4600 8.3850 7.0200
v -2.6700 8.3850 7.0200
v -2.6700 8.3850 6.6000
f 20455 20456 20457 20458
v -3.4600 8.4750 6.6000
v -2.6700 8.4750 6.6000
v -2.6700 8.4750 7.0200
v -3.4600 8.4750 7.0200
f 20459 20460 20461 20462
v -3.4600 8.3850 6.6000
v -2.6700 8.3850 6.6000
v -2.6700 8.4750 6.6000
v -3.4600 8.4750 6.6000
f 20463 20464 20465 20466
v -2.6700 8.3850 6.6000
v -2.6700 8.3850 7.0200
v -2.6700 8.4750 7.0200
v -2.6700 8.4750 6.6000
f 20467 20468 20469 20470
v -2.6700 8.3850 7.0200
v -3.4600 8.3850 7.0200
v -3.4600 8.4750 7.0200
v -2.6700 8.4750 7.0200
f 20471 20472 20473 20474
v -3.4600 8.3850 7.0200
v -3.4600 8.3850 6.6000
v -3.4600 8.4750 6.6000
v -3.4600 8.4750 7.0200
f 20475 20476 20477 20478
g level_3_interior_headboard
usemtl furniture
v -3.5800 8.1000 6.4300
v -3.5800 8.1000 6.5300
v -2.5600 8.1000 6.5300
v -2.5600 8.1000 6.4300
f 20479 20480 20481 20482
v -3.5800 8.7500 6.4300
v -2.5600 8.7500 6.4300
v -2.5600 8.7500 6.5300
v -3.5800 8.7500 6.5300
f 20483 20484 20485 20486
v -3.5800 8.1000 6.4300
v -2.5600 8.1000 6.4300
v -2.5600 8.7500 6.4300
v -3.5800 8.7500 6.4300
f 20487 20488 20489 20490
v -2.5600 8.1000 6.4300
v -2.5600 8.1000 6.5300
v -2.5600 8.7500 6.5300
v -2.5600 8.7500 6.4300
f 20491 20492 20493 20494
v -2.5600 8.1000 6.5300
v -3.5800 8.1000 6.5300
v -3.5800 8.7500 6.5300
v -2.5600 8.7500 6.5300
f 20495 20496 20497 20498
v -3.5800 8.1000 6.5300
v -3.5800 8.1000 6.4300
v -3.5800 8.7500 6.4300
v -3.5800 8.7500 6.5300
f 20499 20500 20501 20502
g level_3_interior_bed_frame
v -1.4500 7.7500 6.4800
v -1.4500 7.7500 8.5300
v -0.4300 7.7500 8.5300
v -0.4300 7.7500 6.4800
f 20503 20504 20505 20506
v -1.4500 8.1700 6.4800
v -0.4300 8.1700 6.4800
v -0.4300 8.1700 8.5300
v -1.4500 8.1700 8.5300
f 20507 20508 20509 20510
v -1.4500 7.7500 6.4800
v -0.4300 7.7500 6.4800
v -0.4300 8.1700 6.4800
v -1.4500 8.1700 6.4800
f 20511 20512 20513 20514
v -0.4300 7.7500 6.4800
v -0.4300 7.7500 8.5300
v -0.4300 8.1700 8.5300
v -0.4300 8.1700 6.4800
f 20515 20516 20517 20518
v -0.4300 7.7500 8.5300
v -1.4500 7.7500 8.5300
v -1.4500 8.1700 8.5300
v -0.4300 8.1700 8.5300
f 20519 20520 20521 20522
v -1.4500 7.7500 8.5300
v -1.4500 7.7500 6.4800
v -1.4500 8.1700 6.4800
v -1.4500 8.1700 8.5300
f 20523 20524 20525 20526
g level_3_interior_bed_mattress
usemtl bed
v -1.4150 8.1700 6.5150
v -1.4150 8.1700 8.4950
v -0.4650 8.1700 8.4950
v -0.4650 8.1700 6.5150
f 20527 20528 20529 20530
v -1.4150 8.3700 6.5150
v -0.4650 8.3700 6.5150
v -0.4650 8.3700 8.4950
v -1.4150 8.3700 8.4950
f 20531 20532 20533 20534
v -1.4150 8.1700 6.5150
v -0.4650 8.1700 6.5150
v -0.4650 8.3700 6.5150
v -1.4150 8.3700 6.5150
f 20535 20536 20537 20538
v -0.4650 8.1700 6.5150
v -0.4650 8.1700 8.4950
v -0.4650 8.3700 8.4950
v -0.4650 8.3700 6.5150
f 20539 20540 20541 20542
v -0.4650 8.1700 8.4950
v -1.4150 8.1700 8.4950
v -1.4150 8.3700 8.4950
v -0.4650 8.3700 8.4950
f 20543 20544 20545 20546
v -1.4150 8.1700 8.4950
v -1.4150 8.1700 6.5150
v -1.4150 8.3700 6.5150
v -1.4150 8.3700 8.4950
f 20547 20548 20549 20550
g level_3_interior_blanket
usemtl blanket
v -1.3850 8.3800 7.1600
v -1.3850 8.3800 8.4100
v -0.4950 8.3800 8.4100
v -0.4950 8.3800 7.1600
f 20551 20552 20553 20554
v -1.3850 8.4150 7.1600
v -0.4950 8.4150 7.1600
v -0.4950 8.4150 8.4100
v -1.3850 8.4150 8.4100
f 20555 20556 20557 20558
v -1.3850 8.3800 7.1600
v -0.4950 8.3800 7.1600
v -0.4950 8.4150 7.1600
v -1.3850 8.4150 7.1600
f 20559 20560 20561 20562
v -0.4950 8.3800 7.1600
v -0.4950 8.3800 8.4100
v -0.4950 8.4150 8.4100
v -0.4950 8.4150 7.1600
f 20563 20564 20565 20566
v -0.4950 8.3800 8.4100
v -1.3850 8.3800 8.4100
v -1.3850 8.4150 8.4100
v -0.4950 8.4150 8.4100
f 20567 20568 20569 20570
v -1.3850 8.3800 8.4100
v -1.3850 8.3800 7.1600
v -1.3850 8.4150 7.1600
v -1.3850 8.4150 8.4100
f 20571 20572 20573 20574
g level_3_interior_pillow
usemtl pillow
v -1.3300 8.3850 6.6000
v -1.3300 8.3850 7.0200
v -0.5400 8.3850 7.0200
v -0.5400 8.3850 6.6000
f 20575 20576 20577 20578
v -1.3300 8.4750 6.6000
v -0.5400 8.4750 6.6000
v -0.5400 8.4750 7.0200
v -1.3300 8.4750 7.0200
f 20579 20580 20581 20582
v -1.3300 8.3850 6.6000
v -0.5400 8.3850 6.6000
v -0.5400 8.4750 6.6000
v -1.3300 8.4750 6.6000
f 20583 20584 20585 20586
v -0.5400 8.3850 6.6000
v -0.5400 8.3850 7.0200
v -0.5400 8.4750 7.0200
v -0.5400 8.4750 6.6000
f 20587 20588 20589 20590
v -0.5400 8.3850 7.0200
v -1.3300 8.3850 7.0200
v -1.3300 8.4750 7.0200
v -0.5400 8.4750 7.0200
f 20591 20592 20593 20594
v -1.3300 8.3850 7.0200
v -1.3300 8.3850 6.6000
v -1.3300 8.4750 6.6000
v -1.3300 8.4750 7.0200
f 20595 20596 20597 20598
g level_3_interior_headboard
usemtl furniture
v -1.4500 8.1000 6.4300
v -1.4500 8.1000 6.5300
v -0.4300 8.1000 6.5300
v -0.4300 8.1000 6.4300
f 20599 20600 20601 20602
v -1.4500 8.7500 6.4300
v -0.4300 8.7500 6.4300
v -0.4300 8.7500 6.5300
v -1.4500 8.7500 6.5300
f 20603 20604 20605 20606
v -1.4500 8.1000 6.4300
v -0.4300 8.1000 6.4300
v -0.4300 8.7500 6.4300
v -1.4500 8.7500 6.4300
f 20607 20608 20609 20610
v -0.4300 8.1000 6.4300
v -0.4300 8.1000 6.5300
v -0.4300 8.7500 6.5300
v -0.4300 8.7500 6.4300
f 20611 20612 20613 20614
v -0.4300 8.1000 6.5300
v -1.4500 8.1000 6.5300
v -1.4500 8.7500 6.5300
v -0.4300 8.7500 6.5300
f 20615 20616 20617 20618
v -1.4500 8.1000 6.5300
v -1.4500 8.1000 6.4300
v -1.4500 8.7500 6.4300
v -1.4500 8.7500 6.5300
f 20619 20620 20621 20622
g level_3_interior_cabinet
v -0.7500 7.7600 11.3500
v -0.7500 7.7600 12.1500
v -0.1000 7.7600 12.1500
v -0.1000 7.7600 11.3500
f 20623 20624 20625 20626
v -0.7500 8.5600 11.3500
v -0.1000 8.5600 11.3500
v -0.1000 8.5600 12.1500
v -0.7500 8.5600 12.1500
f 20627 20628 20629 20630
v -0.7500 7.7600 11.3500
v -0.1000 7.7600 11.3500
v -0.1000 8.5600 11.3500
v -0.7500 8.5600 11.3500
f 20631 20632 20633 20634
v -0.1000 7.7600 11.3500
v -0.1000 7.7600 12.1500
v -0.1000 8.5600 12.1500
v -0.1000 8.5600 11.3500
f 20635 20636 20637 20638
v -0.1000 7.7600 12.1500
v -0.7500 7.7600 12.1500
v -0.7500 8.5600 12.1500
v -0.1000 8.5600 12.1500
f 20639 20640 20641 20642
v -0.7500 7.7600 12.1500
v -0.7500 7.7600 11.3500
v -0.7500 8.5600 11.3500
v -0.7500 8.5600 12.1500
f 20643 20644 20645 20646
g level_3_interior_room_zone
usemtl room
v 0.0000 7.7100 6.0000
v 0.0000 7.7100 12.3000
v 4.0000 7.7100 12.3000
v 4.0000 7.7100 6.0000
f 20647 20648 20649 20650
v 0.0000 7.7550 6.0000
v 4.0000 7.7550 6.0000
v 4.0000 7.7550 12.3000
v 0.0000 7.7550 12.3000
f 20651 20652 20653 20654
v 0.0000 7.7100 6.0000
v 4.0000 7.7100 6.0000
v 4.0000 7.7550 6.0000
v 0.0000 7.7550 6.0000
f 20655 20656 20657 20658
v 4.0000 7.7100 6.0000
v 4.0000 7.7100 12.3000
v 4.0000 7.7550 12.3000
v 4.0000 7.7550 6.0000
f 20659 20660 20661 20662
v 4.0000 7.7100 12.3000
v 0.0000 7.7100 12.3000
v 0.0000 7.7550 12.3000
v 4.0000 7.7550 12.3000
f 20663 20664 20665 20666
v 0.0000 7.7100 12.3000
v 0.0000 7.7100 6.0000
v 0.0000 7.7550 6.0000
v 0.0000 7.7550 12.3000
f 20667 20668 20669 20670
g level_3_interior_schematic_partition
usemtl wall
v 0.0000 7.7550 6.0000
v 0.0000 7.7550 12.3000
v 0.1000 7.7550 12.3000
v 0.1000 7.7550 6.0000
f 20671 20672 20673 20674
v 0.0000 8.3750 6.0000
v 0.1000 8.3750 6.0000
v 0.1000 8.3750 12.3000
v 0.0000 8.3750 12.3000
f 20675 20676 20677 20678
v 0.0000 7.7550 6.0000
v 0.1000 7.7550 6.0000
v 0.1000 8.3750 6.0000
v 0.0000 8.3750 6.0000
f 20679 20680 20681 20682
v 0.1000 7.7550 6.0000
v 0.1000 7.7550 12.3000
v 0.1000 8.3750 12.3000
v 0.1000 8.3750 6.0000
f 20683 20684 20685 20686
v 0.1000 7.7550 12.3000
v 0.0000 7.7550 12.3000
v 0.0000 8.3750 12.3000
v 0.1000 8.3750 12.3000
f 20687 20688 20689 20690
v 0.0000 7.7550 12.3000
v 0.0000 7.7550 6.0000
v 0.0000 8.3750 6.0000
v 0.0000 8.3750 12.3000
f 20691 20692 20693 20694
v 0.0000 7.7550 6.0000
v 0.0000 7.7550 6.1000
v 4.0000 7.7550 6.1000
v 4.0000 7.7550 6.0000
f 20695 20696 20697 20698
v 0.0000 8.3750 6.0000
v 4.0000 8.3750 6.0000
v 4.0000 8.3750 6.1000
v 0.0000 8.3750 6.1000
f 20699 20700 20701 20702
v 0.0000 7.7550 6.0000
v 4.0000 7.7550 6.0000
v 4.0000 8.3750 6.0000
v 0.0000 8.3750 6.0000
f 20703 20704 20705 20706
v 4.0000 7.7550 6.0000
v 4.0000 7.7550 6.1000
v 4.0000 8.3750 6.1000
v 4.0000 8.3750 6.0000
f 20707 20708 20709 20710
v 4.0000 7.7550 6.1000
v 0.0000 7.7550 6.1000
v 0.0000 8.3750 6.1000
v 4.0000 8.3750 6.1000
f 20711 20712 20713 20714
v 0.0000 7.7550 6.1000
v 0.0000 7.7550 6.0000
v 0.0000 8.3750 6.0000
v 0.0000 8.3750 6.1000
f 20715 20716 20717 20718
g level_3_interior_bed_frame
usemtl furniture
v 0.4200 7.7500 6.4800
v 0.4200 7.7500 8.5300
v 1.4400 7.7500 8.5300
v 1.4400 7.7500 6.4800
f 20719 20720 20721 20722
v 0.4200 8.1700 6.4800
v 1.4400 8.1700 6.4800
v 1.4400 8.1700 8.5300
v 0.4200 8.1700 8.5300
f 20723 20724 20725 20726
v 0.4200 7.7500 6.4800
v 1.4400 7.7500 6.4800
v 1.4400 8.1700 6.4800
v 0.4200 8.1700 6.4800
f 20727 20728 20729 20730
v 1.4400 7.7500 6.4800
v 1.4400 7.7500 8.5300
v 1.4400 8.1700 8.5300
v 1.4400 8.1700 6.4800
f 20731 20732 20733 20734
v 1.4400 7.7500 8.5300
v 0.4200 7.7500 8.5300
v 0.4200 8.1700 8.5300
v 1.4400 8.1700 8.5300
f 20735 20736 20737 20738
v 0.4200 7.7500 8.5300
v 0.4200 7.7500 6.4800
v 0.4200 8.1700 6.4800
v 0.4200 8.1700 8.5300
f 20739 20740 20741 20742
g level_3_interior_bed_mattress
usemtl bed
v 0.4550 8.1700 6.5150
v 0.4550 8.1700 8.4950
v 1.4050 8.1700 8.4950
v 1.4050 8.1700 6.5150
f 20743 20744 20745 20746
v 0.4550 8.3700 6.5150
v 1.4050 8.3700 6.5150
v 1.4050 8.3700 8.4950
v 0.4550 8.3700 8.4950
f 20747 20748 20749 20750
v 0.4550 8.1700 6.5150
v 1.4050 8.1700 6.5150
v 1.4050 8.3700 6.5150
v 0.4550 8.3700 6.5150
f 20751 20752 20753 20754
v 1.4050 8.1700 6.5150
v 1.4050 8.1700 8.4950
v 1.4050 8.3700 8.4950
v 1.4050 8.3700 6.5150
f 20755 20756 20757 20758
v 1.4050 8.1700 8.4950
v 0.4550 8.1700 8.4950
v 0.4550 8.3700 8.4950
v 1.4050 8.3700 8.4950
f 20759 20760 20761 20762
v 0.4550 8.1700 8.4950
v 0.4550 8.1700 6.5150
v 0.4550 8.3700 6.5150
v 0.4550 8.3700 8.4950
f 20763 20764 20765 20766
g level_3_interior_blanket
usemtl blanket
v 0.4850 8.3800 7.1600
v 0.4850 8.3800 8.4100
v 1.3750 8.3800 8.4100
v 1.3750 8.3800 7.1600
f 20767 20768 20769 20770
v 0.4850 8.4150 7.1600
v 1.3750 8.4150 7.1600
v 1.3750 8.4150 8.4100
v 0.4850 8.4150 8.4100
f 20771 20772 20773 20774
v 0.4850 8.3800 7.1600
v 1.3750 8.3800 7.1600
v 1.3750 8.4150 7.1600
v 0.4850 8.4150 7.1600
f 20775 20776 20777 20778
v 1.3750 8.3800 7.1600
v 1.3750 8.3800 8.4100
v 1.3750 8.4150 8.4100
v 1.3750 8.4150 7.1600
f 20779 20780 20781 20782
v 1.3750 8.3800 8.4100
v 0.4850 8.3800 8.4100
v 0.4850 8.4150 8.4100
v 1.3750 8.4150 8.4100
f 20783 20784 20785 20786
v 0.4850 8.3800 8.4100
v 0.4850 8.3800 7.1600
v 0.4850 8.4150 7.1600
v 0.4850 8.4150 8.4100
f 20787 20788 20789 20790
g level_3_interior_pillow
usemtl pillow
v 0.5400 8.3850 6.6000
v 0.5400 8.3850 7.0200
v 1.3300 8.3850 7.0200
v 1.3300 8.3850 6.6000
f 20791 20792 20793 20794
v 0.5400 8.4750 6.6000
v 1.3300 8.4750 6.6000
v 1.3300 8.4750 7.0200
v 0.5400 8.4750 7.0200
f 20795 20796 20797 20798
v 0.5400 8.3850 6.6000
v 1.3300 8.3850 6.6000
v 1.3300 8.4750 6.6000
v 0.5400 8.4750 6.6000
f 20799 20800 20801 20802
v 1.3300 8.3850 6.6000
v 1.3300 8.3850 7.0200
v 1.3300 8.4750 7.0200
v 1.3300 8.4750 6.6000
f 20803 20804 20805 20806
v 1.3300 8.3850 7.0200
v 0.5400 8.3850 7.0200
v 0.5400 8.4750 7.0200
v 1.3300 8.4750 7.0200
f 20807 20808 20809 20810
v 0.5400 8.3850 7.0200
v 0.5400 8.3850 6.6000
v 0.5400 8.4750 6.6000
v 0.5400 8.4750 7.0200
f 20811 20812 20813 20814
g level_3_interior_headboard
usemtl furniture
v 0.4200 8.1000 6.4300
v 0.4200 8.1000 6.5300
v 1.4400 8.1000 6.5300
v 1.4400 8.1000 6.4300
f 20815 20816 20817 20818
v 0.4200 8.7500 6.4300
v 1.4400 8.7500 6.4300
v 1.4400 8.7500 6.5300
v 0.4200 8.7500 6.5300
f 20819 20820 20821 20822
v 0.4200 8.1000 6.4300
v 1.4400 8.1000 6.4300
v 1.4400 8.7500 6.4300
v 0.4200 8.7500 6.4300
f 20823 20824 20825 20826
v 1.4400 8.1000 6.4300
v 1.4400 8.1000 6.5300
v 1.4400 8.7500 6.5300
v 1.4400 8.7500 6.4300
f 20827 20828 20829 20830
v 1.4400 8.1000 6.5300
v 0.4200 8.1000 6.5300
v 0.4200 8.7500 6.5300
v 1.4400 8.7500 6.5300
f 20831 20832 20833 20834
v 0.4200 8.1000 6.5300
v 0.4200 8.1000 6.4300
v 0.4200 8.7500 6.4300
v 0.4200 8.7500 6.5300
f 20835 20836 20837 20838
g level_3_interior_bed_frame
v 2.5500 7.7500 6.4800
v 2.5500 7.7500 8.5300
v 3.5700 7.7500 8.5300
v 3.5700 7.7500 6.4800
f 20839 20840 20841 20842
v 2.5500 8.1700 6.4800
v 3.5700 8.1700 6.4800
v 3.5700 8.1700 8.5300
v 2.5500 8.1700 8.5300
f 20843 20844 20845 20846
v 2.5500 7.7500 6.4800
v 3.5700 7.7500 6.4800
v 3.5700 8.1700 6.4800
v 2.5500 8.1700 6.4800
f 20847 20848 20849 20850
v 3.5700 7.7500 6.4800
v 3.5700 7.7500 8.5300
v 3.5700 8.1700 8.5300
v 3.5700 8.1700 6.4800
f 20851 20852 20853 20854
v 3.5700 7.7500 8.5300
v 2.5500 7.7500 8.5300
v 2.5500 8.1700 8.5300
v 3.5700 8.1700 8.5300
f 20855 20856 20857 20858
v 2.5500 7.7500 8.5300
v 2.5500 7.7500 6.4800
v 2.5500 8.1700 6.4800
v 2.5500 8.1700 8.5300
f 20859 20860 20861 20862
g level_3_interior_bed_mattress
usemtl bed
v 2.5850 8.1700 6.5150
v 2.5850 8.1700 8.4950
v 3.5350 8.1700 8.4950
v 3.5350 8.1700 6.5150
f 20863 20864 20865 20866
v 2.5850 8.3700 6.5150
v 3.5350 8.3700 6.5150
v 3.5350 8.3700 8.4950
v 2.5850 8.3700 8.4950
f 20867 20868 20869 20870
v 2.5850 8.1700 6.5150
v 3.5350 8.1700 6.5150
v 3.5350 8.3700 6.5150
v 2.5850 8.3700 6.5150
f 20871 20872 20873 20874
v 3.5350 8.1700 6.5150
v 3.5350 8.1700 8.4950
v 3.5350 8.3700 8.4950
v 3.5350 8.3700 6.5150
f 20875 20876 20877 20878
v 3.5350 8.1700 8.4950
v 2.5850 8.1700 8.4950
v 2.5850 8.3700 8.4950
v 3.5350 8.3700 8.4950
f 20879 20880 20881 20882
v 2.5850 8.1700 8.4950
v 2.5850 8.1700 6.5150
v 2.5850 8.3700 6.5150
v 2.5850 8.3700 8.4950
f 20883 20884 20885 20886
g level_3_interior_blanket
usemtl blanket
v 2.6150 8.3800 7.1600
v 2.6150 8.3800 8.4100
v 3.5050 8.3800 8.4100
v 3.5050 8.3800 7.1600
f 20887 20888 20889 20890
v 2.6150 8.4150 7.1600
v 3.5050 8.4150 7.1600
v 3.5050 8.4150 8.4100
v 2.6150 8.4150 8.4100
f 20891 20892 20893 20894
v 2.6150 8.3800 7.1600
v 3.5050 8.3800 7.1600
v 3.5050 8.4150 7.1600
v 2.6150 8.4150 7.1600
f 20895 20896 20897 20898
v 3.5050 8.3800 7.1600
v 3.5050 8.3800 8.4100
v 3.5050 8.4150 8.4100
v 3.5050 8.4150 7.1600
f 20899 20900 20901 20902
v 3.5050 8.3800 8.4100
v 2.6150 8.3800 8.4100
v 2.6150 8.4150 8.4100
v 3.5050 8.4150 8.4100
f 20903 20904 20905 20906
v 2.6150 8.3800 8.4100
v 2.6150 8.3800 7.1600
v 2.6150 8.4150 7.1600
v 2.6150 8.4150 8.4100
f 20907 20908 20909 20910
g level_3_interior_pillow
usemtl pillow
v 2.6700 8.3850 6.6000
v 2.6700 8.3850 7.0200
v 3.4600 8.3850 7.0200
v 3.4600 8.3850 6.6000
f 20911 20912 20913 20914
v 2.6700 8.4750 6.6000
v 3.4600 8.4750 6.6000
v 3.4600 8.4750 7.0200
v 2.6700 8.4750 7.0200
f 20915 20916 20917 20918
v 2.6700 8.3850 6.6000
v 3.4600 8.3850 6.6000
v 3.4600 8.4750 6.6000
v 2.6700 8.4750 6.6000
f 20919 20920 20921 20922
v 3.4600 8.3850 6.6000
v 3.4600 8.3850 7.0200
v 3.4600 8.4750 7.0200
v 3.4600 8.4750 6.6000
f 20923 20924 20925 20926
v 3.4600 8.3850 7.0200
v 2.6700 8.3850 7.0200
v 2.6700 8.4750 7.0200
v 3.4600 8.4750 7.0200
f 20927 20928 20929 20930
v 2.6700 8.3850 7.0200
v 2.6700 8.3850 6.6000
v 2.6700 8.4750 6.6000
v 2.6700 8.4750 7.0200
f 20931 20932 20933 20934
g level_3_interior_headboard
usemtl furniture
v 2.5500 8.1000 6.4300
v 2.5500 8.1000 6.5300
v 3.5700 8.1000 6.5300
v 3.5700 8.1000 6.4300
f 20935 20936 20937 20938
v 2.5500 8.7500 6.4300
v 3.5700 8.7500 6.4300
v 3.5700 8.7500 6.5300
v 2.5500 8.7500 6.5300
f 20939 20940 20941 20942
v 2.5500 8.1000 6.4300
v 3.5700 8.1000 6.4300
v 3.5700 8.7500 6.4300
v 2.5500 8.7500 6.4300
f 20943 20944 20945 20946
v 3.5700 8.1000 6.4300
v 3.5700 8.1000 6.5300
v 3.5700 8.7500 6.5300
v 3.5700 8.7500 6.4300
f 20947 20948 20949 20950
v 3.5700 8.1000 6.5300
v 2.5500 8.1000 6.5300
v 2.5500 8.7500 6.5300
v 3.5700 8.7500 6.5300
f 20951 20952 20953 20954
v 2.5500 8.1000 6.5300
v 2.5500 8.1000 6.4300
v 2.5500 8.7500 6.4300
v 2.5500 8.7500 6.5300
f 20955 20956 20957 20958
g level_3_interior_cabinet
v 3.2500 7.7600 11.3500
v 3.2500 7.7600 12.1500
v 3.9000 7.7600 12.1500
v 3.9000 7.7600 11.3500
f 20959 20960 20961 20962
v 3.2500 8.5600 11.3500
v 3.9000 8.5600 11.3500
v 3.9000 8.5600 12.1500
v 3.2500 8.5600 12.1500
f 20963 20964 20965 20966
v 3.2500 7.7600 11.3500
v 3.9000 7.7600 11.3500
v 3.9000 8.5600 11.3500
v 3.2500 8.5600 11.3500
f 20967 20968 20969 20970
v 3.9000 7.7600 11.3500
v 3.9000 7.7600 12.1500
v 3.9000 8.5600 12.1500
v 3.9000 8.5600 11.3500
f 20971 20972 20973 20974
v 3.9000 7.7600 12.1500
v 3.2500 7.7600 12.1500
v 3.2500 8.5600 12.1500
v 3.9000 8.5600 12.1500
f 20975 20976 20977 20978
v 3.2500 7.7600 12.1500
v 3.2500 7.7600 11.3500
v 3.2500 8.5600 11.3500
v 3.2500 8.5600 12.1500
f 20979 20980 20981 20982
g level_3_interior_room_zone
usemtl room
v 4.0000 7.7100 6.0000
v 4.0000 7.7100 12.3000
v 8.0000 7.7100 12.3000
v 8.0000 7.7100 6.0000
f 20983 20984 20985 20986
v 4.0000 7.7550 6.0000
v 8.0000 7.7550 6.0000
v 8.0000 7.7550 12.3000
v 4.0000 7.7550 12.3000
f 20987 20988 20989 20990
v 4.0000 7.7100 6.0000
v 8.0000 7.7100 6.0000
v 8.0000 7.7550 6.0000
v 4.0000 7.7550 6.0000
f 20991 20992 20993 20994
v 8.0000 7.7100 6.0000
v 8.0000 7.7100 12.3000
v 8.0000 7.7550 12.3000
v 8.0000 7.7550 6.0000
f 20995 20996 20997 20998
v 8.0000 7.7100 12.3000
v 4.0000 7.7100 12.3000
v 4.0000 7.7550 12.3000
v 8.0000 7.7550 12.3000
f 20999 21000 21001 21002
v 4.0000 7.7100 12.3000
v 4.0000 7.7100 6.0000
v 4.0000 7.7550 6.0000
v 4.0000 7.7550 12.3000
f 21003 21004 21005 21006
g level_3_interior_schematic_partition
usemtl wall
v 4.0000 7.7550 6.0000
v 4.0000 7.7550 12.3000
v 4.1000 7.7550 12.3000
v 4.1000 7.7550 6.0000
f 21007 21008 21009 21010
v 4.0000 8.3750 6.0000
v 4.1000 8.3750 6.0000
v 4.1000 8.3750 12.3000
v 4.0000 8.3750 12.3000
f 21011 21012 21013 21014
v 4.0000 7.7550 6.0000
v 4.1000 7.7550 6.0000
v 4.1000 8.3750 6.0000
v 4.0000 8.3750 6.0000
f 21015 21016 21017 21018
v 4.1000 7.7550 6.0000
v 4.1000 7.7550 12.3000
v 4.1000 8.3750 12.3000
v 4.1000 8.3750 6.0000
f 21019 21020 21021 21022
v 4.1000 7.7550 12.3000
v 4.0000 7.7550 12.3000
v 4.0000 8.3750 12.3000
v 4.1000 8.3750 12.3000
f 21023 21024 21025 21026
v 4.0000 7.7550 12.3000
v 4.0000 7.7550 6.0000
v 4.0000 8.3750 6.0000
v 4.0000 8.3750 12.3000
f 21027 21028 21029 21030
v 4.0000 7.7550 6.0000
v 4.0000 7.7550 6.1000
v 8.0000 7.7550 6.1000
v 8.0000 7.7550 6.0000
f 21031 21032 21033 21034
v 4.0000 8.3750 6.0000
v 8.0000 8.3750 6.0000
v 8.0000 8.3750 6.1000
v 4.0000 8.3750 6.1000
f 21035 21036 21037 21038
v 4.0000 7.7550 6.0000
v 8.0000 7.7550 6.0000
v 8.0000 8.3750 6.0000
v 4.0000 8.3750 6.0000
f 21039 21040 21041 21042
v 8.0000 7.7550 6.0000
v 8.0000 7.7550 6.1000
v 8.0000 8.3750 6.1000
v 8.0000 8.3750 6.0000
f 21043 21044 21045 21046
v 8.0000 7.7550 6.1000
v 4.0000 7.7550 6.1000
v 4.0000 8.3750 6.1000
v 8.0000 8.3750 6.1000
f 21047 21048 21049 21050
v 4.0000 7.7550 6.1000
v 4.0000 7.7550 6.0000
v 4.0000 8.3750 6.0000
v 4.0000 8.3750 6.1000
f 21051 21052 21053 21054
g level_3_interior_bed_frame
usemtl furniture
v 4.4200 7.7500 6.4800
v 4.4200 7.7500 8.5300
v 5.4400 7.7500 8.5300
v 5.4400 7.7500 6.4800
f 21055 21056 21057 21058
v 4.4200 8.1700 6.4800
v 5.4400 8.1700 6.4800
v 5.4400 8.1700 8.5300
v 4.4200 8.1700 8.5300
f 21059 21060 21061 21062
v 4.4200 7.7500 6.4800
v 5.4400 7.7500 6.4800
v 5.4400 8.1700 6.4800
v 4.4200 8.1700 6.4800
f 21063 21064 21065 21066
v 5.4400 7.7500 6.4800
v 5.4400 7.7500 8.5300
v 5.4400 8.1700 8.5300
v 5.4400 8.1700 6.4800
f 21067 21068 21069 21070
v 5.4400 7.7500 8.5300
v 4.4200 7.7500 8.5300
v 4.4200 8.1700 8.5300
v 5.4400 8.1700 8.5300
f 21071 21072 21073 21074
v 4.4200 7.7500 8.5300
v 4.4200 7.7500 6.4800
v 4.4200 8.1700 6.4800
v 4.4200 8.1700 8.5300
f 21075 21076 21077 21078
g level_3_interior_bed_mattress
usemtl bed
v 4.4550 8.1700 6.5150
v 4.4550 8.1700 8.4950
v 5.4050 8.1700 8.4950
v 5.4050 8.1700 6.5150
f 21079 21080 21081 21082
v 4.4550 8.3700 6.5150
v 5.4050 8.3700 6.5150
v 5.4050 8.3700 8.4950
v 4.4550 8.3700 8.4950
f 21083 21084 21085 21086
v 4.4550 8.1700 6.5150
v 5.4050 8.1700 6.5150
v 5.4050 8.3700 6.5150
v 4.4550 8.3700 6.5150
f 21087 21088 21089 21090
v 5.4050 8.1700 6.5150
v 5.4050 8.1700 8.4950
v 5.4050 8.3700 8.4950
v 5.4050 8.3700 6.5150
f 21091 21092 21093 21094
v 5.4050 8.1700 8.4950
v 4.4550 8.1700 8.4950
v 4.4550 8.3700 8.4950
v 5.4050 8.3700 8.4950
f 21095 21096 21097 21098
v 4.4550 8.1700 8.4950
v 4.4550 8.1700 6.5150
v 4.4550 8.3700 6.5150
v 4.4550 8.3700 8.4950
f 21099 21100 21101 21102
g level_3_interior_blanket
usemtl blanket
v 4.4850 8.3800 7.1600
v 4.4850 8.3800 8.4100
v 5.3750 8.3800 8.4100
v 5.3750 8.3800 7.1600
f 21103 21104 21105 21106
v 4.4850 8.4150 7.1600
v 5.3750 8.4150 7.1600
v 5.3750 8.4150 8.4100
v 4.4850 8.4150 8.4100
f 21107 21108 21109 21110
v 4.4850 8.3800 7.1600
v 5.3750 8.3800 7.1600
v 5.3750 8.4150 7.1600
v 4.4850 8.4150 7.1600
f 21111 21112 21113 21114
v 5.3750 8.3800 7.1600
v 5.3750 8.3800 8.4100
v 5.3750 8.4150 8.4100
v 5.3750 8.4150 7.1600
f 21115 21116 21117 21118
v 5.3750 8.3800 8.4100
v 4.4850 8.3800 8.4100
v 4.4850 8.4150 8.4100
v 5.3750 8.4150 8.4100
f 21119 21120 21121 21122
v 4.4850 8.3800 8.4100
v 4.4850 8.3800 7.1600
v 4.4850 8.4150 7.1600
v 4.4850 8.4150 8.4100
f 21123 21124 21125 21126
g level_3_interior_pillow
usemtl pillow
v 4.5400 8.3850 6.6000
v 4.5400 8.3850 7.0200
v 5.3300 8.3850 7.0200
v 5.3300 8.3850 6.6000
f 21127 21128 21129 21130
v 4.5400 8.4750 6.6000
v 5.3300 8.4750 6.6000
v 5.3300 8.4750 7.0200
v 4.5400 8.4750 7.0200
f 21131 21132 21133 21134
v 4.5400 8.3850 6.6000
v 5.3300 8.3850 6.6000
v 5.3300 8.4750 6.6000
v 4.5400 8.4750 6.6000
f 21135 21136 21137 21138
v 5.3300 8.3850 6.6000
v 5.3300 8.3850 7.0200
v 5.3300 8.4750 7.0200
v 5.3300 8.4750 6.6000
f 21139 21140 21141 21142
v 5.3300 8.3850 7.0200
v 4.5400 8.3850 7.0200
v 4.5400 8.4750 7.0200
v 5.3300 8.4750 7.0200
f 21143 21144 21145 21146
v 4.5400 8.3850 7.0200
v 4.5400 8.3850 6.6000
v 4.5400 8.4750 6.6000
v 4.5400 8.4750 7.0200
f 21147 21148 21149 21150
g level_3_interior_headboard
usemtl furniture
v 4.4200 8.1000 6.4300
v 4.4200 8.1000 6.5300
v 5.4400 8.1000 6.5300
v 5.4400 8.1000 6.4300
f 21151 21152 21153 21154
v 4.4200 8.7500 6.4300
v 5.4400 8.7500 6.4300
v 5.4400 8.7500 6.5300
v 4.4200 8.7500 6.5300
f 21155 21156 21157 21158
v 4.4200 8.1000 6.4300
v 5.4400 8.1000 6.4300
v 5.4400 8.7500 6.4300
v 4.4200 8.7500 6.4300
f 21159 21160 21161 21162
v 5.4400 8.1000 6.4300
v 5.4400 8.1000 6.5300
v 5.4400 8.7500 6.5300
v 5.4400 8.7500 6.4300
f 21163 21164 21165 21166
v 5.4400 8.1000 6.5300
v 4.4200 8.1000 6.5300
v 4.4200 8.7500 6.5300
v 5.4400 8.7500 6.5300
f 21167 21168 21169 21170
v 4.4200 8.1000 6.5300
v 4.4200 8.1000 6.4300
v 4.4200 8.7500 6.4300
v 4.4200 8.7500 6.5300
f 21171 21172 21173 21174
g level_3_interior_bed_frame
v 6.5500 7.7500 6.4800
v 6.5500 7.7500 8.5300
v 7.5700 7.7500 8.5300
v 7.5700 7.7500 6.4800
f 21175 21176 21177 21178
v 6.5500 8.1700 6.4800
v 7.5700 8.1700 6.4800
v 7.5700 8.1700 8.5300
v 6.5500 8.1700 8.5300
f 21179 21180 21181 21182
v 6.5500 7.7500 6.4800
v 7.5700 7.7500 6.4800
v 7.5700 8.1700 6.4800
v 6.5500 8.1700 6.4800
f 21183 21184 21185 21186
v 7.5700 7.7500 6.4800
v 7.5700 7.7500 8.5300
v 7.5700 8.1700 8.5300
v 7.5700 8.1700 6.4800
f 21187 21188 21189 21190
v 7.5700 7.7500 8.5300
v 6.5500 7.7500 8.5300
v 6.5500 8.1700 8.5300
v 7.5700 8.1700 8.5300
f 21191 21192 21193 21194
v 6.5500 7.7500 8.5300
v 6.5500 7.7500 6.4800
v 6.5500 8.1700 6.4800
v 6.5500 8.1700 8.5300
f 21195 21196 21197 21198
g level_3_interior_bed_mattress
usemtl bed
v 6.5850 8.1700 6.5150
v 6.5850 8.1700 8.4950
v 7.5350 8.1700 8.4950
v 7.5350 8.1700 6.5150
f 21199 21200 21201 21202
v 6.5850 8.3700 6.5150
v 7.5350 8.3700 6.5150
v 7.5350 8.3700 8.4950
v 6.5850 8.3700 8.4950
f 21203 21204 21205 21206
v 6.5850 8.1700 6.5150
v 7.5350 8.1700 6.5150
v 7.5350 8.3700 6.5150
v 6.5850 8.3700 6.5150
f 21207 21208 21209 21210
v 7.5350 8.1700 6.5150
v 7.5350 8.1700 8.4950
v 7.5350 8.3700 8.4950
v 7.5350 8.3700 6.5150
f 21211 21212 21213 21214
v 7.5350 8.1700 8.4950
v 6.5850 8.1700 8.4950
v 6.5850 8.3700 8.4950
v 7.5350 8.3700 8.4950
f 21215 21216 21217 21218
v 6.5850 8.1700 8.4950
v 6.5850 8.1700 6.5150
v 6.5850 8.3700 6.5150
v 6.5850 8.3700 8.4950
f 21219 21220 21221 21222
g level_3_interior_blanket
usemtl blanket
v 6.6150 8.3800 7.1600
v 6.6150 8.3800 8.4100
v 7.5050 8.3800 8.4100
v 7.5050 8.3800 7.1600
f 21223 21224 21225 21226
v 6.6150 8.4150 7.1600
v 7.5050 8.4150 7.1600
v 7.5050 8.4150 8.4100
v 6.6150 8.4150 8.4100
f 21227 21228 21229 21230
v 6.6150 8.3800 7.1600
v 7.5050 8.3800 7.1600
v 7.5050 8.4150 7.1600
v 6.6150 8.4150 7.1600
f 21231 21232 21233 21234
v 7.5050 8.3800 7.1600
v 7.5050 8.3800 8.4100
v 7.5050 8.4150 8.4100
v 7.5050 8.4150 7.1600
f 21235 21236 21237 21238
v 7.5050 8.3800 8.4100
v 6.6150 8.3800 8.4100
v 6.6150 8.4150 8.4100
v 7.5050 8.4150 8.4100
f 21239 21240 21241 21242
v 6.6150 8.3800 8.4100
v 6.6150 8.3800 7.1600
v 6.6150 8.4150 7.1600
v 6.6150 8.4150 8.4100
f 21243 21244 21245 21246
g level_3_interior_pillow
usemtl pillow
v 6.6700 8.3850 6.6000
v 6.6700 8.3850 7.0200
v 7.4600 8.3850 7.0200
v 7.4600 8.3850 6.6000
f 21247 21248 21249 21250
v 6.6700 8.4750 6.6000
v 7.4600 8.4750 6.6000
v 7.4600 8.4750 7.0200
v 6.6700 8.4750 7.0200
f 21251 21252 21253 21254
v 6.6700 8.3850 6.6000
v 7.4600 8.3850 6.6000
v 7.4600 8.4750 6.6000
v 6.6700 8.4750 6.6000
f 21255 21256 21257 21258
v 7.4600 8.3850 6.6000
v 7.4600 8.3850 7.0200
v 7.4600 8.4750 7.0200
v 7.4600 8.4750 6.6000
f 21259 21260 21261 21262
v 7.4600 8.3850 7.0200
v 6.6700 8.3850 7.0200
v 6.6700 8.4750 7.0200
v 7.4600 8.4750 7.0200
f 21263 21264 21265 21266
v 6.6700 8.3850 7.0200
v 6.6700 8.3850 6.6000
v 6.6700 8.4750 6.6000
v 6.6700 8.4750 7.0200
f 21267 21268 21269 21270
g level_3_interior_headboard
usemtl furniture
v 6.5500 8.1000 6.4300
v 6.5500 8.1000 6.5300
v 7.5700 8.1000 6.5300
v 7.5700 8.1000 6.4300
f 21271 21272 21273 21274
v 6.5500 8.7500 6.4300
v 7.5700 8.7500 6.4300
v 7.5700 8.7500 6.5300
v 6.5500 8.7500 6.5300
f 21275 21276 21277 21278
v 6.5500 8.1000 6.4300
v 7.5700 8.1000 6.4300
v 7.5700 8.7500 6.4300
v 6.5500 8.7500 6.4300
f 21279 21280 21281 21282
v 7.5700 8.1000 6.4300
v 7.5700 8.1000 6.5300
v 7.5700 8.7500 6.5300
v 7.5700 8.7500 6.4300
f 21283 21284 21285 21286
v 7.5700 8.1000 6.5300
v 6.5500 8.1000 6.5300
v 6.5500 8.7500 6.5300
v 7.5700 8.7500 6.5300
f 21287 21288 21289 21290
v 6.5500 8.1000 6.5300
v 6.5500 8.1000 6.4300
v 6.5500 8.7500 6.4300
v 6.5500 8.7500 6.5300
f 21291 21292 21293 21294
g level_3_interior_cabinet
v 7.2500 7.7600 11.3500
v 7.2500 7.7600 12.1500
v 7.9000 7.7600 12.1500
v 7.9000 7.7600 11.3500
f 21295 21296 21297 21298
v 7.2500 8.5600 11.3500
v 7.9000 8.5600 11.3500
v 7.9000 8.5600 12.1500
v 7.2500 8.5600 12.1500
f 21299 21300 21301 21302
v 7.2500 7.7600 11.3500
v 7.9000 7.7600 11.3500
v 7.9000 8.5600 11.3500
v 7.2500 8.5600 11.3500
f 21303 21304 21305 21306
v 7.9000 7.7600 11.3500
v 7.9000 7.7600 12.1500
v 7.9000 8.5600 12.1500
v 7.9000 8.5600 11.3500
f 21307 21308 21309 21310
v 7.9000 7.7600 12.1500
v 7.2500 7.7600 12.1500
v 7.2500 8.5600 12.1500
v 7.9000 8.5600 12.1500
f 21311 21312 21313 21314
v 7.2500 7.7600 12.1500
v 7.2500 7.7600 11.3500
v 7.2500 8.5600 11.3500
v 7.2500 8.5600 12.1500
f 21315 21316 21317 21318
g level_3_interior_room_zone
usemtl room
v 8.0000 7.7100 6.0000
v 8.0000 7.7100 12.3000
v 12.0000 7.7100 12.3000
v 12.0000 7.7100 6.0000
f 21319 21320 21321 21322
v 8.0000 7.7550 6.0000
v 12.0000 7.7550 6.0000
v 12.0000 7.7550 12.3000
v 8.0000 7.7550 12.3000
f 21323 21324 21325 21326
v 8.0000 7.7100 6.0000
v 12.0000 7.7100 6.0000
v 12.0000 7.7550 6.0000
v 8.0000 7.7550 6.0000
f 21327 21328 21329 21330
v 12.0000 7.7100 6.0000
v 12.0000 7.7100 12.3000
v 12.0000 7.7550 12.3000
v 12.0000 7.7550 6.0000
f 21331 21332 21333 21334
v 12.0000 7.7100 12.3000
v 8.0000 7.7100 12.3000
v 8.0000 7.7550 12.3000
v 12.0000 7.7550 12.3000
f 21335 21336 21337 21338
v 8.0000 7.7100 12.3000
v 8.0000 7.7100 6.0000
v 8.0000 7.7550 6.0000
v 8.0000 7.7550 12.3000
f 21339 21340 21341 21342
g level_3_interior_schematic_partition
usemtl wall
v 8.0000 7.7550 6.0000
v 8.0000 7.7550 12.3000
v 8.1000 7.7550 12.3000
v 8.1000 7.7550 6.0000
f 21343 21344 21345 21346
v 8.0000 8.3750 6.0000
v 8.1000 8.3750 6.0000
v 8.1000 8.3750 12.3000
v 8.0000 8.3750 12.3000
f 21347 21348 21349 21350
v 8.0000 7.7550 6.0000
v 8.1000 7.7550 6.0000
v 8.1000 8.3750 6.0000
v 8.0000 8.3750 6.0000
f 21351 21352 21353 21354
v 8.1000 7.7550 6.0000
v 8.1000 7.7550 12.3000
v 8.1000 8.3750 12.3000
v 8.1000 8.3750 6.0000
f 21355 21356 21357 21358
v 8.1000 7.7550 12.3000
v 8.0000 7.7550 12.3000
v 8.0000 8.3750 12.3000
v 8.1000 8.3750 12.3000
f 21359 21360 21361 21362
v 8.0000 7.7550 12.3000
v 8.0000 7.7550 6.0000
v 8.0000 8.3750 6.0000
v 8.0000 8.3750 12.3000
f 21363 21364 21365 21366
v 8.0000 7.7550 6.0000
v 8.0000 7.7550 6.1000
v 12.0000 7.7550 6.1000
v 12.0000 7.7550 6.0000
f 21367 21368 21369 21370
v 8.0000 8.3750 6.0000
v 12.0000 8.3750 6.0000
v 12.0000 8.3750 6.1000
v 8.0000 8.3750 6.1000
f 21371 21372 21373 21374
v 8.0000 7.7550 6.0000
v 12.0000 7.7550 6.0000
v 12.0000 8.3750 6.0000
v 8.0000 8.3750 6.0000
f 21375 21376 21377 21378
v 12.0000 7.7550 6.0000
v 12.0000 7.7550 6.1000
v 12.0000 8.3750 6.1000
v 12.0000 8.3750 6.0000
f 21379 21380 21381 21382
v 12.0000 7.7550 6.1000
v 8.0000 7.7550 6.1000
v 8.0000 8.3750 6.1000
v 12.0000 8.3750 6.1000
f 21383 21384 21385 21386
v 8.0000 7.7550 6.1000
v 8.0000 7.7550 6.0000
v 8.0000 8.3750 6.0000
v 8.0000 8.3750 6.1000
f 21387 21388 21389 21390
g level_3_interior_bed_frame
usemtl furniture
v 8.4200 7.7500 6.4800
v 8.4200 7.7500 8.5300
v 9.4400 7.7500 8.5300
v 9.4400 7.7500 6.4800
f 21391 21392 21393 21394
v 8.4200 8.1700 6.4800
v 9.4400 8.1700 6.4800
v 9.4400 8.1700 8.5300
v 8.4200 8.1700 8.5300
f 21395 21396 21397 21398
v 8.4200 7.7500 6.4800
v 9.4400 7.7500 6.4800
v 9.4400 8.1700 6.4800
v 8.4200 8.1700 6.4800
f 21399 21400 21401 21402
v 9.4400 7.7500 6.4800
v 9.4400 7.7500 8.5300
v 9.4400 8.1700 8.5300
v 9.4400 8.1700 6.4800
f 21403 21404 21405 21406
v 9.4400 7.7500 8.5300
v 8.4200 7.7500 8.5300
v 8.4200 8.1700 8.5300
v 9.4400 8.1700 8.5300
f 21407 21408 21409 21410
v 8.4200 7.7500 8.5300
v 8.4200 7.7500 6.4800
v 8.4200 8.1700 6.4800
v 8.4200 8.1700 8.5300
f 21411 21412 21413 21414
g level_3_interior_bed_mattress
usemtl bed
v 8.4550 8.1700 6.5150
v 8.4550 8.1700 8.4950
v 9.4050 8.1700 8.4950
v 9.4050 8.1700 6.5150
f 21415 21416 21417 21418
v 8.4550 8.3700 6.5150
v 9.4050 8.3700 6.5150
v 9.4050 8.3700 8.4950
v 8.4550 8.3700 8.4950
f 21419 21420 21421 21422
v 8.4550 8.1700 6.5150
v 9.4050 8.1700 6.5150
v 9.4050 8.3700 6.5150
v 8.4550 8.3700 6.5150
f 21423 21424 21425 21426
v 9.4050 8.1700 6.5150
v 9.4050 8.1700 8.4950
v 9.4050 8.3700 8.4950
v 9.4050 8.3700 6.5150
f 21427 21428 21429 21430
v 9.4050 8.1700 8.4950
v 8.4550 8.1700 8.4950
v 8.4550 8.3700 8.4950
v 9.4050 8.3700 8.4950
f 21431 21432 21433 21434
v 8.4550 8.1700 8.4950
v 8.4550 8.1700 6.5150
v 8.4550 8.3700 6.5150
v 8.4550 8.3700 8.4950
f 21435 21436 21437 21438
g level_3_interior_blanket
usemtl blanket
v 8.4850 8.3800 7.1600
v 8.4850 8.3800 8.4100
v 9.3750 8.3800 8.4100
v 9.3750 8.3800 7.1600
f 21439 21440 21441 21442
v 8.4850 8.4150 7.1600
v 9.3750 8.4150 7.1600
v 9.3750 8.4150 8.4100
v 8.4850 8.4150 8.4100
f 21443 21444 21445 21446
v 8.4850 8.3800 7.1600
v 9.3750 8.3800 7.1600
v 9.3750 8.4150 7.1600
v 8.4850 8.4150 7.1600
f 21447 21448 21449 21450
v 9.3750 8.3800 7.1600
v 9.3750 8.3800 8.4100
v 9.3750 8.4150 8.4100
v 9.3750 8.4150 7.1600
f 21451 21452 21453 21454
v 9.3750 8.3800 8.4100
v 8.4850 8.3800 8.4100
v 8.4850 8.4150 8.4100
v 9.3750 8.4150 8.4100
f 21455 21456 21457 21458
v 8.4850 8.3800 8.4100
v 8.4850 8.3800 7.1600
v 8.4850 8.4150 7.1600
v 8.4850 8.4150 8.4100
f 21459 21460 21461 21462
g level_3_interior_pillow
usemtl pillow
v 8.5400 8.3850 6.6000
v 8.5400 8.3850 7.0200
v 9.3300 8.3850 7.0200
v 9.3300 8.3850 6.6000
f 21463 21464 21465 21466
v 8.5400 8.4750 6.6000
v 9.3300 8.4750 6.6000
v 9.3300 8.4750 7.0200
v 8.5400 8.4750 7.0200
f 21467 21468 21469 21470
v 8.5400 8.3850 6.6000
v 9.3300 8.3850 6.6000
v 9.3300 8.4750 6.6000
v 8.5400 8.4750 6.6000
f 21471 21472 21473 21474
v 9.3300 8.3850 6.6000
v 9.3300 8.3850 7.0200
v 9.3300 8.4750 7.0200
v 9.3300 8.4750 6.6000
f 21475 21476 21477 21478
v 9.3300 8.3850 7.0200
v 8.5400 8.3850 7.0200
v 8.5400 8.4750 7.0200
v 9.3300 8.4750 7.0200
f 21479 21480 21481 21482
v 8.5400 8.3850 7.0200
v 8.5400 8.3850 6.6000
v 8.5400 8.4750 6.6000
v 8.5400 8.4750 7.0200
f 21483 21484 21485 21486
g level_3_interior_headboard
usemtl furniture
v 8.4200 8.1000 6.4300
v 8.4200 8.1000 6.5300
v 9.4400 8.1000 6.5300
v 9.4400 8.1000 6.4300
f 21487 21488 21489 21490
v 8.4200 8.7500 6.4300
v 9.4400 8.7500 6.4300
v 9.4400 8.7500 6.5300
v 8.4200 8.7500 6.5300
f 21491 21492 21493 21494
v 8.4200 8.1000 6.4300
v 9.4400 8.1000 6.4300
v 9.4400 8.7500 6.4300
v 8.4200 8.7500 6.4300
f 21495 21496 21497 21498
v 9.4400 8.1000 6.4300
v 9.4400 8.1000 6.5300
v 9.4400 8.7500 6.5300
v 9.4400 8.7500 6.4300
f 21499 21500 21501 21502
v 9.4400 8.1000 6.5300
v 8.4200 8.1000 6.5300
v 8.4200 8.7500 6.5300
v 9.4400 8.7500 6.5300
f 21503 21504 21505 21506
v 8.4200 8.1000 6.5300
v 8.4200 8.1000 6.4300
v 8.4200 8.7500 6.4300
v 8.4200 8.7500 6.5300
f 21507 21508 21509 21510
g level_3_interior_bed_frame
v 10.5500 7.7500 6.4800
v 10.5500 7.7500 8.5300
v 11.5700 7.7500 8.5300
v 11.5700 7.7500 6.4800
f 21511 21512 21513 21514
v 10.5500 8.1700 6.4800
v 11.5700 8.1700 6.4800
v 11.5700 8.1700 8.5300
v 10.5500 8.1700 8.5300
f 21515 21516 21517 21518
v 10.5500 7.7500 6.4800
v 11.5700 7.7500 6.4800
v 11.5700 8.1700 6.4800
v 10.5500 8.1700 6.4800
f 21519 21520 21521 21522
v 11.5700 7.7500 6.4800
v 11.5700 7.7500 8.5300
v 11.5700 8.1700 8.5300
v 11.5700 8.1700 6.4800
f 21523 21524 21525 21526
v 11.5700 7.7500 8.5300
v 10.5500 7.7500 8.5300
v 10.5500 8.1700 8.5300
v 11.5700 8.1700 8.5300
f 21527 21528 21529 21530
v 10.5500 7.7500 8.5300
v 10.5500 7.7500 6.4800
v 10.5500 8.1700 6.4800
v 10.5500 8.1700 8.5300
f 21531 21532 21533 21534
g level_3_interior_bed_mattress
usemtl bed
v 10.5850 8.1700 6.5150
v 10.5850 8.1700 8.4950
v 11.5350 8.1700 8.4950
v 11.5350 8.1700 6.5150
f 21535 21536 21537 21538
v 10.5850 8.3700 6.5150
v 11.5350 8.3700 6.5150
v 11.5350 8.3700 8.4950
v 10.5850 8.3700 8.4950
f 21539 21540 21541 21542
v 10.5850 8.1700 6.5150
v 11.5350 8.1700 6.5150
v 11.5350 8.3700 6.5150
v 10.5850 8.3700 6.5150
f 21543 21544 21545 21546
v 11.5350 8.1700 6.5150
v 11.5350 8.1700 8.4950
v 11.5350 8.3700 8.4950
v 11.5350 8.3700 6.5150
f 21547 21548 21549 21550
v 11.5350 8.1700 8.4950
v 10.5850 8.1700 8.4950
v 10.5850 8.3700 8.4950
v 11.5350 8.3700 8.4950
f 21551 21552 21553 21554
v 10.5850 8.1700 8.4950
v 10.5850 8.1700 6.5150
v 10.5850 8.3700 6.5150
v 10.5850 8.3700 8.4950
f 21555 21556 21557 21558
g level_3_interior_blanket
usemtl blanket
v 10.6150 8.3800 7.1600
v 10.6150 8.3800 8.4100
v 11.5050 8.3800 8.4100
v 11.5050 8.3800 7.1600
f 21559 21560 21561 21562
v 10.6150 8.4150 7.1600
v 11.5050 8.4150 7.1600
v 11.5050 8.4150 8.4100
v 10.6150 8.4150 8.4100
f 21563 21564 21565 21566
v 10.6150 8.3800 7.1600
v 11.5050 8.3800 7.1600
v 11.5050 8.4150 7.1600
v 10.6150 8.4150 7.1600
f 21567 21568 21569 21570
v 11.5050 8.3800 7.1600
v 11.5050 8.3800 8.4100
v 11.5050 8.4150 8.4100
v 11.5050 8.4150 7.1600
f 21571 21572 21573 21574
v 11.5050 8.3800 8.4100
v 10.6150 8.3800 8.4100
v 10.6150 8.4150 8.4100
v 11.5050 8.4150 8.4100
f 21575 21576 21577 21578
v 10.6150 8.3800 8.4100
v 10.6150 8.3800 7.1600
v 10.6150 8.4150 7.1600
v 10.6150 8.4150 8.4100
f 21579 21580 21581 21582
g level_3_interior_pillow
usemtl pillow
v 10.6700 8.3850 6.6000
v 10.6700 8.3850 7.0200
v 11.4600 8.3850 7.0200
v 11.4600 8.3850 6.6000
f 21583 21584 21585 21586
v 10.6700 8.4750 6.6000
v 11.4600 8.4750 6.6000
v 11.4600 8.4750 7.0200
v 10.6700 8.4750 7.0200
f 21587 21588 21589 21590
v 10.6700 8.3850 6.6000
v 11.4600 8.3850 6.6000
v 11.4600 8.4750 6.6000
v 10.6700 8.4750 6.6000
f 21591 21592 21593 21594
v 11.4600 8.3850 6.6000
v 11.4600 8.3850 7.0200
v 11.4600 8.4750 7.0200
v 11.4600 8.4750 6.6000
f 21595 21596 21597 21598
v 11.4600 8.3850 7.0200
v 10.6700 8.3850 7.0200
v 10.6700 8.4750 7.0200
v 11.4600 8.4750 7.0200
f 21599 21600 21601 21602
v 10.6700 8.3850 7.0200
v 10.6700 8.3850 6.6000
v 10.6700 8.4750 6.6000
v 10.6700 8.4750 7.0200
f 21603 21604 21605 21606
g level_3_interior_headboard
usemtl furniture
v 10.5500 8.1000 6.4300
v 10.5500 8.1000 6.5300
v 11.5700 8.1000 6.5300
v 11.5700 8.1000 6.4300
f 21607 21608 21609 21610
v 10.5500 8.7500 6.4300
v 11.5700 8.7500 6.4300
v 11.5700 8.7500 6.5300
v 10.5500 8.7500 6.5300
f 21611 21612 21613 21614
v 10.5500 8.1000 6.4300
v 11.5700 8.1000 6.4300
v 11.5700 8.7500 6.4300
v 10.5500 8.7500 6.4300
f 21615 21616 21617 21618
v 11.5700 8.1000 6.4300
v 11.5700 8.1000 6.5300
v 11.5700 8.7500 6.5300
v 11.5700 8.7500 6.4300
f 21619 21620 21621 21622
v 11.5700 8.1000 6.5300
v 10.5500 8.1000 6.5300
v 10.5500 8.7500 6.5300
v 11.5700 8.7500 6.5300
f 21623 21624 21625 21626
v 10.5500 8.1000 6.5300
v 10.5500 8.1000 6.4300
v 10.5500 8.7500 6.4300
v 10.5500 8.7500 6.5300
f 21627 21628 21629 21630
g level_3_interior_cabinet
v 11.2500 7.7600 11.3500
v 11.2500 7.7600 12.1500
v 11.9000 7.7600 12.1500
v 11.9000 7.7600 11.3500
f 21631 21632 21633 21634
v 11.2500 8.5600 11.3500
v 11.9000 8.5600 11.3500
v 11.9000 8.5600 12.1500
v 11.2500 8.5600 12.1500
f 21635 21636 21637 21638
v 11.2500 7.7600 11.3500
v 11.9000 7.7600 11.3500
v 11.9000 8.5600 11.3500
v 11.2500 8.5600 11.3500
f 21639 21640 21641 21642
v 11.9000 7.7600 11.3500
v 11.9000 7.7600 12.1500
v 11.9000 8.5600 12.1500
v 11.9000 8.5600 11.3500
f 21643 21644 21645 21646
v 11.9000 7.7600 12.1500
v 11.2500 7.7600 12.1500
v 11.2500 8.5600 12.1500
v 11.9000 8.5600 12.1500
f 21647 21648 21649 21650
v 11.2500 7.7600 12.1500
v 11.2500 7.7600 11.3500
v 11.2500 8.5600 11.3500
v 11.2500 8.5600 12.1500
f 21651 21652 21653 21654
g level_3_interior_room_zone
usemtl social
v -16.3500 7.7100 -12.2500
v -16.3500 7.7100 -4.2500
v -9.2500 7.7100 -4.2500
v -9.2500 7.7100 -12.2500
f 21655 21656 21657 21658
v -16.3500 7.7550 -12.2500
v -9.2500 7.7550 -12.2500
v -9.2500 7.7550 -4.2500
v -16.3500 7.7550 -4.2500
f 21659 21660 21661 21662
v -16.3500 7.7100 -12.2500
v -9.2500 7.7100 -12.2500
v -9.2500 7.7550 -12.2500
v -16.3500 7.7550 -12.2500
f 21663 21664 21665 21666
v -9.2500 7.7100 -12.2500
v -9.2500 7.7100 -4.2500
v -9.2500 7.7550 -4.2500
v -9.2500 7.7550 -12.2500
f 21667 21668 21669 21670
v -9.2500 7.7100 -4.2500
v -16.3500 7.7100 -4.2500
v -16.3500 7.7550 -4.2500
v -9.2500 7.7550 -4.2500
f 21671 21672 21673 21674
v -16.3500 7.7100 -4.2500
v -16.3500 7.7100 -12.2500
v -16.3500 7.7550 -12.2500
v -16.3500 7.7550 -4.2500
f 21675 21676 21677 21678
g level_3_interior_schematic_partition
usemtl wall
v -16.3500 7.7550 -12.2500
v -16.3500 7.7550 -4.2500
v -16.2500 7.7550 -4.2500
v -16.2500 7.7550 -12.2500
f 21679 21680 21681 21682
v -16.3500 8.3750 -12.2500
v -16.2500 8.3750 -12.2500
v -16.2500 8.3750 -4.2500
v -16.3500 8.3750 -4.2500
f 21683 21684 21685 21686
v -16.3500 7.7550 -12.2500
v -16.2500 7.7550 -12.2500
v -16.2500 8.3750 -12.2500
v -16.3500 8.3750 -12.2500
f 21687 21688 21689 21690
v -16.2500 7.7550 -12.2500
v -16.2500 7.7550 -4.2500
v -16.2500 8.3750 -4.2500
v -16.2500 8.3750 -12.2500
f 21691 21692 21693 21694
v -16.2500 7.7550 -4.2500
v -16.3500 7.7550 -4.2500
v -16.3500 8.3750 -4.2500
v -16.2500 8.3750 -4.2500
f 21695 21696 21697 21698
v -16.3500 7.7550 -4.2500
v -16.3500 7.7550 -12.2500
v -16.3500 8.3750 -12.2500
v -16.3500 8.3750 -4.2500
f 21699 21700 21701 21702
v -16.3500 7.7550 -12.2500
v -16.3500 7.7550 -12.1500
v -9.2500 7.7550 -12.1500
v -9.2500 7.7550 -12.2500
f 21703 21704 21705 21706
v -16.3500 8.3750 -12.2500
v -9.2500 8.3750 -12.2500
v -9.2500 8.3750 -12.1500
v -16.3500 8.3750 -12.1500
f 21707 21708 21709 21710
v -16.3500 7.7550 -12.2500
v -9.2500 7.7550 -12.2500
v -9.2500 8.3750 -12.2500
v -16.3500 8.3750 -12.2500
f 21711 21712 21713 21714
v -9.2500 7.7550 -12.2500
v -9.2500 7.7550 -12.1500
v -9.2500 8.3750 -12.1500
v -9.2500 8.3750 -12.2500
f 21715 21716 21717 21718
v -9.2500 7.7550 -12.1500
v -16.3500 7.7550 -12.1500
v -16.3500 8.3750 -12.1500
v -9.2500 8.3750 -12.1500
f 21719 21720 21721 21722
v -16.3500 7.7550 -12.1500
v -16.3500 7.7550 -12.2500
v -16.3500 8.3750 -12.2500
v -16.3500 8.3750 -12.1500
f 21723 21724 21725 21726
g level_3_interior_cabinet
usemtl furniture
v -10.0000 7.7600 -5.2000
v -10.0000 7.7600 -4.4000
v -9.3500 7.7600 -4.4000
v -9.3500 7.7600 -5.2000
f 21727 21728 21729 21730
v -10.0000 8.5600 -5.2000
v -9.3500 8.5600 -5.2000
v -9.3500 8.5600 -4.4000
v -10.0000 8.5600 -4.4000
f 21731 21732 21733 21734
v -10.0000 7.7600 -5.2000
v -9.3500 7.7600 -5.2000
v -9.3500 8.5600 -5.2000
v -10.0000 8.5600 -5.2000
f 21735 21736 21737 21738
v -9.3500 7.7600 -5.2000
v -9.3500 7.7600 -4.4000
v -9.3500 8.5600 -4.4000
v -9.3500 8.5600 -5.2000
f 21739 21740 21741 21742
v -9.3500 7.7600 -4.4000
v -10.0000 7.7600 -4.4000
v -10.0000 8.5600 -4.4000
v -9.3500 8.5600 -4.4000
f 21743 21744 21745 21746
v -10.0000 7.7600 -4.4000
v -10.0000 7.7600 -5.2000
v -10.0000 8.5600 -5.2000
v -10.0000 8.5600 -4.4000
f 21747 21748 21749 21750
g level_3_interior_room_zone
usemtl care
v 9.1000 7.7100 -12.2500
v 9.1000 7.7100 -4.2500
v 16.2000 7.7100 -4.2500
v 16.2000 7.7100 -12.2500
f 21751 21752 21753 21754
v 9.1000 7.7550 -12.2500
v 16.2000 7.7550 -12.2500
v 16.2000 7.7550 -4.2500
v 9.1000 7.7550 -4.2500
f 21755 21756 21757 21758
v 9.1000 7.7100 -12.2500
v 16.2000 7.7100 -12.2500
v 16.2000 7.7550 -12.2500
v 9.1000 7.7550 -12.2500
f 21759 21760 21761 21762
v 16.2000 7.7100 -12.2500
v 16.2000 7.7100 -4.2500
v 16.2000 7.7550 -4.2500
v 16.2000 7.7550 -12.2500
f 21763 21764 21765 21766
v 16.2000 7.7100 -4.2500
v 9.1000 7.7100 -4.2500
v 9.1000 7.7550 -4.2500
v 16.2000 7.7550 -4.2500
f 21767 21768 21769 21770
v 9.1000 7.7100 -4.2500
v 9.1000 7.7100 -12.2500
v 9.1000 7.7550 -12.2500
v 9.1000 7.7550 -4.2500
f 21771 21772 21773 21774
g level_3_interior_schematic_partition
usemtl wall
v 9.1000 7.7550 -12.2500
v 9.1000 7.7550 -4.2500
v 9.2000 7.7550 -4.2500
v 9.2000 7.7550 -12.2500
f 21775 21776 21777 21778
v 9.1000 8.3750 -12.2500
v 9.2000 8.3750 -12.2500
v 9.2000 8.3750 -4.2500
v 9.1000 8.3750 -4.2500
f 21779 21780 21781 21782
v 9.1000 7.7550 -12.2500
v 9.2000 7.7550 -12.2500
v 9.2000 8.3750 -12.2500
v 9.1000 8.3750 -12.2500
f 21783 21784 21785 21786
v 9.2000 7.7550 -12.2500
v 9.2000 7.7550 -4.2500
v 9.2000 8.3750 -4.2500
v 9.2000 8.3750 -12.2500
f 21787 21788 21789 21790
v 9.2000 7.7550 -4.2500
v 9.1000 7.7550 -4.2500
v 9.1000 8.3750 -4.2500
v 9.2000 8.3750 -4.2500
f 21791 21792 21793 21794
v 9.1000 7.7550 -4.2500
v 9.1000 7.7550 -12.2500
v 9.1000 8.3750 -12.2500
v 9.1000 8.3750 -4.2500
f 21795 21796 21797 21798
v 9.1000 7.7550 -12.2500
v 9.1000 7.7550 -12.1500
v 16.2000 7.7550 -12.1500
v 16.2000 7.7550 -12.2500
f 21799 21800 21801 21802
v 9.1000 8.3750 -12.2500
v 16.2000 8.3750 -12.2500
v 16.2000 8.3750 -12.1500
v 9.1000 8.3750 -12.1500
f 21803 21804 21805 21806
v 9.1000 7.7550 -12.2500
v 16.2000 7.7550 -12.2500
v 16.2000 8.3750 -12.2500
v 9.1000 8.3750 -12.2500
f 21807 21808 21809 21810
v 16.2000 7.7550 -12.2500
v 16.2000 7.7550 -12.1500
v 16.2000 8.3750 -12.1500
v 16.2000 8.3750 -12.2500
f 21811 21812 21813 21814
v 16.2000 7.7550 -12.1500
v 9.1000 7.7550 -12.1500
v 9.1000 8.3750 -12.1500
v 16.2000 8.3750 -12.1500
f 21815 21816 21817 21818
v 9.1000 7.7550 -12.1500
v 9.1000 7.7550 -12.2500
v 9.1000 8.3750 -12.2500
v 9.1000 8.3750 -12.1500
f 21819 21820 21821 21822
g level_3_interior_cabinet
usemtl furniture
v 15.4500 7.7600 -5.2000
v 15.4500 7.7600 -4.4000
v 16.1000 7.7600 -4.4000
v 16.1000 7.7600 -5.2000
f 21823 21824 21825 21826
v 15.4500 8.5600 -5.2000
v 16.1000 8.5600 -5.2000
v 16.1000 8.5600 -4.4000
v 15.4500 8.5600 -4.4000
f 21827 21828 21829 21830
v 15.4500 7.7600 -5.2000
v 16.1000 7.7600 -5.2000
v 16.1000 8.5600 -5.2000
v 15.4500 8.5600 -5.2000
f 21831 21832 21833 21834
v 16.1000 7.7600 -5.2000
v 16.1000 7.7600 -4.4000
v 16.1000 8.5600 -4.4000
v 16.1000 8.5600 -5.2000
f 21835 21836 21837 21838
v 16.1000 7.7600 -4.4000
v 15.4500 7.7600 -4.4000
v 15.4500 8.5600 -4.4000
v 16.1000 8.5600 -4.4000
f 21839 21840 21841 21842
v 15.4500 7.7600 -4.4000
v 15.4500 7.7600 -5.2000
v 15.4500 8.5600 -5.2000
v 15.4500 8.5600 -4.4000
f 21843 21844 21845 21846
g level_1_interior_room_zone
usemtl isolation
v -16.4000 0.5100 6.2000
v -16.4000 0.5100 11.9000
v -12.3000 0.5100 11.9000
v -12.3000 0.5100 6.2000
f 21847 21848 21849 21850
v -16.4000 0.5550 6.2000
v -12.3000 0.5550 6.2000
v -12.3000 0.5550 11.9000
v -16.4000 0.5550 11.9000
f 21851 21852 21853 21854
v -16.4000 0.5100 6.2000
v -12.3000 0.5100 6.2000
v -12.3000 0.5550 6.2000
v -16.4000 0.5550 6.2000
f 21855 21856 21857 21858
v -12.3000 0.5100 6.2000
v -12.3000 0.5100 11.9000
v -12.3000 0.5550 11.9000
v -12.3000 0.5550 6.2000
f 21859 21860 21861 21862
v -12.3000 0.5100 11.9000
v -16.4000 0.5100 11.9000
v -16.4000 0.5550 11.9000
v -12.3000 0.5550 11.9000
f 21863 21864 21865 21866
v -16.4000 0.5100 11.9000
v -16.4000 0.5100 6.2000
v -16.4000 0.5550 6.2000
v -16.4000 0.5550 11.9000
f 21867 21868 21869 21870
g level_1_interior_schematic_partition
usemtl wall
v -16.4000 0.5550 6.2000
v -16.4000 0.5550 11.9000
v -16.3000 0.5550 11.9000
v -16.3000 0.5550 6.2000
f 21871 21872 21873 21874
v -16.4000 1.1750 6.2000
v -16.3000 1.1750 6.2000
v -16.3000 1.1750 11.9000
v -16.4000 1.1750 11.9000
f 21875 21876 21877 21878
v -16.4000 0.5550 6.2000
v -16.3000 0.5550 6.2000
v -16.3000 1.1750 6.2000
v -16.4000 1.1750 6.2000
f 21879 21880 21881 21882
v -16.3000 0.5550 6.2000
v -16.3000 0.5550 11.9000
v -16.3000 1.1750 11.9000
v -16.3000 1.1750 6.2000
f 21883 21884 21885 21886
v -16.3000 0.5550 11.9000
v -16.4000 0.5550 11.9000
v -16.4000 1.1750 11.9000
v -16.3000 1.1750 11.9000
f 21887 21888 21889 21890
v -16.4000 0.5550 11.9000
v -16.4000 0.5550 6.2000
v -16.4000 1.1750 6.2000
v -16.4000 1.1750 11.9000
f 21891 21892 21893 21894
v -16.4000 0.5550 6.2000
v -16.4000 0.5550 6.3000
v -12.3000 0.5550 6.3000
v -12.3000 0.5550 6.2000
f 21895 21896 21897 21898
v -16.4000 1.1750 6.2000
v -12.3000 1.1750 6.2000
v -12.3000 1.1750 6.3000
v -16.4000 1.1750 6.3000
f 21899 21900 21901 21902
v -16.4000 0.5550 6.2000
v -12.3000 0.5550 6.2000
v -12.3000 1.1750 6.2000
v -16.4000 1.1750 6.2000
f 21903 21904 21905 21906
v -12.3000 0.5550 6.2000
v -12.3000 0.5550 6.3000
v -12.3000 1.1750 6.3000
v -12.3000 1.1750 6.2000
f 21907 21908 21909 21910
v -12.3000 0.5550 6.3000
v -16.4000 0.5550 6.3000
v -16.4000 1.1750 6.3000
v -12.3000 1.1750 6.3000
f 21911 21912 21913 21914
v -16.4000 0.5550 6.3000
v -16.4000 0.5550 6.2000
v -16.4000 1.1750 6.2000
v -16.4000 1.1750 6.3000
f 21915 21916 21917 21918
g level_1_interior_bed_frame
usemtl furniture
v -14.8500 0.5500 6.7500
v -14.8500 0.5500 8.8000
v -13.8300 0.5500 8.8000
v -13.8300 0.5500 6.7500
f 21919 21920 21921 21922
v -14.8500 0.9700 6.7500
v -13.8300 0.9700 6.7500
v -13.8300 0.9700 8.8000
v -14.8500 0.9700 8.8000
f 21923 21924 21925 21926
v -14.8500 0.5500 6.7500
v -13.8300 0.5500 6.7500
v -13.8300 0.9700 6.7500
v -14.8500 0.9700 6.7500
f 21927 21928 21929 21930
v -13.8300 0.5500 6.7500
v -13.8300 0.5500 8.8000
v -13.8300 0.9700 8.8000
v -13.8300 0.9700 6.7500
f 21931 21932 21933 21934
v -13.8300 0.5500 8.8000
v -14.8500 0.5500 8.8000
v -14.8500 0.9700 8.8000
v -13.8300 0.9700 8.8000
f 21935 21936 21937 21938
v -14.8500 0.5500 8.8000
v -14.8500 0.5500 6.7500
v -14.8500 0.9700 6.7500
v -14.8500 0.9700 8.8000
f 21939 21940 21941 21942
g level_1_interior_bed_mattress
usemtl bed
v -14.8150 0.9700 6.7850
v -14.8150 0.9700 8.7650
v -13.8650 0.9700 8.7650
v -13.8650 0.9700 6.7850
f 21943 21944 21945 21946
v -14.8150 1.1700 6.7850
v -13.8650 1.1700 6.7850
v -13.8650 1.1700 8.7650
v -14.8150 1.1700 8.7650
f 21947 21948 21949 21950
v -14.8150 0.9700 6.7850
v -13.8650 0.9700 6.7850
v -13.8650 1.1700 6.7850
v -14.8150 1.1700 6.7850
f 21951 21952 21953 21954
v -13.8650 0.9700 6.7850
v -13.8650 0.9700 8.7650
v -13.8650 1.1700 8.7650
v -13.8650 1.1700 6.7850
f 21955 21956 21957 21958
v -13.8650 0.9700 8.7650
v -14.8150 0.9700 8.7650
v -14.8150 1.1700 8.7650
v -13.8650 1.1700 8.7650
f 21959 21960 21961 21962
v -14.8150 0.9700 8.7650
v -14.8150 0.9700 6.7850
v -14.8150 1.1700 6.7850
v -14.8150 1.1700 8.7650
f 21963 21964 21965 21966
g level_1_interior_blanket
usemtl blanket
v -14.7850 1.1800 7.4300
v -14.7850 1.1800 8.6800
v -13.8950 1.1800 8.6800
v -13.8950 1.1800 7.4300
f 21967 21968 21969 21970
v -14.7850 1.2150 7.4300
v -13.8950 1.2150 7.4300
v -13.8950 1.2150 8.6800
v -14.7850 1.2150 8.6800
f 21971 21972 21973 21974
v -14.7850 1.1800 7.4300
v -13.8950 1.1800 7.4300
v -13.8950 1.2150 7.4300
v -14.7850 1.2150 7.4300
f 21975 21976 21977 21978
v -13.8950 1.1800 7.4300
v -13.8950 1.1800 8.6800
v -13.8950 1.2150 8.6800
v -13.8950 1.2150 7.4300
f 21979 21980 21981 21982
v -13.8950 1.1800 8.6800
v -14.7850 1.1800 8.6800
v -14.7850 1.2150 8.6800
v -13.8950 1.2150 8.6800
f 21983 21984 21985 21986
v -14.7850 1.1800 8.6800
v -14.7850 1.1800 7.4300
v -14.7850 1.2150 7.4300
v -14.7850 1.2150 8.6800
f 21987 21988 21989 21990
g level_1_interior_pillow
usemtl pillow
v -14.7300 1.1850 6.8700
v -14.7300 1.1850 7.2900
v -13.9400 1.1850 7.2900
v -13.9400 1.1850 6.8700
f 21991 21992 21993 21994
v -14.7300 1.2750 6.8700
v -13.9400 1.2750 6.8700
v -13.9400 1.2750 7.2900
v -14.7300 1.2750 7.2900
f 21995 21996 21997 21998
v -14.7300 1.1850 6.8700
v -13.9400 1.1850 6.8700
v -13.9400 1.2750 6.8700
v -14.7300 1.2750 6.8700
f 21999 22000 22001 22002
v -13.9400 1.1850 6.8700
v -13.9400 1.1850 7.2900
v -13.9400 1.2750 7.2900
v -13.9400 1.2750 6.8700
f 22003 22004 22005 22006
v -13.9400 1.1850 7.2900
v -14.7300 1.1850 7.2900
v -14.7300 1.2750 7.2900
v -13.9400 1.2750 7.2900
f 22007 22008 22009 22010
v -14.7300 1.1850 7.2900
v -14.7300 1.1850 6.8700
v -14.7300 1.2750 6.8700
v -14.7300 1.2750 7.2900
f 22011 22012 22013 22014
g level_1_interior_headboard
usemtl furniture
v -14.8500 0.9000 6.7000
v -14.8500 0.9000 6.8000
v -13.8300 0.9000 6.8000
v -13.8300 0.9000 6.7000
f 22015 22016 22017 22018
v -14.8500 1.5500 6.7000
v -13.8300 1.5500 6.7000
v -13.8300 1.5500 6.8000
v -14.8500 1.5500 6.8000
f 22019 22020 22021 22022
v -14.8500 0.9000 6.7000
v -13.8300 0.9000 6.7000
v -13.8300 1.5500 6.7000
v -14.8500 1.5500 6.7000
f 22023 22024 22025 22026
v -13.8300 0.9000 6.7000
v -13.8300 0.9000 6.8000
v -13.8300 1.5500 6.8000
v -13.8300 1.5500 6.7000
f 22027 22028 22029 22030
v -13.8300 0.9000 6.8000
v -14.8500 0.9000 6.8000
v -14.8500 1.5500 6.8000
v -13.8300 1.5500 6.8000
f 22031 22032 22033 22034
v -14.8500 0.9000 6.8000
v -14.8500 0.9000 6.7000
v -14.8500 1.5500 6.7000
v -14.8500 1.5500 6.8000
f 22035 22036 22037 22038
g level_1_interior_cabinet
v -13.0500 0.5600 10.9500
v -13.0500 0.5600 11.7500
v -12.4000 0.5600 11.7500
v -12.4000 0.5600 10.9500
f 22039 22040 22041 22042
v -13.0500 1.3600 10.9500
v -12.4000 1.3600 10.9500
v -12.4000 1.3600 11.7500
v -13.0500 1.3600 11.7500
f 22043 22044 22045 22046
v -13.0500 0.5600 10.9500
v -12.4000 0.5600 10.9500
v -12.4000 1.3600 10.9500
v -13.0500 1.3600 10.9500
f 22047 22048 22049 22050
v -12.4000 0.5600 10.9500
v -12.4000 0.5600 11.7500
v -12.4000 1.3600 11.7500
v -12.4000 1.3600 10.9500
f 22051 22052 22053 22054
v -12.4000 0.5600 11.7500
v -13.0500 0.5600 11.7500
v -13.0500 1.3600 11.7500
v -12.4000 1.3600 11.7500
f 22055 22056 22057 22058
v -13.0500 0.5600 11.7500
v -13.0500 0.5600 10.9500
v -13.0500 1.3600 10.9500
v -13.0500 1.3600 11.7500
f 22059 22060 22061 22062
g level_1_interior_room_zone
usemtl isolation
v 12.3000 0.5100 6.2000
v 12.3000 0.5100 11.9000
v 16.4000 0.5100 11.9000
v 16.4000 0.5100 6.2000
f 22063 22064 22065 22066
v 12.3000 0.5550 6.2000
v 16.4000 0.5550 6.2000
v 16.4000 0.5550 11.9000
v 12.3000 0.5550 11.9000
f 22067 22068 22069 22070
v 12.3000 0.5100 6.2000
v 16.4000 0.5100 6.2000
v 16.4000 0.5550 6.2000
v 12.3000 0.5550 6.2000
f 22071 22072 22073 22074
v 16.4000 0.5100 6.2000
v 16.4000 0.5100 11.9000
v 16.4000 0.5550 11.9000
v 16.4000 0.5550 6.2000
f 22075 22076 22077 22078
v 16.4000 0.5100 11.9000
v 12.3000 0.5100 11.9000
v 12.3000 0.5550 11.9000
v 16.4000 0.5550 11.9000
f 22079 22080 22081 22082
v 12.3000 0.5100 11.9000
v 12.3000 0.5100 6.2000
v 12.3000 0.5550 6.2000
v 12.3000 0.5550 11.9000
f 22083 22084 22085 22086
g level_1_interior_schematic_partition
usemtl wall
v 12.3000 0.5550 6.2000
v 12.3000 0.5550 11.9000
v 12.4000 0.5550 11.9000
v 12.4000 0.5550 6.2000
f 22087 22088 22089 22090
v 12.3000 1.1750 6.2000
v 12.4000 1.1750 6.2000
v 12.4000 1.1750 11.9000
v 12.3000 1.1750 11.9000
f 22091 22092 22093 22094
v 12.3000 0.5550 6.2000
v 12.4000 0.5550 6.2000
v 12.4000 1.1750 6.2000
v 12.3000 1.1750 6.2000
f 22095 22096 22097 22098
v 12.4000 0.5550 6.2000
v 12.4000 0.5550 11.9000
v 12.4000 1.1750 11.9000
v 12.4000 1.1750 6.2000
f 22099 22100 22101 22102
v 12.4000 0.5550 11.9000
v 12.3000 0.5550 11.9000
v 12.3000 1.1750 11.9000
v 12.4000 1.1750 11.9000
f 22103 22104 22105 22106
v 12.3000 0.5550 11.9000
v 12.3000 0.5550 6.2000
v 12.3000 1.1750 6.2000
v 12.3000 1.1750 11.9000
f 22107 22108 22109 22110
v 12.3000 0.5550 6.2000
v 12.3000 0.5550 6.3000
v 16.4000 0.5550 6.3000
v 16.4000 0.5550 6.2000
f 22111 22112 22113 22114
v 12.3000 1.1750 6.2000
v 16.4000 1.1750 6.2000
v 16.4000 1.1750 6.3000
v 12.3000 1.1750 6.3000
f 22115 22116 22117 22118
v 12.3000 0.5550 6.2000
v 16.4000 0.5550 6.2000
v 16.4000 1.1750 6.2000
v 12.3000 1.1750 6.2000
f 22119 22120 22121 22122
v 16.4000 0.5550 6.2000
v 16.4000 0.5550 6.3000
v 16.4000 1.1750 6.3000
v 16.4000 1.1750 6.2000
f 22123 22124 22125 22126
v 16.4000 0.5550 6.3000
v 12.3000 0.5550 6.3000
v 12.3000 1.1750 6.3000
v 16.4000 1.1750 6.3000
f 22127 22128 22129 22130
v 12.3000 0.5550 6.3000
v 12.3000 0.5550 6.2000
v 12.3000 1.1750 6.2000
v 12.3000 1.1750 6.3000
f 22131 22132 22133 22134
g level_1_interior_bed_frame
usemtl furniture
v 13.8500 0.5500 6.7500
v 13.8500 0.5500 8.8000
v 14.8700 0.5500 8.8000
v 14.8700 0.5500 6.7500
f 22135 22136 22137 22138
v 13.8500 0.9700 6.7500
v 14.8700 0.9700 6.7500
v 14.8700 0.9700 8.8000
v 13.8500 0.9700 8.8000
f 22139 22140 22141 22142
v 13.8500 0.5500 6.7500
v 14.8700 0.5500 6.7500
v 14.8700 0.9700 6.7500
v 13.8500 0.9700 6.7500
f 22143 22144 22145 22146
v 14.8700 0.5500 6.7500
v 14.8700 0.5500 8.8000
v 14.8700 0.9700 8.8000
v 14.8700 0.9700 6.7500
f 22147 22148 22149 22150
v 14.8700 0.5500 8.8000
v 13.8500 0.5500 8.8000
v 13.8500 0.9700 8.8000
v 14.8700 0.9700 8.8000
f 22151 22152 22153 22154
v 13.8500 0.5500 8.8000
v 13.8500 0.5500 6.7500
v 13.8500 0.9700 6.7500
v 13.8500 0.9700 8.8000
f 22155 22156 22157 22158
g level_1_interior_bed_mattress
usemtl bed
v 13.8850 0.9700 6.7850
v 13.8850 0.9700 8.7650
v 14.8350 0.9700 8.7650
v 14.8350 0.9700 6.7850
f 22159 22160 22161 22162
v 13.8850 1.1700 6.7850
v 14.8350 1.1700 6.7850
v 14.8350 1.1700 8.7650
v 13.8850 1.1700 8.7650
f 22163 22164 22165 22166
v 13.8850 0.9700 6.7850
v 14.8350 0.9700 6.7850
v 14.8350 1.1700 6.7850
v 13.8850 1.1700 6.7850
f 22167 22168 22169 22170
v 14.8350 0.9700 6.7850
v 14.8350 0.9700 8.7650
v 14.8350 1.1700 8.7650
v 14.8350 1.1700 6.7850
f 22171 22172 22173 22174
v 14.8350 0.9700 8.7650
v 13.8850 0.9700 8.7650
v 13.8850 1.1700 8.7650
v 14.8350 1.1700 8.7650
f 22175 22176 22177 22178
v 13.8850 0.9700 8.7650
v 13.8850 0.9700 6.7850
v 13.8850 1.1700 6.7850
v 13.8850 1.1700 8.7650
f 22179 22180 22181 22182
g level_1_interior_blanket
usemtl blanket
v 13.9150 1.1800 7.4300
v 13.9150 1.1800 8.6800
v 14.8050 1.1800 8.6800
v 14.8050 1.1800 7.4300
f 22183 22184 22185 22186
v 13.9150 1.2150 7.4300
v 14.8050 1.2150 7.4300
v 14.8050 1.2150 8.6800
v 13.9150 1.2150 8.6800
f 22187 22188 22189 22190
v 13.9150 1.1800 7.4300
v 14.8050 1.1800 7.4300
v 14.8050 1.2150 7.4300
v 13.9150 1.2150 7.4300
f 22191 22192 22193 22194
v 14.8050 1.1800 7.4300
v 14.8050 1.1800 8.6800
v 14.8050 1.2150 8.6800
v 14.8050 1.2150 7.4300
f 22195 22196 22197 22198
v 14.8050 1.1800 8.6800
v 13.9150 1.1800 8.6800
v 13.9150 1.2150 8.6800
v 14.8050 1.2150 8.6800
f 22199 22200 22201 22202
v 13.9150 1.1800 8.6800
v 13.9150 1.1800 7.4300
v 13.9150 1.2150 7.4300
v 13.9150 1.2150 8.6800
f 22203 22204 22205 22206
g level_1_interior_pillow
usemtl pillow
v 13.9700 1.1850 6.8700
v 13.9700 1.1850 7.2900
v 14.7600 1.1850 7.2900
v 14.7600 1.1850 6.8700
f 22207 22208 22209 22210
v 13.9700 1.2750 6.8700
v 14.7600 1.2750 6.8700
v 14.7600 1.2750 7.2900
v 13.9700 1.2750 7.2900
f 22211 22212 22213 22214
v 13.9700 1.1850 6.8700
v 14.7600 1.1850 6.8700
v 14.7600 1.2750 6.8700
v 13.9700 1.2750 6.8700
f 22215 22216 22217 22218
v 14.7600 1.1850 6.8700
v 14.7600 1.1850 7.2900
v 14.7600 1.2750 7.2900
v 14.7600 1.2750 6.8700
f 22219 22220 22221 22222
v 14.7600 1.1850 7.2900
v 13.9700 1.1850 7.2900
v 13.9700 1.2750 7.2900
v 14.7600 1.2750 7.2900
f 22223 22224 22225 22226
v 13.9700 1.1850 7.2900
v 13.9700 1.1850 6.8700
v 13.9700 1.2750 6.8700
v 13.9700 1.2750 7.2900
f 22227 22228 22229 22230
g level_1_interior_headboard
usemtl furniture
v 13.8500 0.9000 6.7000
v 13.8500 0.9000 6.8000
v 14.8700 0.9000 6.8000
v 14.8700 0.9000 6.7000
f 22231 22232 22233 22234
v 13.8500 1.5500 6.7000
v 14.8700 1.5500 6.7000
v 14.8700 1.5500 6.8000
v 13.8500 1.5500 6.8000
f 22235 22236 22237 22238
v 13.8500 0.9000 6.7000
v 14.8700 0.9000 6.7000
v 14.8700 1.5500 6.7000
v 13.8500 1.5500 6.7000
f 22239 22240 22241 22242
v 14.8700 0.9000 6.7000
v 14.8700 0.9000 6.8000
v 14.8700 1.5500 6.8000
v 14.8700 1.5500 6.7000
f 22243 22244 22245 22246
v 14.8700 0.9000 6.8000
v 13.8500 0.9000 6.8000
v 13.8500 1.5500 6.8000
v 14.8700 1.5500 6.8000
f 22247 22248 22249 22250
v 13.8500 0.9000 6.8000
v 13.8500 0.9000 6.7000
v 13.8500 1.5500 6.7000
v 13.8500 1.5500 6.8000
f 22251 22252 22253 22254
g level_1_interior_cabinet
v 15.6500 0.5600 10.9500
v 15.6500 0.5600 11.7500
v 16.3000 0.5600 11.7500
v 16.3000 0.5600 10.9500
f 22255 22256 22257 22258
v 15.6500 1.3600 10.9500
v 16.3000 1.3600 10.9500
v 16.3000 1.3600 11.7500
v 15.6500 1.3600 11.7500
f 22259 22260 22261 22262
v 15.6500 0.5600 10.9500
v 16.3000 0.5600 10.9500
v 16.3000 1.3600 10.9500
v 15.6500 1.3600 10.9500
f 22263 22264 22265 22266
v 16.3000 0.5600 10.9500
v 16.3000 0.5600 11.7500
v 16.3000 1.3600 11.7500
v 16.3000 1.3600 10.9500
f 22267 22268 22269 22270
v 16.3000 0.5600 11.7500
v 15.6500 0.5600 11.7500
v 15.6500 1.3600 11.7500
v 16.3000 1.3600 11.7500
f 22271 22272 22273 22274
v 15.6500 0.5600 11.7500
v 15.6500 0.5600 10.9500
v 15.6500 1.3600 10.9500
v 15.6500 1.3600 11.7500
f 22275 22276 22277 22278
g level_0_landscape_bench
usemtl wood
v -5.8000 0.3500 -9.0000
v -5.8000 0.3500 -8.4500
v -3.8000 0.3500 -8.4500
v -3.8000 0.3500 -9.0000
f 22279 22280 22281 22282
v -5.8000 0.4900 -9.0000
v -3.8000 0.4900 -9.0000
v -3.8000 0.4900 -8.4500
v -5.8000 0.4900 -8.4500
f 22283 22284 22285 22286
v -5.8000 0.3500 -9.0000
v -3.8000 0.3500 -9.0000
v -3.8000 0.4900 -9.0000
v -5.8000 0.4900 -9.0000
f 22287 22288 22289 22290
v -3.8000 0.3500 -9.0000
v -3.8000 0.3500 -8.4500
v -3.8000 0.4900 -8.4500
v -3.8000 0.4900 -9.0000
f 22291 22292 22293 22294
v -3.8000 0.3500 -8.4500
v -5.8000 0.3500 -8.4500
v -5.8000 0.4900 -8.4500
v -3.8000 0.4900 -8.4500
f 22295 22296 22297 22298
v -5.8000 0.3500 -8.4500
v -5.8000 0.3500 -9.0000
v -5.8000 0.4900 -9.0000
v -5.8000 0.4900 -8.4500
f 22299 22300 22301 22302
v -5.8000 0.5000 -8.5200
v -5.8000 0.5000 -8.4200
v -3.8000 0.5000 -8.4200
v -3.8000 0.5000 -8.5200
f 22303 22304 22305 22306
v -5.8000 1.2500 -8.5200
v -3.8000 1.2500 -8.5200
v -3.8000 1.2500 -8.4200
v -5.8000 1.2500 -8.4200
f 22307 22308 22309 22310
v -5.8000 0.5000 -8.5200
v -3.8000 0.5000 -8.5200
v -3.8000 1.2500 -8.5200
v -5.8000 1.2500 -8.5200
f 22311 22312 22313 22314
v -3.8000 0.5000 -8.5200
v -3.8000 0.5000 -8.4200
v -3.8000 1.2500 -8.4200
v -3.8000 1.2500 -8.5200
f 22315 22316 22317 22318
v -3.8000 0.5000 -8.4200
v -5.8000 0.5000 -8.4200
v -5.8000 1.2500 -8.4200
v -3.8000 1.2500 -8.4200
f 22319 22320 22321 22322
v -5.8000 0.5000 -8.4200
v -5.8000 0.5000 -8.5200
v -5.8000 1.2500 -8.5200
v -5.8000 1.2500 -8.4200
f 22323 22324 22325 22326
g level_0_landscape_bench_leg
usemtl metal
v -5.6000 0.0800 -8.9200
v -5.6000 0.0800 -8.5200
v -5.4800 0.0800 -8.5200
v -5.4800 0.0800 -8.9200
f 22327 22328 22329 22330
v -5.6000 0.3800 -8.9200
v -5.4800 0.3800 -8.9200
v -5.4800 0.3800 -8.5200
v -5.6000 0.3800 -8.5200
f 22331 22332 22333 22334
v -5.6000 0.0800 -8.9200
v -5.4800 0.0800 -8.9200
v -5.4800 0.3800 -8.9200
v -5.6000 0.3800 -8.9200
f 22335 22336 22337 22338
v -5.4800 0.0800 -8.9200
v -5.4800 0.0800 -8.5200
v -5.4800 0.3800 -8.5200
v -5.4800 0.3800 -8.9200
f 22339 22340 22341 22342
v -5.4800 0.0800 -8.5200
v -5.6000 0.0800 -8.5200
v -5.6000 0.3800 -8.5200
v -5.4800 0.3800 -8.5200
f 22343 22344 22345 22346
v -5.6000 0.0800 -8.5200
v -5.6000 0.0800 -8.9200
v -5.6000 0.3800 -8.9200
v -5.6000 0.3800 -8.5200
f 22347 22348 22349 22350
v -4.1000 0.0800 -8.9200
v -4.1000 0.0800 -8.5200
v -3.9800 0.0800 -8.5200
v -3.9800 0.0800 -8.9200
f 22351 22352 22353 22354
v -4.1000 0.3800 -8.9200
v -3.9800 0.3800 -8.9200
v -3.9800 0.3800 -8.5200
v -4.1000 0.3800 -8.5200
f 22355 22356 22357 22358
v -4.1000 0.0800 -8.9200
v -3.9800 0.0800 -8.9200
v -3.9800 0.3800 -8.9200
v -4.1000 0.3800 -8.9200
f 22359 22360 22361 22362
v -3.9800 0.0800 -8.9200
v -3.9800 0.0800 -8.5200
v -3.9800 0.3800 -8.5200
v -3.9800 0.3800 -8.9200
f 22363 22364 22365 22366
v -3.9800 0.0800 -8.5200
v -4.1000 0.0800 -8.5200
v -4.1000 0.3800 -8.5200
v -3.9800 0.3800 -8.5200
f 22367 22368 22369 22370
v -4.1000 0.0800 -8.5200
v -4.1000 0.0800 -8.9200
v -4.1000 0.3800 -8.9200
v -4.1000 0.3800 -8.5200
f 22371 22372 22373 22374
g level_0_landscape_bench
usemtl wood
v 4.5000 0.3500 -9.0000
v 4.5000 0.3500 -7.0000
v 5.0500 0.3500 -7.0000
v 5.0500 0.3500 -9.0000
f 22375 22376 22377 22378
v 4.5000 0.4900 -9.0000
v 5.0500 0.4900 -9.0000
v 5.0500 0.4900 -7.0000
v 4.5000 0.4900 -7.0000
f 22379 22380 22381 22382
v 4.5000 0.3500 -9.0000
v 5.0500 0.3500 -9.0000
v 5.0500 0.4900 -9.0000
v 4.5000 0.4900 -9.0000
f 22383 22384 22385 22386
v 5.0500 0.3500 -9.0000
v 5.0500 0.3500 -7.0000
v 5.0500 0.4900 -7.0000
v 5.0500 0.4900 -9.0000
f 22387 22388 22389 22390
v 5.0500 0.3500 -7.0000
v 4.5000 0.3500 -7.0000
v 4.5000 0.4900 -7.0000
v 5.0500 0.4900 -7.0000
f 22391 22392 22393 22394
v 4.5000 0.3500 -7.0000
v 4.5000 0.3500 -9.0000
v 4.5000 0.4900 -9.0000
v 4.5000 0.4900 -7.0000
f 22395 22396 22397 22398
v 4.9800 0.5000 -9.0000
v 4.9800 0.5000 -7.0000
v 5.0800 0.5000 -7.0000
v 5.0800 0.5000 -9.0000
f 22399 22400 22401 22402
v 4.9800 1.2500 -9.0000
v 5.0800 1.2500 -9.0000
v 5.0800 1.2500 -7.0000
v 4.9800 1.2500 -7.0000
f 22403 22404 22405 22406
v 4.9800 0.5000 -9.0000
v 5.0800 0.5000 -9.0000
v 5.0800 1.2500 -9.0000
v 4.9800 1.2500 -9.0000
f 22407 22408 22409 22410
v 5.0800 0.5000 -9.0000
v 5.0800 0.5000 -7.0000
v 5.0800 1.2500 -7.0000
v 5.0800 1.2500 -9.0000
f 22411 22412 22413 22414
v 5.0800 0.5000 -7.0000
v 4.9800 0.5000 -7.0000
v 4.9800 1.2500 -7.0000
v 5.0800 1.2500 -7.0000
f 22415 22416 22417 22418
v 4.9800 0.5000 -7.0000
v 4.9800 0.5000 -9.0000
v 4.9800 1.2500 -9.0000
v 4.9800 1.2500 -7.0000
f 22419 22420 22421 22422
v -5.8000 0.3500 -3.0000
v -5.8000 0.3500 -2.4500
v -3.8000 0.3500 -2.4500
v -3.8000 0.3500 -3.0000
f 22423 22424 22425 22426
v -5.8000 0.4900 -3.0000
v -3.8000 0.4900 -3.0000
v -3.8000 0.4900 -2.4500
v -5.8000 0.4900 -2.4500
f 22427 22428 22429 22430
v -5.8000 0.3500 -3.0000
v -3.8000 0.3500 -3.0000
v -3.8000 0.4900 -3.0000
v -5.8000 0.4900 -3.0000
f 22431 22432 22433 22434
v -3.8000 0.3500 -3.0000
v -3.8000 0.3500 -2.4500
v -3.8000 0.4900 -2.4500
v -3.8000 0.4900 -3.0000
f 22435 22436 22437 22438
v -3.8000 0.3500 -2.4500
v -5.8000 0.3500 -2.4500
v -5.8000 0.4900 -2.4500
v -3.8000 0.4900 -2.4500
f 22439 22440 22441 22442
v -5.8000 0.3500 -2.4500
v -5.8000 0.3500 -3.0000
v -5.8000 0.4900 -3.0000
v -5.8000 0.4900 -2.4500
f 22443 22444 22445 22446
v -5.8000 0.5000 -2.5200
v -5.8000 0.5000 -2.4200
v -3.8000 0.5000 -2.4200
v -3.8000 0.5000 -2.5200
f 22447 22448 22449 22450
v -5.8000 1.2500 -2.5200
v -3.8000 1.2500 -2.5200
v -3.8000 1.2500 -2.4200
v -5.8000 1.2500 -2.4200
f 22451 22452 22453 22454
v -5.8000 0.5000 -2.5200
v -3.8000 0.5000 -2.5200
v -3.8000 1.2500 -2.5200
v -5.8000 1.2500 -2.5200
f 22455 22456 22457 22458
v -3.8000 0.5000 -2.5200
v -3.8000 0.5000 -2.4200
v -3.8000 1.2500 -2.4200
v -3.8000 1.2500 -2.5200
f 22459 22460 22461 22462
v -3.8000 0.5000 -2.4200
v -5.8000 0.5000 -2.4200
v -5.8000 1.2500 -2.4200
v -3.8000 1.2500 -2.4200
f 22463 22464 22465 22466
v -5.8000 0.5000 -2.4200
v -5.8000 0.5000 -2.5200
v -5.8000 1.2500 -2.5200
v -5.8000 1.2500 -2.4200
f 22467 22468 22469 22470
g level_0_landscape_bench_leg
usemtl metal
v -5.6000 0.0800 -2.9200
v -5.6000 0.0800 -2.5200
v -5.4800 0.0800 -2.5200
v -5.4800 0.0800 -2.9200
f 22471 22472 22473 22474
v -5.6000 0.3800 -2.9200
v -5.4800 0.3800 -2.9200
v -5.4800 0.3800 -2.5200
v -5.6000 0.3800 -2.5200
f 22475 22476 22477 22478
v -5.6000 0.0800 -2.9200
v -5.4800 0.0800 -2.9200
v -5.4800 0.3800 -2.9200
v -5.6000 0.3800 -2.9200
f 22479 22480 22481 22482
v -5.4800 0.0800 -2.9200
v -5.4800 0.0800 -2.5200
v -5.4800 0.3800 -2.5200
v -5.4800 0.3800 -2.9200
f 22483 22484 22485 22486
v -5.4800 0.0800 -2.5200
v -5.6000 0.0800 -2.5200
v -5.6000 0.3800 -2.5200
v -5.4800 0.3800 -2.5200
f 22487 22488 22489 22490
v -5.6000 0.0800 -2.5200
v -5.6000 0.0800 -2.9200
v -5.6000 0.3800 -2.9200
v -5.6000 0.3800 -2.5200
f 22491 22492 22493 22494
v -4.1000 0.0800 -2.9200
v -4.1000 0.0800 -2.5200
v -3.9800 0.0800 -2.5200
v -3.9800 0.0800 -2.9200
f 22495 22496 22497 22498
v -4.1000 0.3800 -2.9200
v -3.9800 0.3800 -2.9200
v -3.9800 0.3800 -2.5200
v -4.1000 0.3800 -2.5200
f 22499 22500 22501 22502
v -4.1000 0.0800 -2.9200
v -3.9800 0.0800 -2.9200
v -3.9800 0.3800 -2.9200
v -4.1000 0.3800 -2.9200
f 22503 22504 22505 22506
v -3.9800 0.0800 -2.9200
v -3.9800 0.0800 -2.5200
v -3.9800 0.3800 -2.5200
v -3.9800 0.3800 -2.9200
f 22507 22508 22509 22510
v -3.9800 0.0800 -2.5200
v -4.1000 0.0800 -2.5200
v -4.1000 0.3800 -2.5200
v -3.9800 0.3800 -2.5200
f 22511 22512 22513 22514
v -4.1000 0.0800 -2.5200
v -4.1000 0.0800 -2.9200
v -4.1000 0.3800 -2.9200
v -4.1000 0.3800 -2.5200
f 22515 22516 22517 22518
g level_0_landscape_bench
usemtl wood
v 4.5000 0.3500 -3.0000
v 4.5000 0.3500 -1.0000
v 5.0500 0.3500 -1.0000
v 5.0500 0.3500 -3.0000
f 22519 22520 22521 22522
v 4.5000 0.4900 -3.0000
v 5.0500 0.4900 -3.0000
v 5.0500 0.4900 -1.0000
v 4.5000 0.4900 -1.0000
f 22523 22524 22525 22526
v 4.5000 0.3500 -3.0000
v 5.0500 0.3500 -3.0000
v 5.0500 0.4900 -3.0000
v 4.5000 0.4900 -3.0000
f 22527 22528 22529 22530
v 5.0500 0.3500 -3.0000
v 5.0500 0.3500 -1.0000
v 5.0500 0.4900 -1.0000
v 5.0500 0.4900 -3.0000
f 22531 22532 22533 22534
v 5.0500 0.3500 -1.0000
v 4.5000 0.3500 -1.0000
v 4.5000 0.4900 -1.0000
v 5.0500 0.4900 -1.0000
f 22535 22536 22537 22538
v 4.5000 0.3500 -1.0000
v 4.5000 0.3500 -3.0000
v 4.5000 0.4900 -3.0000
v 4.5000 0.4900 -1.0000
f 22539 22540 22541 22542
v 4.9800 0.5000 -3.0000
v 4.9800 0.5000 -1.0000
v 5.0800 0.5000 -1.0000
v 5.0800 0.5000 -3.0000
f 22543 22544 22545 22546
v 4.9800 1.2500 -3.0000
v 5.0800 1.2500 -3.0000
v 5.0800 1.2500 -1.0000
v 4.9800 1.2500 -1.0000
f 22547 22548 22549 22550
v 4.9800 0.5000 -3.0000
v 5.0800 0.5000 -3.0000
v 5.0800 1.2500 -3.0000
v 4.9800 1.2500 -3.0000
f 22551 22552 22553 22554
v 5.0800 0.5000 -3.0000
v 5.0800 0.5000 -1.0000
v 5.0800 1.2500 -1.0000
v 5.0800 1.2500 -3.0000
f 22555 22556 22557 22558
v 5.0800 0.5000 -1.0000
v 4.9800 0.5000 -1.0000
v 4.9800 1.2500 -1.0000
v 5.0800 1.2500 -1.0000
f 22559 22560 22561 22562
v 4.9800 0.5000 -1.0000
v 4.9800 0.5000 -3.0000
v 4.9800 1.2500 -3.0000
v 4.9800 1.2500 -1.0000
f 22563 22564 22565 22566
v -17.0000 0.3500 21.7000
v -17.0000 0.3500 22.2500
v -15.0000 0.3500 22.2500
v -15.0000 0.3500 21.7000
f 22567 22568 22569 22570
v -17.0000 0.4900 21.7000
v -15.0000 0.4900 21.7000
v -15.0000 0.4900 22.2500
v -17.0000 0.4900 22.2500
f 22571 22572 22573 22574
v -17.0000 0.3500 21.7000
v -15.0000 0.3500 21.7000
v -15.0000 0.4900 21.7000
v -17.0000 0.4900 21.7000
f 22575 22576 22577 22578
v -15.0000 0.3500 21.7000
v -15.0000 0.3500 22.2500
v -15.0000 0.4900 22.2500
v -15.0000 0.4900 21.7000
f 22579 22580 22581 22582
v -15.0000 0.3500 22.2500
v -17.0000 0.3500 22.2500
v -17.0000 0.4900 22.2500
v -15.0000 0.4900 22.2500
f 22583 22584 22585 22586
v -17.0000 0.3500 22.2500
v -17.0000 0.3500 21.7000
v -17.0000 0.4900 21.7000
v -17.0000 0.4900 22.2500
f 22587 22588 22589 22590
v -17.0000 0.5000 22.1800
v -17.0000 0.5000 22.2800
v -15.0000 0.5000 22.2800
v -15.0000 0.5000 22.1800
f 22591 22592 22593 22594
v -17.0000 1.2500 22.1800
v -15.0000 1.2500 22.1800
v -15.0000 1.2500 22.2800
v -17.0000 1.2500 22.2800
f 22595 22596 22597 22598
v -17.0000 0.5000 22.1800
v -15.0000 0.5000 22.1800
v -15.0000 1.2500 22.1800
v -17.0000 1.2500 22.1800
f 22599 22600 22601 22602
v -15.0000 0.5000 22.1800
v -15.0000 0.5000 22.2800
v -15.0000 1.2500 22.2800
v -15.0000 1.2500 22.1800
f 22603 22604 22605 22606
v -15.0000 0.5000 22.2800
v -17.0000 0.5000 22.2800
v -17.0000 1.2500 22.2800
v -15.0000 1.2500 22.2800
f 22607 22608 22609 22610
v -17.0000 0.5000 22.2800
v -17.0000 0.5000 22.1800
v -17.0000 1.2500 22.1800
v -17.0000 1.2500 22.2800
f 22611 22612 22613 22614
g level_0_landscape_bench_leg
usemtl metal
v -16.8000 0.0800 21.7800
v -16.8000 0.0800 22.1800
v -16.6800 0.0800 22.1800
v -16.6800 0.0800 21.7800
f 22615 22616 22617 22618
v -16.8000 0.3800 21.7800
v -16.6800 0.3800 21.7800
v -16.6800 0.3800 22.1800
v -16.8000 0.3800 22.1800
f 22619 22620 22621 22622
v -16.8000 0.0800 21.7800
v -16.6800 0.0800 21.7800
v -16.6800 0.3800 21.7800
v -16.8000 0.3800 21.7800
f 22623 22624 22625 22626
v -16.6800 0.0800 21.7800
v -16.6800 0.0800 22.1800
v -16.6800 0.3800 22.1800
v -16.6800 0.3800 21.7800
f 22627 22628 22629 22630
v -16.6800 0.0800 22.1800
v -16.8000 0.0800 22.1800
v -16.8000 0.3800 22.1800
v -16.6800 0.3800 22.1800
f 22631 22632 22633 22634
v -16.8000 0.0800 22.1800
v -16.8000 0.0800 21.7800
v -16.8000 0.3800 21.7800
v -16.8000 0.3800 22.1800
f 22635 22636 22637 22638
v -15.3000 0.0800 21.7800
v -15.3000 0.0800 22.1800
v -15.1800 0.0800 22.1800
v -15.1800 0.0800 21.7800
f 22639 22640 22641 22642
v -15.3000 0.3800 21.7800
v -15.1800 0.3800 21.7800
v -15.1800 0.3800 22.1800
v -15.3000 0.3800 22.1800
f 22643 22644 22645 22646
v -15.3000 0.0800 21.7800
v -15.1800 0.0800 21.7800
v -15.1800 0.3800 21.7800
v -15.3000 0.3800 21.7800
f 22647 22648 22649 22650
v -15.1800 0.0800 21.7800
v -15.1800 0.0800 22.1800
v -15.1800 0.3800 22.1800
v -15.1800 0.3800 21.7800
f 22651 22652 22653 22654
v -15.1800 0.0800 22.1800
v -15.3000 0.0800 22.1800
v -15.3000 0.3800 22.1800
v -15.1800 0.3800 22.1800
f 22655 22656 22657 22658
v -15.3000 0.0800 22.1800
v -15.3000 0.0800 21.7800
v -15.3000 0.3800 21.7800
v -15.3000 0.3800 22.1800
f 22659 22660 22661 22662
g level_0_landscape_bench
usemtl wood
v -8.0000 0.3500 21.7000
v -8.0000 0.3500 22.2500
v -6.0000 0.3500 22.2500
v -6.0000 0.3500 21.7000
f 22663 22664 22665 22666
v -8.0000 0.4900 21.7000
v -6.0000 0.4900 21.7000
v -6.0000 0.4900 22.2500
v -8.0000 0.4900 22.2500
f 22667 22668 22669 22670
v -8.0000 0.3500 21.7000
v -6.0000 0.3500 21.7000
v -6.0000 0.4900 21.7000
v -8.0000 0.4900 21.7000
f 22671 22672 22673 22674
v -6.0000 0.3500 21.7000
v -6.0000 0.3500 22.2500
v -6.0000 0.4900 22.2500
v -6.0000 0.4900 21.7000
f 22675 22676 22677 22678
v -6.0000 0.3500 22.2500
v -8.0000 0.3500 22.2500
v -8.0000 0.4900 22.2500
v -6.0000 0.4900 22.2500
f 22679 22680 22681 22682
v -8.0000 0.3500 22.2500
v -8.0000 0.3500 21.7000
v -8.0000 0.4900 21.7000
v -8.0000 0.4900 22.2500
f 22683 22684 22685 22686
v -8.0000 0.5000 22.1800
v -8.0000 0.5000 22.2800
v -6.0000 0.5000 22.2800
v -6.0000 0.5000 22.1800
f 22687 22688 22689 22690
v -8.0000 1.2500 22.1800
v -6.0000 1.2500 22.1800
v -6.0000 1.2500 22.2800
v -8.0000 1.2500 22.2800
f 22691 22692 22693 22694
v -8.0000 0.5000 22.1800
v -6.0000 0.5000 22.1800
v -6.0000 1.2500 22.1800
v -8.0000 1.2500 22.1800
f 22695 22696 22697 22698
v -6.0000 0.5000 22.1800
v -6.0000 0.5000 22.2800
v -6.0000 1.2500 22.2800
v -6.0000 1.2500 22.1800
f 22699 22700 22701 22702
v -6.0000 0.5000 22.2800
v -8.0000 0.5000 22.2800
v -8.0000 1.2500 22.2800
v -6.0000 1.2500 22.2800
f 22703 22704 22705 22706
v -8.0000 0.5000 22.2800
v -8.0000 0.5000 22.1800
v -8.0000 1.2500 22.1800
v -8.0000 1.2500 22.2800
f 22707 22708 22709 22710
g level_0_landscape_bench_leg
usemtl metal
v -7.8000 0.0800 21.7800
v -7.8000 0.0800 22.1800
v -7.6800 0.0800 22.1800
v -7.6800 0.0800 21.7800
f 22711 22712 22713 22714
v -7.8000 0.3800 21.7800
v -7.6800 0.3800 21.7800
v -7.6800 0.3800 22.1800
v -7.8000 0.3800 22.1800
f 22715 22716 22717 22718
v -7.8000 0.0800 21.7800
v -7.6800 0.0800 21.7800
v -7.6800 0.3800 21.7800
v -7.8000 0.3800 21.7800
f 22719 22720 22721 22722
v -7.6800 0.0800 21.7800
v -7.6800 0.0800 22.1800
v -7.6800 0.3800 22.1800
v -7.6800 0.3800 21.7800
f 22723 22724 22725 22726
v -7.6800 0.0800 22.1800
v -7.8000 0.0800 22.1800
v -7.8000 0.3800 22.1800
v -7.6800 0.3800 22.1800
f 22727 22728 22729 22730
v -7.8000 0.0800 22.1800
v -7.8000 0.0800 21.7800
v -7.8000 0.3800 21.7800
v -7.8000 0.3800 22.1800
f 22731 22732 22733 22734
v -6.3000 0.0800 21.7800
v -6.3000 0.0800 22.1800
v -6.1800 0.0800 22.1800
v -6.1800 0.0800 21.7800
f 22735 22736 22737 22738
v -6.3000 0.3800 21.7800
v -6.1800 0.3800 21.7800
v -6.1800 0.3800 22.1800
v -6.3000 0.3800 22.1800
f 22739 22740 22741 22742
v -6.3000 0.0800 21.7800
v -6.1800 0.0800 21.7800
v -6.1800 0.3800 21.7800
v -6.3000 0.3800 21.7800
f 22743 22744 22745 22746
v -6.1800 0.0800 21.7800
v -6.1800 0.0800 22.1800
v -6.1800 0.3800 22.1800
v -6.1800 0.3800 21.7800
f 22747 22748 22749 22750
v -6.1800 0.0800 22.1800
v -6.3000 0.0800 22.1800
v -6.3000 0.3800 22.1800
v -6.1800 0.3800 22.1800
f 22751 22752 22753 22754
v -6.3000 0.0800 22.1800
v -6.3000 0.0800 21.7800
v -6.3000 0.3800 21.7800
v -6.3000 0.3800 22.1800
f 22755 22756 22757 22758
g level_0_landscape_bench
usemtl wood
v 8.0000 0.3500 21.7000
v 8.0000 0.3500 22.2500
v 10.0000 0.3500 22.2500
v 10.0000 0.3500 21.7000
f 22759 22760 22761 22762
v 8.0000 0.4900 21.7000
v 10.0000 0.4900 21.7000
v 10.0000 0.4900 22.2500
v 8.0000 0.4900 22.2500
f 22763 22764 22765 22766
v 8.0000 0.3500 21.7000
v 10.0000 0.3500 21.7000
v 10.0000 0.4900 21.7000
v 8.0000 0.4900 21.7000
f 22767 22768 22769 22770
v 10.0000 0.3500 21.7000
v 10.0000 0.3500 22.2500
v 10.0000 0.4900 22.2500
v 10.0000 0.4900 21.7000
f 22771 22772 22773 22774
v 10.0000 0.3500 22.2500
v 8.0000 0.3500 22.2500
v 8.0000 0.4900 22.2500
v 10.0000 0.4900 22.2500
f 22775 22776 22777 22778
v 8.0000 0.3500 22.2500
v 8.0000 0.3500 21.7000
v 8.0000 0.4900 21.7000
v 8.0000 0.4900 22.2500
f 22779 22780 22781 22782
v 8.0000 0.5000 22.1800
v 8.0000 0.5000 22.2800
v 10.0000 0.5000 22.2800
v 10.0000 0.5000 22.1800
f 22783 22784 22785 22786
v 8.0000 1.2500 22.1800
v 10.0000 1.2500 22.1800
v 10.0000 1.2500 22.2800
v 8.0000 1.2500 22.2800
f 22787 22788 22789 22790
v 8.0000 0.5000 22.1800
v 10.0000 0.5000 22.1800
v 10.0000 1.2500 22.1800
v 8.0000 1.2500 22.1800
f 22791 22792 22793 22794
v 10.0000 0.5000 22.1800
v 10.0000 0.5000 22.2800
v 10.0000 1.2500 22.2800
v 10.0000 1.2500 22.1800
f 22795 22796 22797 22798
v 10.0000 0.5000 22.2800
v 8.0000 0.5000 22.2800
v 8.0000 1.2500 22.2800
v 10.0000 1.2500 22.2800
f 22799 22800 22801 22802
v 8.0000 0.5000 22.2800
v 8.0000 0.5000 22.1800
v 8.0000 1.2500 22.1800
v 8.0000 1.2500 22.2800
f 22803 22804 22805 22806
g level_0_landscape_bench_leg
usemtl metal
v 8.2000 0.0800 21.7800
v 8.2000 0.0800 22.1800
v 8.3200 0.0800 22.1800
v 8.3200 0.0800 21.7800
f 22807 22808 22809 22810
v 8.2000 0.3800 21.7800
v 8.3200 0.3800 21.7800
v 8.3200 0.3800 22.1800
v 8.2000 0.3800 22.1800
f 22811 22812 22813 22814
v 8.2000 0.0800 21.7800
v 8.3200 0.0800 21.7800
v 8.3200 0.3800 21.7800
v 8.2000 0.3800 21.7800
f 22815 22816 22817 22818
v 8.3200 0.0800 21.7800
v 8.3200 0.0800 22.1800
v 8.3200 0.3800 22.1800
v 8.3200 0.3800 21.7800
f 22819 22820 22821 22822
v 8.3200 0.0800 22.1800
v 8.2000 0.0800 22.1800
v 8.2000 0.3800 22.1800
v 8.3200 0.3800 22.1800
f 22823 22824 22825 22826
v 8.2000 0.0800 22.1800
v 8.2000 0.0800 21.7800
v 8.2000 0.3800 21.7800
v 8.2000 0.3800 22.1800
f 22827 22828 22829 22830
v 9.7000 0.0800 21.7800
v 9.7000 0.0800 22.1800
v 9.8200 0.0800 22.1800
v 9.8200 0.0800 21.7800
f 22831 22832 22833 22834
v 9.7000 0.3800 21.7800
v 9.8200 0.3800 21.7800
v 9.8200 0.3800 22.1800
v 9.7000 0.3800 22.1800
f 22835 22836 22837 22838
v 9.7000 0.0800 21.7800
v 9.8200 0.0800 21.7800
v 9.8200 0.3800 21.7800
v 9.7000 0.3800 21.7800
f 22839 22840 22841 22842
v 9.8200 0.0800 21.7800
v 9.8200 0.0800 22.1800
v 9.8200 0.3800 22.1800
v 9.8200 0.3800 21.7800
f 22843 22844 22845 22846
v 9.8200 0.0800 22.1800
v 9.7000 0.0800 22.1800
v 9.7000 0.3800 22.1800
v 9.8200 0.3800 22.1800
f 22847 22848 22849 22850
v 9.7000 0.0800 22.1800
v 9.7000 0.0800 21.7800
v 9.7000 0.3800 21.7800
v 9.7000 0.3800 22.1800
f 22851 22852 22853 22854
g level_0_landscape_bench
usemtl wood
v 17.0000 0.3500 21.7000
v 17.0000 0.3500 22.2500
v 19.0000 0.3500 22.2500
v 19.0000 0.3500 21.7000
f 22855 22856 22857 22858
v 17.0000 0.4900 21.7000
v 19.0000 0.4900 21.7000
v 19.0000 0.4900 22.2500
v 17.0000 0.4900 22.2500
f 22859 22860 22861 22862
v 17.0000 0.3500 21.7000
v 19.0000 0.3500 21.7000
v 19.0000 0.4900 21.7000
v 17.0000 0.4900 21.7000
f 22863 22864 22865 22866
v 19.0000 0.3500 21.7000
v 19.0000 0.3500 22.2500
v 19.0000 0.4900 22.2500
v 19.0000 0.4900 21.7000
f 22867 22868 22869 22870
v 19.0000 0.3500 22.2500
v 17.0000 0.3500 22.2500
v 17.0000 0.4900 22.2500
v 19.0000 0.4900 22.2500
f 22871 22872 22873 22874
v 17.0000 0.3500 22.2500
v 17.0000 0.3500 21.7000
v 17.0000 0.4900 21.7000
v 17.0000 0.4900 22.2500
f 22875 22876 22877 22878
v 17.0000 0.5000 22.1800
v 17.0000 0.5000 22.2800
v 19.0000 0.5000 22.2800
v 19.0000 0.5000 22.1800
f 22879 22880 22881 22882
v 17.0000 1.2500 22.1800
v 19.0000 1.2500 22.1800
v 19.0000 1.2500 22.2800
v 17.0000 1.2500 22.2800
f 22883 22884 22885 22886
v 17.0000 0.5000 22.1800
v 19.0000 0.5000 22.1800
v 19.0000 1.2500 22.1800
v 17.0000 1.2500 22.1800
f 22887 22888 22889 22890
v 19.0000 0.5000 22.1800
v 19.0000 0.5000 22.2800
v 19.0000 1.2500 22.2800
v 19.0000 1.2500 22.1800
f 22891 22892 22893 22894
v 19.0000 0.5000 22.2800
v 17.0000 0.5000 22.2800
v 17.0000 1.2500 22.2800
v 19.0000 1.2500 22.2800
f 22895 22896 22897 22898
v 17.0000 0.5000 22.2800
v 17.0000 0.5000 22.1800
v 17.0000 1.2500 22.1800
v 17.0000 1.2500 22.2800
f 22899 22900 22901 22902
g level_0_landscape_bench_leg
usemtl metal
v 17.2000 0.0800 21.7800
v 17.2000 0.0800 22.1800
v 17.3200 0.0800 22.1800
v 17.3200 0.0800 21.7800
f 22903 22904 22905 22906
v 17.2000 0.3800 21.7800
v 17.3200 0.3800 21.7800
v 17.3200 0.3800 22.1800
v 17.2000 0.3800 22.1800
f 22907 22908 22909 22910
v 17.2000 0.0800 21.7800
v 17.3200 0.0800 21.7800
v 17.3200 0.3800 21.7800
v 17.2000 0.3800 21.7800
f 22911 22912 22913 22914
v 17.3200 0.0800 21.7800
v 17.3200 0.0800 22.1800
v 17.3200 0.3800 22.1800
v 17.3200 0.3800 21.7800
f 22915 22916 22917 22918
v 17.3200 0.0800 22.1800
v 17.2000 0.0800 22.1800
v 17.2000 0.3800 22.1800
v 17.3200 0.3800 22.1800
f 22919 22920 22921 22922
v 17.2000 0.0800 22.1800
v 17.2000 0.0800 21.7800
v 17.2000 0.3800 21.7800
v 17.2000 0.3800 22.1800
f 22923 22924 22925 22926
v 18.7000 0.0800 21.7800
v 18.7000 0.0800 22.1800
v 18.8200 0.0800 22.1800
v 18.8200 0.0800 21.7800
f 22927 22928 22929 22930
v 18.7000 0.3800 21.7800
v 18.8200 0.3800 21.7800
v 18.8200 0.3800 22.1800
v 18.7000 0.3800 22.1800
f 22931 22932 22933 22934
v 18.7000 0.0800 21.7800
v 18.8200 0.0800 21.7800
v 18.8200 0.3800 21.7800
v 18.7000 0.3800 21.7800
f 22935 22936 22937 22938
v 18.8200 0.0800 21.7800
v 18.8200 0.0800 22.1800
v 18.8200 0.3800 22.1800
v 18.8200 0.3800 21.7800
f 22939 22940 22941 22942
v 18.8200 0.0800 22.1800
v 18.7000 0.0800 22.1800
v 18.7000 0.3800 22.1800
v 18.8200 0.3800 22.1800
f 22943 22944 22945 22946
v 18.7000 0.0800 22.1800
v 18.7000 0.0800 21.7800
v 18.7000 0.3800 21.7800
v 18.7000 0.3800 22.1800
f 22947 22948 22949 22950
g level_0_outside_element
usemtl trunk
v -25.4900 3.4000 -20.0000
v -25.5515 3.4000 -19.8515
v -25.7000 3.4000 -19.7900
v -25.8485 3.4000 -19.8515
v -25.9100 3.4000 -20.0000
v -25.8485 3.4000 -20.1485
v -25.7000 3.4000 -20.2100
v -25.5515 3.4000 -20.1485
f 22951 22952 22953 22954 22955 22956 22957 22958
v -25.4900 0.0000 -20.0000
v -25.5515 0.0000 -19.8515
v -25.5515 3.4000 -19.8515
v -25.4900 3.4000 -20.0000
f 22959 22960 22961 22962
v -25.5515 0.0000 -19.8515
v -25.7000 0.0000 -19.7900
v -25.7000 3.4000 -19.7900
v -25.5515 3.4000 -19.8515
f 22963 22964 22965 22966
v -25.7000 0.0000 -19.7900
v -25.8485 0.0000 -19.8515
v -25.8485 3.4000 -19.8515
v -25.7000 3.4000 -19.7900
f 22967 22968 22969 22970
v -25.8485 0.0000 -19.8515
v -25.9100 0.0000 -20.0000
v -25.9100 3.4000 -20.0000
v -25.8485 3.4000 -19.8515
f 22971 22972 22973 22974
v -25.9100 0.0000 -20.0000
v -25.8485 0.0000 -20.1485
v -25.8485 3.4000 -20.1485
v -25.9100 3.4000 -20.0000
f 22975 22976 22977 22978
v -25.8485 0.0000 -20.1485
v -25.7000 0.0000 -20.2100
v -25.7000 3.4000 -20.2100
v -25.8485 3.4000 -20.1485
f 22979 22980 22981 22982
v -25.7000 0.0000 -20.2100
v -25.5515 0.0000 -20.1485
v -25.5515 3.4000 -20.1485
v -25.7000 3.4000 -20.2100
f 22983 22984 22985 22986
v -25.5515 0.0000 -20.1485
v -25.4900 0.0000 -20.0000
v -25.4900 3.4000 -20.0000
v -25.5515 3.4000 -20.1485
f 22987 22988 22989 22990
g level_0_landscape_tree_crown
usemtl leaves
v -25.7000 8.0000 -20.0000
v -25.7000 8.0000 -20.0000
v -24.4541 7.0335 -18.9546
v -24.0737 7.0335 -20.0000
f 22991 22992 22993 22994
v -25.7000 8.0000 -20.0000
v -25.7000 8.0000 -20.0000
v -25.4176 7.0335 -18.3984
v -24.4541 7.0335 -18.9546
f 22995 22996 22997 22998
v -25.7000 8.0000 -20.0000
v -25.7000 8.0000 -20.0000
v -26.5132 7.0335 -18.5915
v -25.4176 7.0335 -18.3984
f 22999 23000 23001 23002
v -25.7000 8.0000 -20.0000
v -25.7000 8.0000 -20.0000
v -27.2283 7.0335 -19.4438
v -26.5132 7.0335 -18.5915
f 23003 23004 23005 23006
v -25.7000 8.0000 -20.0000
v -25.7000 8.0000 -20.0000
v -27.2283 7.0335 -20.5562
v -27.2283 7.0335 -19.4438
f 23007 23008 23009 23010
v -25.7000 8.0000 -20.0000
v -25.7000 8.0000 -20.0000
v -26.5132 7.0335 -21.4085
v -27.2283 7.0335 -20.5562
f 23011 23012 23013 23014
v -25.7000 8.0000 -20.0000
v -25.7000 8.0000 -20.0000
v -25.4176 7.0335 -21.6016
v -26.5132 7.0335 -21.4085
f 23015 23016 23017 23018
v -25.7000 8.0000 -20.0000
v -25.7000 8.0000 -20.0000
v -24.4541 7.0335 -21.0454
v -25.4176 7.0335 -21.6016
f 23019 23020 23021 23022
v -25.7000 8.0000 -20.0000
v -25.7000 8.0000 -20.0000
v -24.0737 7.0335 -20.0000
v -24.4541 7.0335 -21.0454
f 23023 23024 23025 23026
v -24.0737 7.0335 -20.0000
v -24.4541 7.0335 -18.9546
v -23.9381 4.7000 -18.5216
v -23.4000 4.7000 -20.0000
f 23027 23028 23029 23030
v -24.4541 7.0335 -18.9546
v -25.4176 7.0335 -18.3984
v -25.3006 4.7000 -17.7349
v -23.9381 4.7000 -18.5216
f 23031 23032 23033 23034
v -25.4176 7.0335 -18.3984
v -26.5132 7.0335 -18.5915
v -26.8500 4.7000 -18.0081
v -25.3006 4.7000 -17.7349
f 23035 23036 23037 23038
v -26.5132 7.0335 -18.5915
v -27.2283 7.0335 -19.4438
v -27.8613 4.7000 -19.2134
v -26.8500 4.7000 -18.0081
f 23039 23040 23041 23042
v -27.2283 7.0335 -19.4438
v -27.2283 7.0335 -20.5562
v -27.8613 4.7000 -20.7866
v -27.8613 4.7000 -19.2134
f 23043 23044 23045 23046
v -27.2283 7.0335 -20.5562
v -26.5132 7.0335 -21.4085
v -26.8500 4.7000 -21.9919
v -27.8613 4.7000 -20.7866
f 23047 23048 23049 23050
v -26.5132 7.0335 -21.4085
v -25.4176 7.0335 -21.6016
v -25.3006 4.7000 -22.2651
v -26.8500 4.7000 -21.9919
f 23051 23052 23053 23054
v -25.4176 7.0335 -21.6016
v -24.4541 7.0335 -21.0454
v -23.9381 4.7000 -21.4784
v -25.3006 4.7000 -22.2651
f 23055 23056 23057 23058
v -24.4541 7.0335 -21.0454
v -24.0737 7.0335 -20.0000
v -23.4000 4.7000 -20.0000
v -23.9381 4.7000 -21.4784
f 23059 23060 23061 23062
v -23.4000 4.7000 -20.0000
v -23.9381 4.7000 -18.5216
v -24.4541 2.3665 -18.9546
v -24.0737 2.3665 -20.0000
f 23063 23064 23065 23066
v -23.9381 4.7000 -18.5216
v -25.3006 4.7000 -17.7349
v -25.4176 2.3665 -18.3984
v -24.4541 2.3665 -18.9546
f 23067 23068 23069 23070
v -25.3006 4.7000 -17.7349
v -26.8500 4.7000 -18.0081
v -26.5132 2.3665 -18.5915
v -25.4176 2.3665 -18.3984
f 23071 23072 23073 23074
v -26.8500 4.7000 -18.0081
v -27.8613 4.7000 -19.2134
v -27.2283 2.3665 -19.4438
v -26.5132 2.3665 -18.5915
f 23075 23076 23077 23078
v -27.8613 4.7000 -19.2134
v -27.8613 4.7000 -20.7866
v -27.2283 2.3665 -20.5562
v -27.2283 2.3665 -19.4438
f 23079 23080 23081 23082
v -27.8613 4.7000 -20.7866
v -26.8500 4.7000 -21.9919
v -26.5132 2.3665 -21.4085
v -27.2283 2.3665 -20.5562
f 23083 23084 23085 23086
v -26.8500 4.7000 -21.9919
v -25.3006 4.7000 -22.2651
v -25.4176 2.3665 -21.6016
v -26.5132 2.3665 -21.4085
f 23087 23088 23089 23090
v -25.3006 4.7000 -22.2651
v -23.9381 4.7000 -21.4784
v -24.4541 2.3665 -21.0454
v -25.4176 2.3665 -21.6016
f 23091 23092 23093 23094
v -23.9381 4.7000 -21.4784
v -23.4000 4.7000 -20.0000
v -24.0737 2.3665 -20.0000
v -24.4541 2.3665 -21.0454
f 23095 23096 23097 23098
v -24.0737 2.3665 -20.0000
v -24.4541 2.3665 -18.9546
v -25.7000 1.4000 -20.0000
v -25.7000 1.4000 -20.0000
f 23099 23100 23101 23102
v -24.4541 2.3665 -18.9546
v -25.4176 2.3665 -18.3984
v -25.7000 1.4000 -20.0000
v -25.7000 1.4000 -20.0000
f 23103 23104 23105 23106
v -25.4176 2.3665 -18.3984
v -26.5132 2.3665 -18.5915
v -25.7000 1.4000 -20.0000
v -25.7000 1.4000 -20.0000
f 23107 23108 23109 23110
v -26.5132 2.3665 -18.5915
v -27.2283 2.3665 -19.4438
v -25.7000 1.4000 -20.0000
v -25.7000 1.4000 -20.0000
f 23111 23112 23113 23114
v -27.2283 2.3665 -19.4438
v -27.2283 2.3665 -20.5562
v -25.7000 1.4000 -20.0000
v -25.7000 1.4000 -20.0000
f 23115 23116 23117 23118
v -27.2283 2.3665 -20.5562
v -26.5132 2.3665 -21.4085
v -25.7000 1.4000 -20.0000
v -25.7000 1.4000 -20.0000
f 23119 23120 23121 23122
v -26.5132 2.3665 -21.4085
v -25.4176 2.3665 -21.6016
v -25.7000 1.4000 -20.0000
v -25.7000 1.4000 -20.0000
f 23123 23124 23125 23126
v -25.4176 2.3665 -21.6016
v -24.4541 2.3665 -21.0454
v -25.7000 1.4000 -20.0000
v -25.7000 1.4000 -20.0000
f 23127 23128 23129 23130
v -24.4541 2.3665 -21.0454
v -24.0737 2.3665 -20.0000
v -25.7000 1.4000 -20.0000
v -25.7000 1.4000 -20.0000
f 23131 23132 23133 23134
usemtl leavesLight
v -26.5000 6.9000 -19.3500
v -26.5000 6.9000 -19.3500
v -25.7687 6.2263 -18.7364
v -25.5454 6.2263 -19.3500
f 23135 23136 23137 23138
v -26.5000 6.9000 -19.3500
v -26.5000 6.9000 -19.3500
v -26.3342 6.2263 -18.4099
v -25.7687 6.2263 -18.7364
f 23139 23140 23141 23142
v -26.5000 6.9000 -19.3500
v -26.5000 6.9000 -19.3500
v -26.9773 6.2263 -18.5233
v -26.3342 6.2263 -18.4099
f 23143 23144 23145 23146
v -26.5000 6.9000 -19.3500
v -26.5000 6.9000 -19.3500
v -27.3970 6.2263 -19.0235
v -26.9773 6.2263 -18.5233
f 23147 23148 23149 23150
v -26.5000 6.9000 -19.3500
v -26.5000 6.9000 -19.3500
v -27.3970 6.2263 -19.6765
v -27.3970 6.2263 -19.0235
f 23151 23152 23153 23154
v -26.5000 6.9000 -19.3500
v -26.5000 6.9000 -19.3500
v -26.9773 6.2263 -20.1767
v -27.3970 6.2263 -19.6765
f 23155 23156 23157 23158
v -26.5000 6.9000 -19.3500
v -26.5000 6.9000 -19.3500
v -26.3342 6.2263 -20.2901
v -26.9773 6.2263 -20.1767
f 23159 23160 23161 23162
v -26.5000 6.9000 -19.3500
v -26.5000 6.9000 -19.3500
v -25.7687 6.2263 -19.9636
v -26.3342 6.2263 -20.2901
f 23163 23164 23165 23166
v -26.5000 6.9000 -19.3500
v -26.5000 6.9000 -19.3500
v -25.5454 6.2263 -19.3500
v -25.7687 6.2263 -19.9636
f 23167 23168 23169 23170
v -25.5454 6.2263 -19.3500
v -25.7687 6.2263 -18.7364
v -25.4658 4.6000 -18.4822
v -25.1500 4.6000 -19.3500
f 23171 23172 23173 23174
v -25.7687 6.2263 -18.7364
v -26.3342 6.2263 -18.4099
v -26.2656 4.6000 -18.0205
v -25.4658 4.6000 -18.4822
f 23175 23176 23177 23178
v -26.3342 6.2263 -18.4099
v -26.9773 6.2263 -18.5233
v -27.1750 4.6000 -18.1809
v -26.2656 4.6000 -18.0205
f 23179 23180 23181 23182
v -26.9773 6.2263 -18.5233
v -27.3970 6.2263 -19.0235
v -27.7686 4.6000 -18.8883
v -27.1750 4.6000 -18.1809
f 23183 23184 23185 23186
v -27.3970 6.2263 -19.0235
v -27.3970 6.2263 -19.6765
v -27.7686 4.6000 -19.8117
v -27.7686 4.6000 -18.8883
f 23187 23188 23189 23190
v -27.3970 6.2263 -19.6765
v -26.9773 6.2263 -20.1767
v -27.1750 4.6000 -20.5191
v -27.7686 4.6000 -19.8117
f 23191 23192 23193 23194
v -26.9773 6.2263 -20.1767
v -26.3342 6.2263 -20.2901
v -26.2656 4.6000 -20.6795
v -27.1750 4.6000 -20.5191
f 23195 23196 23197 23198
v -26.3342 6.2263 -20.2901
v -25.7687 6.2263 -19.9636
v -25.4658 4.6000 -20.2178
v -26.2656 4.6000 -20.6795
f 23199 23200 23201 23202
v -25.7687 6.2263 -19.9636
v -25.5454 6.2263 -19.3500
v -25.1500 4.6000 -19.3500
v -25.4658 4.6000 -20.2178
f 23203 23204 23205 23206
v -25.1500 4.6000 -19.3500
v -25.4658 4.6000 -18.4822
v -25.7687 2.9737 -18.7364
v -25.5454 2.9737 -19.3500
f 23207 23208 23209 23210
v -25.4658 4.6000 -18.4822
v -26.2656 4.6000 -18.0205
v -26.3342 2.9737 -18.4099
v -25.7687 2.9737 -18.7364
f 23211 23212 23213 23214
v -26.2656 4.6000 -18.0205
v -27.1750 4.6000 -18.1809
v -26.9773 2.9737 -18.5233
v -26.3342 2.9737 -18.4099
f 23215 23216 23217 23218
v -27.1750 4.6000 -18.1809
v -27.7686 4.6000 -18.8883
v -27.3970 2.9737 -19.0235
v -26.9773 2.9737 -18.5233
f 23219 23220 23221 23222
v -27.7686 4.6000 -18.8883
v -27.7686 4.6000 -19.8117
v -27.3970 2.9737 -19.6765
v -27.3970 2.9737 -19.0235
f 23223 23224 23225 23226
v -27.7686 4.6000 -19.8117
v -27.1750 4.6000 -20.5191
v -26.9773 2.9737 -20.1767
v -27.3970 2.9737 -19.6765
f 23227 23228 23229 23230
v -27.1750 4.6000 -20.5191
v -26.2656 4.6000 -20.6795
v -26.3342 2.9737 -20.2901
v -26.9773 2.9737 -20.1767
f 23231 23232 23233 23234
v -26.2656 4.6000 -20.6795
v -25.4658 4.6000 -20.2178
v -25.7687 2.9737 -19.9636
v -26.3342 2.9737 -20.2901
f 23235 23236 23237 23238
v -25.4658 4.6000 -20.2178
v -25.1500 4.6000 -19.3500
v -25.5454 2.9737 -19.3500
v -25.7687 2.9737 -19.9636
f 23239 23240 23241 23242
v -25.5454 2.9737 -19.3500
v -25.7687 2.9737 -18.7364
v -26.5000 2.3000 -19.3500
v -26.5000 2.3000 -19.3500
f 23243 23244 23245 23246
v -25.7687 2.9737 -18.7364
v -26.3342 2.9737 -18.4099
v -26.5000 2.3000 -19.3500
v -26.5000 2.3000 -19.3500
f 23247 23248 23249 23250
v -26.3342 2.9737 -18.4099
v -26.9773 2.9737 -18.5233
v -26.5000 2.3000 -19.3500
v -26.5000 2.3000 -19.3500
f 23251 23252 23253 23254
v -26.9773 2.9737 -18.5233
v -27.3970 2.9737 -19.0235
v -26.5000 2.3000 -19.3500
v -26.5000 2.3000 -19.3500
f 23255 23256 23257 23258
v -27.3970 2.9737 -19.0235
v -27.3970 2.9737 -19.6765
v -26.5000 2.3000 -19.3500
v -26.5000 2.3000 -19.3500
f 23259 23260 23261 23262
v -27.3970 2.9737 -19.6765
v -26.9773 2.9737 -20.1767
v -26.5000 2.3000 -19.3500
v -26.5000 2.3000 -19.3500
f 23263 23264 23265 23266
v -26.9773 2.9737 -20.1767
v -26.3342 2.9737 -20.2901
v -26.5000 2.3000 -19.3500
v -26.5000 2.3000 -19.3500
f 23267 23268 23269 23270
v -26.3342 2.9737 -20.2901
v -25.7687 2.9737 -19.9636
v -26.5000 2.3000 -19.3500
v -26.5000 2.3000 -19.3500
f 23271 23272 23273 23274
v -25.7687 2.9737 -19.9636
v -25.5454 2.9737 -19.3500
v -26.5000 2.3000 -19.3500
v -26.5000 2.3000 -19.3500
f 23275 23276 23277 23278
g level_0_outside_element
usemtl trunk
v -25.4900 3.4000 -9.0000
v -25.5515 3.4000 -8.8515
v -25.7000 3.4000 -8.7900
v -25.8485 3.4000 -8.8515
v -25.9100 3.4000 -9.0000
v -25.8485 3.4000 -9.1485
v -25.7000 3.4000 -9.2100
v -25.5515 3.4000 -9.1485
f 23279 23280 23281 23282 23283 23284 23285 23286
v -25.4900 0.0000 -9.0000
v -25.5515 0.0000 -8.8515
v -25.5515 3.4000 -8.8515
v -25.4900 3.4000 -9.0000
f 23287 23288 23289 23290
v -25.5515 0.0000 -8.8515
v -25.7000 0.0000 -8.7900
v -25.7000 3.4000 -8.7900
v -25.5515 3.4000 -8.8515
f 23291 23292 23293 23294
v -25.7000 0.0000 -8.7900
v -25.8485 0.0000 -8.8515
v -25.8485 3.4000 -8.8515
v -25.7000 3.4000 -8.7900
f 23295 23296 23297 23298
v -25.8485 0.0000 -8.8515
v -25.9100 0.0000 -9.0000
v -25.9100 3.4000 -9.0000
v -25.8485 3.4000 -8.8515
f 23299 23300 23301 23302
v -25.9100 0.0000 -9.0000
v -25.8485 0.0000 -9.1485
v -25.8485 3.4000 -9.1485
v -25.9100 3.4000 -9.0000
f 23303 23304 23305 23306
v -25.8485 0.0000 -9.1485
v -25.7000 0.0000 -9.2100
v -25.7000 3.4000 -9.2100
v -25.8485 3.4000 -9.1485
f 23307 23308 23309 23310
v -25.7000 0.0000 -9.2100
v -25.5515 0.0000 -9.1485
v -25.5515 3.4000 -9.1485
v -25.7000 3.4000 -9.2100
f 23311 23312 23313 23314
v -25.5515 0.0000 -9.1485
v -25.4900 0.0000 -9.0000
v -25.4900 3.4000 -9.0000
v -25.5515 3.4000 -9.1485
f 23315 23316 23317 23318
g level_0_landscape_tree_crown
usemtl leaves
v -25.7000 8.0000 -9.0000
v -25.7000 8.0000 -9.0000
v -24.4541 7.0335 -7.9546
v -24.0737 7.0335 -9.0000
f 23319 23320 23321 23322
v -25.7000 8.0000 -9.0000
v -25.7000 8.0000 -9.0000
v -25.4176 7.0335 -7.3984
v -24.4541 7.0335 -7.9546
f 23323 23324 23325 23326
v -25.7000 8.0000 -9.0000
v -25.7000 8.0000 -9.0000
v -26.5132 7.0335 -7.5915
v -25.4176 7.0335 -7.3984
f 23327 23328 23329 23330
v -25.7000 8.0000 -9.0000
v -25.7000 8.0000 -9.0000
v -27.2283 7.0335 -8.4438
v -26.5132 7.0335 -7.5915
f 23331 23332 23333 23334
v -25.7000 8.0000 -9.0000
v -25.7000 8.0000 -9.0000
v -27.2283 7.0335 -9.5562
v -27.2283 7.0335 -8.4438
f 23335 23336 23337 23338
v -25.7000 8.0000 -9.0000
v -25.7000 8.0000 -9.0000
v -26.5132 7.0335 -10.4085
v -27.2283 7.0335 -9.5562
f 23339 23340 23341 23342
v -25.7000 8.0000 -9.0000
v -25.7000 8.0000 -9.0000
v -25.4176 7.0335 -10.6016
v -26.5132 7.0335 -10.4085
f 23343 23344 23345 23346
v -25.7000 8.0000 -9.0000
v -25.7000 8.0000 -9.0000
v -24.4541 7.0335 -10.0454
v -25.4176 7.0335 -10.6016
f 23347 23348 23349 23350
v -25.7000 8.0000 -9.0000
v -25.7000 8.0000 -9.0000
v -24.0737 7.0335 -9.0000
v -24.4541 7.0335 -10.0454
f 23351 23352 23353 23354
v -24.0737 7.0335 -9.0000
v -24.4541 7.0335 -7.9546
v -23.9381 4.7000 -7.5216
v -23.4000 4.7000 -9.0000
f 23355 23356 23357 23358
v -24.4541 7.0335 -7.9546
v -25.4176 7.0335 -7.3984
v -25.3006 4.7000 -6.7349
v -23.9381 4.7000 -7.5216
f 23359 23360 23361 23362
v -25.4176 7.0335 -7.3984
v -26.5132 7.0335 -7.5915
v -26.8500 4.7000 -7.0081
v -25.3006 4.7000 -6.7349
f 23363 23364 23365 23366
v -26.5132 7.0335 -7.5915
v -27.2283 7.0335 -8.4438
v -27.8613 4.7000 -8.2134
v -26.8500 4.7000 -7.0081
f 23367 23368 23369 23370
v -27.2283 7.0335 -8.4438
v -27.2283 7.0335 -9.5562
v -27.8613 4.7000 -9.7866
v -27.8613 4.7000 -8.2134
f 23371 23372 23373 23374
v -27.2283 7.0335 -9.5562
v -26.5132 7.0335 -10.4085
v -26.8500 4.7000 -10.9919
v -27.8613 4.7000 -9.7866
f 23375 23376 23377 23378
v -26.5132 7.0335 -10.4085
v -25.4176 7.0335 -10.6016
v -25.3006 4.7000 -11.2651
v -26.8500 4.7000 -10.9919
f 23379 23380 23381 23382
v -25.4176 7.0335 -10.6016
v -24.4541 7.0335 -10.0454
v -23.9381 4.7000 -10.4784
v -25.3006 4.7000 -11.2651
f 23383 23384 23385 23386
v -24.4541 7.0335 -10.0454
v -24.0737 7.0335 -9.0000
v -23.4000 4.7000 -9.0000
v -23.9381 4.7000 -10.4784
f 23387 23388 23389 23390
v -23.4000 4.7000 -9.0000
v -23.9381 4.7000 -7.5216
v -24.4541 2.3665 -7.9546
v -24.0737 2.3665 -9.0000
f 23391 23392 23393 23394
v -23.9381 4.7000 -7.5216
v -25.3006 4.7000 -6.7349
v -25.4176 2.3665 -7.3984
v -24.4541 2.3665 -7.9546
f 23395 23396 23397 23398
v -25.3006 4.7000 -6.7349
v -26.8500 4.7000 -7.0081
v -26.5132 2.3665 -7.5915
v -25.4176 2.3665 -7.3984
f 23399 23400 23401 23402
v -26.8500 4.7000 -7.0081
v -27.8613 4.7000 -8.2134
v -27.2283 2.3665 -8.4438
v -26.5132 2.3665 -7.5915
f 23403 23404 23405 23406
v -27.8613 4.7000 -8.2134
v -27.8613 4.7000 -9.7866
v -27.2283 2.3665 -9.5562
v -27.2283 2.3665 -8.4438
f 23407 23408 23409 23410
v -27.8613 4.7000 -9.7866
v -26.8500 4.7000 -10.9919
v -26.5132 2.3665 -10.4085
v -27.2283 2.3665 -9.5562
f 23411 23412 23413 23414
v -26.8500 4.7000 -10.9919
v -25.3006 4.7000 -11.2651
v -25.4176 2.3665 -10.6016
v -26.5132 2.3665 -10.4085
f 23415 23416 23417 23418
v -25.3006 4.7000 -11.2651
v -23.9381 4.7000 -10.4784
v -24.4541 2.3665 -10.0454
v -25.4176 2.3665 -10.6016
f 23419 23420 23421 23422
v -23.9381 4.7000 -10.4784
v -23.4000 4.7000 -9.0000
v -24.0737 2.3665 -9.0000
v -24.4541 2.3665 -10.0454
f 23423 23424 23425 23426
v -24.0737 2.3665 -9.0000
v -24.4541 2.3665 -7.9546
v -25.7000 1.4000 -9.0000
v -25.7000 1.4000 -9.0000
f 23427 23428 23429 23430
v -24.4541 2.3665 -7.9546
v -25.4176 2.3665 -7.3984
v -25.7000 1.4000 -9.0000
v -25.7000 1.4000 -9.0000
f 23431 23432 23433 23434
v -25.4176 2.3665 -7.3984
v -26.5132 2.3665 -7.5915
v -25.7000 1.4000 -9.0000
v -25.7000 1.4000 -9.0000
f 23435 23436 23437 23438
v -26.5132 2.3665 -7.5915
v -27.2283 2.3665 -8.4438
v -25.7000 1.4000 -9.0000
v -25.7000 1.4000 -9.0000
f 23439 23440 23441 23442
v -27.2283 2.3665 -8.4438
v -27.2283 2.3665 -9.5562
v -25.7000 1.4000 -9.0000
v -25.7000 1.4000 -9.0000
f 23443 23444 23445 23446
v -27.2283 2.3665 -9.5562
v -26.5132 2.3665 -10.4085
v -25.7000 1.4000 -9.0000
v -25.7000 1.4000 -9.0000
f 23447 23448 23449 23450
v -26.5132 2.3665 -10.4085
v -25.4176 2.3665 -10.6016
v -25.7000 1.4000 -9.0000
v -25.7000 1.4000 -9.0000
f 23451 23452 23453 23454
v -25.4176 2.3665 -10.6016
v -24.4541 2.3665 -10.0454
v -25.7000 1.4000 -9.0000
v -25.7000 1.4000 -9.0000
f 23455 23456 23457 23458
v -24.4541 2.3665 -10.0454
v -24.0737 2.3665 -9.0000
v -25.7000 1.4000 -9.0000
v -25.7000 1.4000 -9.0000
f 23459 23460 23461 23462
usemtl leavesLight
v -26.5000 6.9000 -8.3500
v -26.5000 6.9000 -8.3500
v -25.7687 6.2263 -7.7364
v -25.5454 6.2263 -8.3500
f 23463 23464 23465 23466
v -26.5000 6.9000 -8.3500
v -26.5000 6.9000 -8.3500
v -26.3342 6.2263 -7.4099
v -25.7687 6.2263 -7.7364
f 23467 23468 23469 23470
v -26.5000 6.9000 -8.3500
v -26.5000 6.9000 -8.3500
v -26.9773 6.2263 -7.5233
v -26.3342 6.2263 -7.4099
f 23471 23472 23473 23474
v -26.5000 6.9000 -8.3500
v -26.5000 6.9000 -8.3500
v -27.3970 6.2263 -8.0235
v -26.9773 6.2263 -7.5233
f 23475 23476 23477 23478
v -26.5000 6.9000 -8.3500
v -26.5000 6.9000 -8.3500
v -27.3970 6.2263 -8.6765
v -27.3970 6.2263 -8.0235
f 23479 23480 23481 23482
v -26.5000 6.9000 -8.3500
v -26.5000 6.9000 -8.3500
v -26.9773 6.2263 -9.1767
v -27.3970 6.2263 -8.6765
f 23483 23484 23485 23486
v -26.5000 6.9000 -8.3500
v -26.5000 6.9000 -8.3500
v -26.3342 6.2263 -9.2901
v -26.9773 6.2263 -9.1767
f 23487 23488 23489 23490
v -26.5000 6.9000 -8.3500
v -26.5000 6.9000 -8.3500
v -25.7687 6.2263 -8.9636
v -26.3342 6.2263 -9.2901
f 23491 23492 23493 23494
v -26.5000 6.9000 -8.3500
v -26.5000 6.9000 -8.3500
v -25.5454 6.2263 -8.3500
v -25.7687 6.2263 -8.9636
f 23495 23496 23497 23498
v -25.5454 6.2263 -8.3500
v -25.7687 6.2263 -7.7364
v -25.4658 4.6000 -7.4822
v -25.1500 4.6000 -8.3500
f 23499 23500 23501 23502
v -25.7687 6.2263 -7.7364
v -26.3342 6.2263 -7.4099
v -26.2656 4.6000 -7.0205
v -25.4658 4.6000 -7.4822
f 23503 23504 23505 23506
v -26.3342 6.2263 -7.4099
v -26.9773 6.2263 -7.5233
v -27.1750 4.6000 -7.1809
v -26.2656 4.6000 -7.0205
f 23507 23508 23509 23510
v -26.9773 6.2263 -7.5233
v -27.3970 6.2263 -8.0235
v -27.7686 4.6000 -7.8883
v -27.1750 4.6000 -7.1809
f 23511 23512 23513 23514
v -27.3970 6.2263 -8.0235
v -27.3970 6.2263 -8.6765
v -27.7686 4.6000 -8.8117
v -27.7686 4.6000 -7.8883
f 23515 23516 23517 23518
v -27.3970 6.2263 -8.6765
v -26.9773 6.2263 -9.1767
v -27.1750 4.6000 -9.5191
v -27.7686 4.6000 -8.8117
f 23519 23520 23521 23522
v -26.9773 6.2263 -9.1767
v -26.3342 6.2263 -9.2901
v -26.2656 4.6000 -9.6795
v -27.1750 4.6000 -9.5191
f 23523 23524 23525 23526
v -26.3342 6.2263 -9.2901
v -25.7687 6.2263 -8.9636
v -25.4658 4.6000 -9.2178
v -26.2656 4.6000 -9.6795
f 23527 23528 23529 23530
v -25.7687 6.2263 -8.9636
v -25.5454 6.2263 -8.3500
v -25.1500 4.6000 -8.3500
v -25.4658 4.6000 -9.2178
f 23531 23532 23533 23534
v -25.1500 4.6000 -8.3500
v -25.4658 4.6000 -7.4822
v -25.7687 2.9737 -7.7364
v -25.5454 2.9737 -8.3500
f 23535 23536 23537 23538
v -25.4658 4.6000 -7.4822
v -26.2656 4.6000 -7.0205
v -26.3342 2.9737 -7.4099
v -25.7687 2.9737 -7.7364
f 23539 23540 23541 23542
v -26.2656 4.6000 -7.0205
v -27.1750 4.6000 -7.1809
v -26.9773 2.9737 -7.5233
v -26.3342 2.9737 -7.4099
f 23543 23544 23545 23546
v -27.1750 4.6000 -7.1809
v -27.7686 4.6000 -7.8883
v -27.3970 2.9737 -8.0235
v -26.9773 2.9737 -7.5233
f 23547 23548 23549 23550
v -27.7686 4.6000 -7.8883
v -27.7686 4.6000 -8.8117
v -27.3970 2.9737 -8.6765
v -27.3970 2.9737 -8.0235
f 23551 23552 23553 23554
v -27.7686 4.6000 -8.8117
v -27.1750 4.6000 -9.5191
v -26.9773 2.9737 -9.1767
v -27.3970 2.9737 -8.6765
f 23555 23556 23557 23558
v -27.1750 4.6000 -9.5191
v -26.2656 4.6000 -9.6795
v -26.3342 2.9737 -9.2901
v -26.9773 2.9737 -9.1767
f 23559 23560 23561 23562
v -26.2656 4.6000 -9.6795
v -25.4658 4.6000 -9.2178
v -25.7687 2.9737 -8.9636
v -26.3342 2.9737 -9.2901
f 23563 23564 23565 23566
v -25.4658 4.6000 -9.2178
v -25.1500 4.6000 -8.3500
v -25.5454 2.9737 -8.3500
v -25.7687 2.9737 -8.9636
f 23567 23568 23569 23570
v -25.5454 2.9737 -8.3500
v -25.7687 2.9737 -7.7364
v -26.5000 2.3000 -8.3500
v -26.5000 2.3000 -8.3500
f 23571 23572 23573 23574
v -25.7687 2.9737 -7.7364
v -26.3342 2.9737 -7.4099
v -26.5000 2.3000 -8.3500
v -26.5000 2.3000 -8.3500
f 23575 23576 23577 23578
v -26.3342 2.9737 -7.4099
v -26.9773 2.9737 -7.5233
v -26.5000 2.3000 -8.3500
v -26.5000 2.3000 -8.3500
f 23579 23580 23581 23582
v -26.9773 2.9737 -7.5233
v -27.3970 2.9737 -8.0235
v -26.5000 2.3000 -8.3500
v -26.5000 2.3000 -8.3500
f 23583 23584 23585 23586
v -27.3970 2.9737 -8.0235
v -27.3970 2.9737 -8.6765
v -26.5000 2.3000 -8.3500
v -26.5000 2.3000 -8.3500
f 23587 23588 23589 23590
v -27.3970 2.9737 -8.6765
v -26.9773 2.9737 -9.1767
v -26.5000 2.3000 -8.3500
v -26.5000 2.3000 -8.3500
f 23591 23592 23593 23594
v -26.9773 2.9737 -9.1767
v -26.3342 2.9737 -9.2901
v -26.5000 2.3000 -8.3500
v -26.5000 2.3000 -8.3500
f 23595 23596 23597 23598
v -26.3342 2.9737 -9.2901
v -25.7687 2.9737 -8.9636
v -26.5000 2.3000 -8.3500
v -26.5000 2.3000 -8.3500
f 23599 23600 23601 23602
v -25.7687 2.9737 -8.9636
v -25.5454 2.9737 -8.3500
v -26.5000 2.3000 -8.3500
v -26.5000 2.3000 -8.3500
f 23603 23604 23605 23606
g level_0_outside_element
usemtl trunk
v -25.4900 3.4000 2.0000
v -25.5515 3.4000 2.1485
v -25.7000 3.4000 2.2100
v -25.8485 3.4000 2.1485
v -25.9100 3.4000 2.0000
v -25.8485 3.4000 1.8515
v -25.7000 3.4000 1.7900
v -25.5515 3.4000 1.8515
f 23607 23608 23609 23610 23611 23612 23613 23614
v -25.4900 0.0000 2.0000
v -25.5515 0.0000 2.1485
v -25.5515 3.4000 2.1485
v -25.4900 3.4000 2.0000
f 23615 23616 23617 23618
v -25.5515 0.0000 2.1485
v -25.7000 0.0000 2.2100
v -25.7000 3.4000 2.2100
v -25.5515 3.4000 2.1485
f 23619 23620 23621 23622
v -25.7000 0.0000 2.2100
v -25.8485 0.0000 2.1485
v -25.8485 3.4000 2.1485
v -25.7000 3.4000 2.2100
f 23623 23624 23625 23626
v -25.8485 0.0000 2.1485
v -25.9100 0.0000 2.0000
v -25.9100 3.4000 2.0000
v -25.8485 3.4000 2.1485
f 23627 23628 23629 23630
v -25.9100 0.0000 2.0000
v -25.8485 0.0000 1.8515
v -25.8485 3.4000 1.8515
v -25.9100 3.4000 2.0000
f 23631 23632 23633 23634
v -25.8485 0.0000 1.8515
v -25.7000 0.0000 1.7900
v -25.7000 3.4000 1.7900
v -25.8485 3.4000 1.8515
f 23635 23636 23637 23638
v -25.7000 0.0000 1.7900
v -25.5515 0.0000 1.8515
v -25.5515 3.4000 1.8515
v -25.7000 3.4000 1.7900
f 23639 23640 23641 23642
v -25.5515 0.0000 1.8515
v -25.4900 0.0000 2.0000
v -25.4900 3.4000 2.0000
v -25.5515 3.4000 1.8515
f 23643 23644 23645 23646
g level_0_landscape_tree_crown
usemtl leaves
v -25.7000 8.0000 2.0000
v -25.7000 8.0000 2.0000
v -24.4541 7.0335 3.0454
v -24.0737 7.0335 2.0000
f 23647 23648 23649 23650
v -25.7000 8.0000 2.0000
v -25.7000 8.0000 2.0000
v -25.4176 7.0335 3.6016
v -24.4541 7.0335 3.0454
f 23651 23652 23653 23654
v -25.7000 8.0000 2.0000
v -25.7000 8.0000 2.0000
v -26.5132 7.0335 3.4085
v -25.4176 7.0335 3.6016
f 23655 23656 23657 23658
v -25.7000 8.0000 2.0000
v -25.7000 8.0000 2.0000
v -27.2283 7.0335 2.5562
v -26.5132 7.0335 3.4085
f 23659 23660 23661 23662
v -25.7000 8.0000 2.0000
v -25.7000 8.0000 2.0000
v -27.2283 7.0335 1.4438
v -27.2283 7.0335 2.5562
f 23663 23664 23665 23666
v -25.7000 8.0000 2.0000
v -25.7000 8.0000 2.0000
v -26.5132 7.0335 0.5915
v -27.2283 7.0335 1.4438
f 23667 23668 23669 23670
v -25.7000 8.0000 2.0000
v -25.7000 8.0000 2.0000
v -25.4176 7.0335 0.3984
v -26.5132 7.0335 0.5915
f 23671 23672 23673 23674
v -25.7000 8.0000 2.0000
v -25.7000 8.0000 2.0000
v -24.4541 7.0335 0.9546
v -25.4176 7.0335 0.3984
f 23675 23676 23677 23678
v -25.7000 8.0000 2.0000
v -25.7000 8.0000 2.0000
v -24.0737 7.0335 2.0000
v -24.4541 7.0335 0.9546
f 23679 23680 23681 23682
v -24.0737 7.0335 2.0000
v -24.4541 7.0335 3.0454
v -23.9381 4.7000 3.4784
v -23.4000 4.7000 2.0000
f 23683 23684 23685 23686
v -24.4541 7.0335 3.0454
v -25.4176 7.0335 3.6016
v -25.3006 4.7000 4.2651
v -23.9381 4.7000 3.4784
f 23687 23688 23689 23690
v -25.4176 7.0335 3.6016
v -26.5132 7.0335 3.4085
v -26.8500 4.7000 3.9919
v -25.3006 4.7000 4.2651
f 23691 23692 23693 23694
v -26.5132 7.0335 3.4085
v -27.2283 7.0335 2.5562
v -27.8613 4.7000 2.7866
v -26.8500 4.7000 3.9919
f 23695 23696 23697 23698
v -27.2283 7.0335 2.5562
v -27.2283 7.0335 1.4438
v -27.8613 4.7000 1.2134
v -27.8613 4.7000 2.7866
f 23699 23700 23701 23702
v -27.2283 7.0335 1.4438
v -26.5132 7.0335 0.5915
v -26.8500 4.7000 0.0081
v -27.8613 4.7000 1.2134
f 23703 23704 23705 23706
v -26.5132 7.0335 0.5915
v -25.4176 7.0335 0.3984
v -25.3006 4.7000 -0.2651
v -26.8500 4.7000 0.0081
f 23707 23708 23709 23710
v -25.4176 7.0335 0.3984
v -24.4541 7.0335 0.9546
v -23.9381 4.7000 0.5216
v -25.3006 4.7000 -0.2651
f 23711 23712 23713 23714
v -24.4541 7.0335 0.9546
v -24.0737 7.0335 2.0000
v -23.4000 4.7000 2.0000
v -23.9381 4.7000 0.5216
f 23715 23716 23717 23718
v -23.4000 4.7000 2.0000
v -23.9381 4.7000 3.4784
v -24.4541 2.3665 3.0454
v -24.0737 2.3665 2.0000
f 23719 23720 23721 23722
v -23.9381 4.7000 3.4784
v -25.3006 4.7000 4.2651
v -25.4176 2.3665 3.6016
v -24.4541 2.3665 3.0454
f 23723 23724 23725 23726
v -25.3006 4.7000 4.2651
v -26.8500 4.7000 3.9919
v -26.5132 2.3665 3.4085
v -25.4176 2.3665 3.6016
f 23727 23728 23729 23730
v -26.8500 4.7000 3.9919
v -27.8613 4.7000 2.7866
v -27.2283 2.3665 2.5562
v -26.5132 2.3665 3.4085
f 23731 23732 23733 23734
v -27.8613 4.7000 2.7866
v -27.8613 4.7000 1.2134
v -27.2283 2.3665 1.4438
v -27.2283 2.3665 2.5562
f 23735 23736 23737 23738
v -27.8613 4.7000 1.2134
v -26.8500 4.7000 0.0081
v -26.5132 2.3665 0.5915
v -27.2283 2.3665 1.4438
f 23739 23740 23741 23742
v -26.8500 4.7000 0.0081
v -25.3006 4.7000 -0.2651
v -25.4176 2.3665 0.3984
v -26.5132 2.3665 0.5915
f 23743 23744 23745 23746
v -25.3006 4.7000 -0.2651
v -23.9381 4.7000 0.5216
v -24.4541 2.3665 0.9546
v -25.4176 2.3665 0.3984
f 23747 23748 23749 23750
v -23.9381 4.7000 0.5216
v -23.4000 4.7000 2.0000
v -24.0737 2.3665 2.0000
v -24.4541 2.3665 0.9546
f 23751 23752 23753 23754
v -24.0737 2.3665 2.0000
v -24.4541 2.3665 3.0454
v -25.7000 1.4000 2.0000
v -25.7000 1.4000 2.0000
f 23755 23756 23757 23758
v -24.4541 2.3665 3.0454
v -25.4176 2.3665 3.6016
v -25.7000 1.4000 2.0000
v -25.7000 1.4000 2.0000
f 23759 23760 23761 23762
v -25.4176 2.3665 3.6016
v -26.5132 2.3665 3.4085
v -25.7000 1.4000 2.0000
v -25.7000 1.4000 2.0000
f 23763 23764 23765 23766
v -26.5132 2.3665 3.4085
v -27.2283 2.3665 2.5562
v -25.7000 1.4000 2.0000
v -25.7000 1.4000 2.0000
f 23767 23768 23769 23770
v -27.2283 2.3665 2.5562
v -27.2283 2.3665 1.4438
v -25.7000 1.4000 2.0000
v -25.7000 1.4000 2.0000
f 23771 23772 23773 23774
v -27.2283 2.3665 1.4438
v -26.5132 2.3665 0.5915
v -25.7000 1.4000 2.0000
v -25.7000 1.4000 2.0000
f 23775 23776 23777 23778
v -26.5132 2.3665 0.5915
v -25.4176 2.3665 0.3984
v -25.7000 1.4000 2.0000
v -25.7000 1.4000 2.0000
f 23779 23780 23781 23782
v -25.4176 2.3665 0.3984
v -24.4541 2.3665 0.9546
v -25.7000 1.4000 2.0000
v -25.7000 1.4000 2.0000
f 23783 23784 23785 23786
v -24.4541 2.3665 0.9546
v -24.0737 2.3665 2.0000
v -25.7000 1.4000 2.0000
v -25.7000 1.4000 2.0000
f 23787 23788 23789 23790
usemtl leavesLight
v -26.5000 6.9000 2.6500
v -26.5000 6.9000 2.6500
v -25.7687 6.2263 3.2636
v -25.5454 6.2263 2.6500
f 23791 23792 23793 23794
v -26.5000 6.9000 2.6500
v -26.5000 6.9000 2.6500
v -26.3342 6.2263 3.5901
v -25.7687 6.2263 3.2636
f 23795 23796 23797 23798
v -26.5000 6.9000 2.6500
v -26.5000 6.9000 2.6500
v -26.9773 6.2263 3.4767
v -26.3342 6.2263 3.5901
f 23799 23800 23801 23802
v -26.5000 6.9000 2.6500
v -26.5000 6.9000 2.6500
v -27.3970 6.2263 2.9765
v -26.9773 6.2263 3.4767
f 23803 23804 23805 23806
v -26.5000 6.9000 2.6500
v -26.5000 6.9000 2.6500
v -27.3970 6.2263 2.3235
v -27.3970 6.2263 2.9765
f 23807 23808 23809 23810
v -26.5000 6.9000 2.6500
v -26.5000 6.9000 2.6500
v -26.9773 6.2263 1.8233
v -27.3970 6.2263 2.3235
f 23811 23812 23813 23814
v -26.5000 6.9000 2.6500
v -26.5000 6.9000 2.6500
v -26.3342 6.2263 1.7099
v -26.9773 6.2263 1.8233
f 23815 23816 23817 23818
v -26.5000 6.9000 2.6500
v -26.5000 6.9000 2.6500
v -25.7687 6.2263 2.0364
v -26.3342 6.2263 1.7099
f 23819 23820 23821 23822
v -26.5000 6.9000 2.6500
v -26.5000 6.9000 2.6500
v -25.5454 6.2263 2.6500
v -25.7687 6.2263 2.0364
f 23823 23824 23825 23826
v -25.5454 6.2263 2.6500
v -25.7687 6.2263 3.2636
v -25.4658 4.6000 3.5178
v -25.1500 4.6000 2.6500
f 23827 23828 23829 23830
v -25.7687 6.2263 3.2636
v -26.3342 6.2263 3.5901
v -26.2656 4.6000 3.9795
v -25.4658 4.6000 3.5178
f 23831 23832 23833 23834
v -26.3342 6.2263 3.5901
v -26.9773 6.2263 3.4767
v -27.1750 4.6000 3.8191
v -26.2656 4.6000 3.9795
f 23835 23836 23837 23838
v -26.9773 6.2263 3.4767
v -27.3970 6.2263 2.9765
v -27.7686 4.6000 3.1117
v -27.1750 4.6000 3.8191
f 23839 23840 23841 23842
v -27.3970 6.2263 2.9765
v -27.3970 6.2263 2.3235
v -27.7686 4.6000 2.1883
v -27.7686 4.6000 3.1117
f 23843 23844 23845 23846
v -27.3970 6.2263 2.3235
v -26.9773 6.2263 1.8233
v -27.1750 4.6000 1.4809
v -27.7686 4.6000 2.1883
f 23847 23848 23849 23850
v -26.9773 6.2263 1.8233
v -26.3342 6.2263 1.7099
v -26.2656 4.6000 1.3205
v -27.1750 4.6000 1.4809
f 23851 23852 23853 23854
v -26.3342 6.2263 1.7099
v -25.7687 6.2263 2.0364
v -25.4658 4.6000 1.7822
v -26.2656 4.6000 1.3205
f 23855 23856 23857 23858
v -25.7687 6.2263 2.0364
v -25.5454 6.2263 2.6500
v -25.1500 4.6000 2.6500
v -25.4658 4.6000 1.7822
f 23859 23860 23861 23862
v -25.1500 4.6000 2.6500
v -25.4658 4.6000 3.5178
v -25.7687 2.9737 3.2636
v -25.5454 2.9737 2.6500
f 23863 23864 23865 23866
v -25.4658 4.6000 3.5178
v -26.2656 4.6000 3.9795
v -26.3342 2.9737 3.5901
v -25.7687 2.9737 3.2636
f 23867 23868 23869 23870
v -26.2656 4.6000 3.9795
v -27.1750 4.6000 3.8191
v -26.9773 2.9737 3.4767
v -26.3342 2.9737 3.5901
f 23871 23872 23873 23874
v -27.1750 4.6000 3.8191
v -27.7686 4.6000 3.1117
v -27.3970 2.9737 2.9765
v -26.9773 2.9737 3.4767
f 23875 23876 23877 23878
v -27.7686 4.6000 3.1117
v -27.7686 4.6000 2.1883
v -27.3970 2.9737 2.3235
v -27.3970 2.9737 2.9765
f 23879 23880 23881 23882
v -27.7686 4.6000 2.1883
v -27.1750 4.6000 1.4809
v -26.9773 2.9737 1.8233
v -27.3970 2.9737 2.3235
f 23883 23884 23885 23886
v -27.1750 4.6000 1.4809
v -26.2656 4.6000 1.3205
v -26.3342 2.9737 1.7099
v -26.9773 2.9737 1.8233
f 23887 23888 23889 23890
v -26.2656 4.6000 1.3205
v -25.4658 4.6000 1.7822
v -25.7687 2.9737 2.0364
v -26.3342 2.9737 1.7099
f 23891 23892 23893 23894
v -25.4658 4.6000 1.7822
v -25.1500 4.6000 2.6500
v -25.5454 2.9737 2.6500
v -25.7687 2.9737 2.0364
f 23895 23896 23897 23898
v -25.5454 2.9737 2.6500
v -25.7687 2.9737 3.2636
v -26.5000 2.3000 2.6500
v -26.5000 2.3000 2.6500
f 23899 23900 23901 23902
v -25.7687 2.9737 3.2636
v -26.3342 2.9737 3.5901
v -26.5000 2.3000 2.6500
v -26.5000 2.3000 2.6500
f 23903 23904 23905 23906
v -26.3342 2.9737 3.5901
v -26.9773 2.9737 3.4767
v -26.5000 2.3000 2.6500
v -26.5000 2.3000 2.6500
f 23907 23908 23909 23910
v -26.9773 2.9737 3.4767
v -27.3970 2.9737 2.9765
v -26.5000 2.3000 2.6500
v -26.5000 2.3000 2.6500
f 23911 23912 23913 23914
v -27.3970 2.9737 2.9765
v -27.3970 2.9737 2.3235
v -26.5000 2.3000 2.6500
v -26.5000 2.3000 2.6500
f 23915 23916 23917 23918
v -27.3970 2.9737 2.3235
v -26.9773 2.9737 1.8233
v -26.5000 2.3000 2.6500
v -26.5000 2.3000 2.6500
f 23919 23920 23921 23922
v -26.9773 2.9737 1.8233
v -26.3342 2.9737 1.7099
v -26.5000 2.3000 2.6500
v -26.5000 2.3000 2.6500
f 23923 23924 23925 23926
v -26.3342 2.9737 1.7099
v -25.7687 2.9737 2.0364
v -26.5000 2.3000 2.6500
v -26.5000 2.3000 2.6500
f 23927 23928 23929 23930
v -25.7687 2.9737 2.0364
v -25.5454 2.9737 2.6500
v -26.5000 2.3000 2.6500
v -26.5000 2.3000 2.6500
f 23931 23932 23933 23934
g level_0_outside_element
usemtl trunk
v -25.4900 3.4000 13.0000
v -25.5515 3.4000 13.1485
v -25.7000 3.4000 13.2100
v -25.8485 3.4000 13.1485
v -25.9100 3.4000 13.0000
v -25.8485 3.4000 12.8515
v -25.7000 3.4000 12.7900
v -25.5515 3.4000 12.8515
f 23935 23936 23937 23938 23939 23940 23941 23942
v -25.4900 0.0000 13.0000
v -25.5515 0.0000 13.1485
v -25.5515 3.4000 13.1485
v -25.4900 3.4000 13.0000
f 23943 23944 23945 23946
v -25.5515 0.0000 13.1485
v -25.7000 0.0000 13.2100
v -25.7000 3.4000 13.2100
v -25.5515 3.4000 13.1485
f 23947 23948 23949 23950
v -25.7000 0.0000 13.2100
v -25.8485 0.0000 13.1485
v -25.8485 3.4000 13.1485
v -25.7000 3.4000 13.2100
f 23951 23952 23953 23954
v -25.8485 0.0000 13.1485
v -25.9100 0.0000 13.0000
v -25.9100 3.4000 13.0000
v -25.8485 3.4000 13.1485
f 23955 23956 23957 23958
v -25.9100 0.0000 13.0000
v -25.8485 0.0000 12.8515
v -25.8485 3.4000 12.8515
v -25.9100 3.4000 13.0000
f 23959 23960 23961 23962
v -25.8485 0.0000 12.8515
v -25.7000 0.0000 12.7900
v -25.7000 3.4000 12.7900
v -25.8485 3.4000 12.8515
f 23963 23964 23965 23966
v -25.7000 0.0000 12.7900
v -25.5515 0.0000 12.8515
v -25.5515 3.4000 12.8515
v -25.7000 3.4000 12.7900
f 23967 23968 23969 23970
v -25.5515 0.0000 12.8515
v -25.4900 0.0000 13.0000
v -25.4900 3.4000 13.0000
v -25.5515 3.4000 12.8515
f 23971 23972 23973 23974
g level_0_landscape_tree_crown
usemtl leaves
v -25.7000 8.0000 13.0000
v -25.7000 8.0000 13.0000
v -24.4541 7.0335 14.0454
v -24.0737 7.0335 13.0000
f 23975 23976 23977 23978
v -25.7000 8.0000 13.0000
v -25.7000 8.0000 13.0000
v -25.4176 7.0335 14.6016
v -24.4541 7.0335 14.0454
f 23979 23980 23981 23982
v -25.7000 8.0000 13.0000
v -25.7000 8.0000 13.0000
v -26.5132 7.0335 14.4085
v -25.4176 7.0335 14.6016
f 23983 23984 23985 23986
v -25.7000 8.0000 13.0000
v -25.7000 8.0000 13.0000
v -27.2283 7.0335 13.5562
v -26.5132 7.0335 14.4085
f 23987 23988 23989 23990
v -25.7000 8.0000 13.0000
v -25.7000 8.0000 13.0000
v -27.2283 7.0335 12.4438
v -27.2283 7.0335 13.5562
f 23991 23992 23993 23994
v -25.7000 8.0000 13.0000
v -25.7000 8.0000 13.0000
v -26.5132 7.0335 11.5915
v -27.2283 7.0335 12.4438
f 23995 23996 23997 23998
v -25.7000 8.0000 13.0000
v -25.7000 8.0000 13.0000
v -25.4176 7.0335 11.3984
v -26.5132 7.0335 11.5915
f 23999 24000 24001 24002
v -25.7000 8.0000 13.0000
v -25.7000 8.0000 13.0000
v -24.4541 7.0335 11.9546
v -25.4176 7.0335 11.3984
f 24003 24004 24005 24006
v -25.7000 8.0000 13.0000
v -25.7000 8.0000 13.0000
v -24.0737 7.0335 13.0000
v -24.4541 7.0335 11.9546
f 24007 24008 24009 24010
v -24.0737 7.0335 13.0000
v -24.4541 7.0335 14.0454
v -23.9381 4.7000 14.4784
v -23.4000 4.7000 13.0000
f 24011 24012 24013 24014
v -24.4541 7.0335 14.0454
v -25.4176 7.0335 14.6016
v -25.3006 4.7000 15.2651
v -23.9381 4.7000 14.4784
f 24015 24016 24017 24018
v -25.4176 7.0335 14.6016
v -26.5132 7.0335 14.4085
v -26.8500 4.7000 14.9919
v -25.3006 4.7000 15.2651
f 24019 24020 24021 24022
v -26.5132 7.0335 14.4085
v -27.2283 7.0335 13.5562
v -27.8613 4.7000 13.7866
v -26.8500 4.7000 14.9919
f 24023 24024 24025 24026
v -27.2283 7.0335 13.5562
v -27.2283 7.0335 12.4438
v -27.8613 4.7000 12.2134
v -27.8613 4.7000 13.7866
f 24027 24028 24029 24030
v -27.2283 7.0335 12.4438
v -26.5132 7.0335 11.5915
v -26.8500 4.7000 11.0081
v -27.8613 4.7000 12.2134
f 24031 24032 24033 24034
v -26.5132 7.0335 11.5915
v -25.4176 7.0335 11.3984
v -25.3006 4.7000 10.7349
v -26.8500 4.7000 11.0081
f 24035 24036 24037 24038
v -25.4176 7.0335 11.3984
v -24.4541 7.0335 11.9546
v -23.9381 4.7000 11.5216
v -25.3006 4.7000 10.7349
f 24039 24040 24041 24042
v -24.4541 7.0335 11.9546
v -24.0737 7.0335 13.0000
v -23.4000 4.7000 13.0000
v -23.9381 4.7000 11.5216
f 24043 24044 24045 24046
v -23.4000 4.7000 13.0000
v -23.9381 4.7000 14.4784
v -24.4541 2.3665 14.0454
v -24.0737 2.3665 13.0000
f 24047 24048 24049 24050
v -23.9381 4.7000 14.4784
v -25.3006 4.7000 15.2651
v -25.4176 2.3665 14.6016
v -24.4541 2.3665 14.0454
f 24051 24052 24053 24054
v -25.3006 4.7000 15.2651
v -26.8500 4.7000 14.9919
v -26.5132 2.3665 14.4085
v -25.4176 2.3665 14.6016
f 24055 24056 24057 24058
v -26.8500 4.7000 14.9919
v -27.8613 4.7000 13.7866
v -27.2283 2.3665 13.5562
v -26.5132 2.3665 14.4085
f 24059 24060 24061 24062
v -27.8613 4.7000 13.7866
v -27.8613 4.7000 12.2134
v -27.2283 2.3665 12.4438
v -27.2283 2.3665 13.5562
f 24063 24064 24065 24066
v -27.8613 4.7000 12.2134
v -26.8500 4.7000 11.0081
v -26.5132 2.3665 11.5915
v -27.2283 2.3665 12.4438
f 24067 24068 24069 24070
v -26.8500 4.7000 11.0081
v -25.3006 4.7000 10.7349
v -25.4176 2.3665 11.3984
v -26.5132 2.3665 11.5915
f 24071 24072 24073 24074
v -25.3006 4.7000 10.7349
v -23.9381 4.7000 11.5216
v -24.4541 2.3665 11.9546
v -25.4176 2.3665 11.3984
f 24075 24076 24077 24078
v -23.9381 4.7000 11.5216
v -23.4000 4.7000 13.0000
v -24.0737 2.3665 13.0000
v -24.4541 2.3665 11.9546
f 24079 24080 24081 24082
v -24.0737 2.3665 13.0000
v -24.4541 2.3665 14.0454
v -25.7000 1.4000 13.0000
v -25.7000 1.4000 13.0000
f 24083 24084 24085 24086
v -24.4541 2.3665 14.0454
v -25.4176 2.3665 14.6016
v -25.7000 1.4000 13.0000
v -25.7000 1.4000 13.0000
f 24087 24088 24089 24090
v -25.4176 2.3665 14.6016
v -26.5132 2.3665 14.4085
v -25.7000 1.4000 13.0000
v -25.7000 1.4000 13.0000
f 24091 24092 24093 24094
v -26.5132 2.3665 14.4085
v -27.2283 2.3665 13.5562
v -25.7000 1.4000 13.0000
v -25.7000 1.4000 13.0000
f 24095 24096 24097 24098
v -27.2283 2.3665 13.5562
v -27.2283 2.3665 12.4438
v -25.7000 1.4000 13.0000
v -25.7000 1.4000 13.0000
f 24099 24100 24101 24102
v -27.2283 2.3665 12.4438
v -26.5132 2.3665 11.5915
v -25.7000 1.4000 13.0000
v -25.7000 1.4000 13.0000
f 24103 24104 24105 24106
v -26.5132 2.3665 11.5915
v -25.4176 2.3665 11.3984
v -25.7000 1.4000 13.0000
v -25.7000 1.4000 13.0000
f 24107 24108 24109 24110
v -25.4176 2.3665 11.3984
v -24.4541 2.3665 11.9546
v -25.7000 1.4000 13.0000
v -25.7000 1.4000 13.0000
f 24111 24112 24113 24114
v -24.4541 2.3665 11.9546
v -24.0737 2.3665 13.0000
v -25.7000 1.4000 13.0000
v -25.7000 1.4000 13.0000
f 24115 24116 24117 24118
usemtl leavesLight
v -26.5000 6.9000 13.6500
v -26.5000 6.9000 13.6500
v -25.7687 6.2263 14.2636
v -25.5454 6.2263 13.6500
f 24119 24120 24121 24122
v -26.5000 6.9000 13.6500
v -26.5000 6.9000 13.6500
v -26.3342 6.2263 14.5901
v -25.7687 6.2263 14.2636
f 24123 24124 24125 24126
v -26.5000 6.9000 13.6500
v -26.5000 6.9000 13.6500
v -26.9773 6.2263 14.4767
v -26.3342 6.2263 14.5901
f 24127 24128 24129 24130
v -26.5000 6.9000 13.6500
v -26.5000 6.9000 13.6500
v -27.3970 6.2263 13.9765
v -26.9773 6.2263 14.4767
f 24131 24132 24133 24134
v -26.5000 6.9000 13.6500
v -26.5000 6.9000 13.6500
v -27.3970 6.2263 13.3235
v -27.3970 6.2263 13.9765
f 24135 24136 24137 24138
v -26.5000 6.9000 13.6500
v -26.5000 6.9000 13.6500
v -26.9773 6.2263 12.8233
v -27.3970 6.2263 13.3235
f 24139 24140 24141 24142
v -26.5000 6.9000 13.6500
v -26.5000 6.9000 13.6500
v -26.3342 6.2263 12.7099
v -26.9773 6.2263 12.8233
f 24143 24144 24145 24146
v -26.5000 6.9000 13.6500
v -26.5000 6.9000 13.6500
v -25.7687 6.2263 13.0364
v -26.3342 6.2263 12.7099
f 24147 24148 24149 24150
v -26.5000 6.9000 13.6500
v -26.5000 6.9000 13.6500
v -25.5454 6.2263 13.6500
v -25.7687 6.2263 13.0364
f 24151 24152 24153 24154
v -25.5454 6.2263 13.6500
v -25.7687 6.2263 14.2636
v -25.4658 4.6000 14.5178
v -25.1500 4.6000 13.6500
f 24155 24156 24157 24158
v -25.7687 6.2263 14.2636
v -26.3342 6.2263 14.5901
v -26.2656 4.6000 14.9795
v -25.4658 4.6000 14.5178
f 24159 24160 24161 24162
v -26.3342 6.2263 14.5901
v -26.9773 6.2263 14.4767
v -27.1750 4.6000 14.8191
v -26.2656 4.6000 14.9795
f 24163 24164 24165 24166
v -26.9773 6.2263 14.4767
v -27.3970 6.2263 13.9765
v -27.7686 4.6000 14.1117
v -27.1750 4.6000 14.8191
f 24167 24168 24169 24170
v -27.3970 6.2263 13.9765
v -27.3970 6.2263 13.3235
v -27.7686 4.6000 13.1883
v -27.7686 4.6000 14.1117
f 24171 24172 24173 24174
v -27.3970 6.2263 13.3235
v -26.9773 6.2263 12.8233
v -27.1750 4.6000 12.4809
v -27.7686 4.6000 13.1883
f 24175 24176 24177 24178
v -26.9773 6.2263 12.8233
v -26.3342 6.2263 12.7099
v -26.2656 4.6000 12.3205
v -27.1750 4.6000 12.4809
f 24179 24180 24181 24182
v -26.3342 6.2263 12.7099
v -25.7687 6.2263 13.0364
v -25.4658 4.6000 12.7822
v -26.2656 4.6000 12.3205
f 24183 24184 24185 24186
v -25.7687 6.2263 13.0364
v -25.5454 6.2263 13.6500
v -25.1500 4.6000 13.6500
v -25.4658 4.6000 12.7822
f 24187 24188 24189 24190
v -25.1500 4.6000 13.6500
v -25.4658 4.6000 14.5178
v -25.7687 2.9737 14.2636
v -25.5454 2.9737 13.6500
f 24191 24192 24193 24194
v -25.4658 4.6000 14.5178
v -26.2656 4.6000 14.9795
v -26.3342 2.9737 14.5901
v -25.7687 2.9737 14.2636
f 24195 24196 24197 24198
v -26.2656 4.6000 14.9795
v -27.1750 4.6000 14.8191
v -26.9773 2.9737 14.4767
v -26.3342 2.9737 14.5901
f 24199 24200 24201 24202
v -27.1750 4.6000 14.8191
v -27.7686 4.6000 14.1117
v -27.3970 2.9737 13.9765
v -26.9773 2.9737 14.4767
f 24203 24204 24205 24206
v -27.7686 4.6000 14.1117
v -27.7686 4.6000 13.1883
v -27.3970 2.9737 13.3235
v -27.3970 2.9737 13.9765
f 24207 24208 24209 24210
v -27.7686 4.6000 13.1883
v -27.1750 4.6000 12.4809
v -26.9773 2.9737 12.8233
v -27.3970 2.9737 13.3235
f 24211 24212 24213 24214
v -27.1750 4.6000 12.4809
v -26.2656 4.6000 12.3205
v -26.3342 2.9737 12.7099
v -26.9773 2.9737 12.8233
f 24215 24216 24217 24218
v -26.2656 4.6000 12.3205
v -25.4658 4.6000 12.7822
v -25.7687 2.9737 13.0364
v -26.3342 2.9737 12.7099
f 24219 24220 24221 24222
v -25.4658 4.6000 12.7822
v -25.1500 4.6000 13.6500
v -25.5454 2.9737 13.6500
v -25.7687 2.9737 13.0364
f 24223 24224 24225 24226
v -25.5454 2.9737 13.6500
v -25.7687 2.9737 14.2636
v -26.5000 2.3000 13.6500
v -26.5000 2.3000 13.6500
f 24227 24228 24229 24230
v -25.7687 2.9737 14.2636
v -26.3342 2.9737 14.5901
v -26.5000 2.3000 13.6500
v -26.5000 2.3000 13.6500
f 24231 24232 24233 24234
v -26.3342 2.9737 14.5901
v -26.9773 2.9737 14.4767
v -26.5000 2.3000 13.6500
v -26.5000 2.3000 13.6500
f 24235 24236 24237 24238
v -26.9773 2.9737 14.4767
v -27.3970 2.9737 13.9765
v -26.5000 2.3000 13.6500
v -26.5000 2.3000 13.6500
f 24239 24240 24241 24242
v -27.3970 2.9737 13.9765
v -27.3970 2.9737 13.3235
v -26.5000 2.3000 13.6500
v -26.5000 2.3000 13.6500
f 24243 24244 24245 24246
v -27.3970 2.9737 13.3235
v -26.9773 2.9737 12.8233
v -26.5000 2.3000 13.6500
v -26.5000 2.3000 13.6500
f 24247 24248 24249 24250
v -26.9773 2.9737 12.8233
v -26.3342 2.9737 12.7099
v -26.5000 2.3000 13.6500
v -26.5000 2.3000 13.6500
f 24251 24252 24253 24254
v -26.3342 2.9737 12.7099
v -25.7687 2.9737 13.0364
v -26.5000 2.3000 13.6500
v -26.5000 2.3000 13.6500
f 24255 24256 24257 24258
v -25.7687 2.9737 13.0364
v -25.5454 2.9737 13.6500
v -26.5000 2.3000 13.6500
v -26.5000 2.3000 13.6500
f 24259 24260 24261 24262
g level_0_outside_element
usemtl trunk
v -25.4900 3.4000 26.0000
v -25.5515 3.4000 26.1485
v -25.7000 3.4000 26.2100
v -25.8485 3.4000 26.1485
v -25.9100 3.4000 26.0000
v -25.8485 3.4000 25.8515
v -25.7000 3.4000 25.7900
v -25.5515 3.4000 25.8515
f 24263 24264 24265 24266 24267 24268 24269 24270
v -25.4900 0.0000 26.0000
v -25.5515 0.0000 26.1485
v -25.5515 3.4000 26.1485
v -25.4900 3.4000 26.0000
f 24271 24272 24273 24274
v -25.5515 0.0000 26.1485
v -25.7000 0.0000 26.2100
v -25.7000 3.4000 26.2100
v -25.5515 3.4000 26.1485
f 24275 24276 24277 24278
v -25.7000 0.0000 26.2100
v -25.8485 0.0000 26.1485
v -25.8485 3.4000 26.1485
v -25.7000 3.4000 26.2100
f 24279 24280 24281 24282
v -25.8485 0.0000 26.1485
v -25.9100 0.0000 26.0000
v -25.9100 3.4000 26.0000
v -25.8485 3.4000 26.1485
f 24283 24284 24285 24286
v -25.9100 0.0000 26.0000
v -25.8485 0.0000 25.8515
v -25.8485 3.4000 25.8515
v -25.9100 3.4000 26.0000
f 24287 24288 24289 24290
v -25.8485 0.0000 25.8515
v -25.7000 0.0000 25.7900
v -25.7000 3.4000 25.7900
v -25.8485 3.4000 25.8515
f 24291 24292 24293 24294
v -25.7000 0.0000 25.7900
v -25.5515 0.0000 25.8515
v -25.5515 3.4000 25.8515
v -25.7000 3.4000 25.7900
f 24295 24296 24297 24298
v -25.5515 0.0000 25.8515
v -25.4900 0.0000 26.0000
v -25.4900 3.4000 26.0000
v -25.5515 3.4000 25.8515
f 24299 24300 24301 24302
g level_0_landscape_tree_crown
usemtl leaves
v -25.7000 8.0000 26.0000
v -25.7000 8.0000 26.0000
v -24.4541 7.0335 27.0454
v -24.0737 7.0335 26.0000
f 24303 24304 24305 24306
v -25.7000 8.0000 26.0000
v -25.7000 8.0000 26.0000
v -25.4176 7.0335 27.6016
v -24.4541 7.0335 27.0454
f 24307 24308 24309 24310
v -25.7000 8.0000 26.0000
v -25.7000 8.0000 26.0000
v -26.5132 7.0335 27.4085
v -25.4176 7.0335 27.6016
f 24311 24312 24313 24314
v -25.7000 8.0000 26.0000
v -25.7000 8.0000 26.0000
v -27.2283 7.0335 26.5562
v -26.5132 7.0335 27.4085
f 24315 24316 24317 24318
v -25.7000 8.0000 26.0000
v -25.7000 8.0000 26.0000
v -27.2283 7.0335 25.4438
v -27.2283 7.0335 26.5562
f 24319 24320 24321 24322
v -25.7000 8.0000 26.0000
v -25.7000 8.0000 26.0000
v -26.5132 7.0335 24.5915
v -27.2283 7.0335 25.4438
f 24323 24324 24325 24326
v -25.7000 8.0000 26.0000
v -25.7000 8.0000 26.0000
v -25.4176 7.0335 24.3984
v -26.5132 7.0335 24.5915
f 24327 24328 24329 24330
v -25.7000 8.0000 26.0000
v -25.7000 8.0000 26.0000
v -24.4541 7.0335 24.9546
v -25.4176 7.0335 24.3984
f 24331 24332 24333 24334
v -25.7000 8.0000 26.0000
v -25.7000 8.0000 26.0000
v -24.0737 7.0335 26.0000
v -24.4541 7.0335 24.9546
f 24335 24336 24337 24338
v -24.0737 7.0335 26.0000
v -24.4541 7.0335 27.0454
v -23.9381 4.7000 27.4784
v -23.4000 4.7000 26.0000
f 24339 24340 24341 24342
v -24.4541 7.0335 27.0454
v -25.4176 7.0335 27.6016
v -25.3006 4.7000 28.2651
v -23.9381 4.7000 27.4784
f 24343 24344 24345 24346
v -25.4176 7.0335 27.6016
v -26.5132 7.0335 27.4085
v -26.8500 4.7000 27.9919
v -25.3006 4.7000 28.2651
f 24347 24348 24349 24350
v -26.5132 7.0335 27.4085
v -27.2283 7.0335 26.5562
v -27.8613 4.7000 26.7866
v -26.8500 4.7000 27.9919
f 24351 24352 24353 24354
v -27.2283 7.0335 26.5562
v -27.2283 7.0335 25.4438
v -27.8613 4.7000 25.2134
v -27.8613 4.7000 26.7866
f 24355 24356 24357 24358
v -27.2283 7.0335 25.4438
v -26.5132 7.0335 24.5915
v -26.8500 4.7000 24.0081
v -27.8613 4.7000 25.2134
f 24359 24360 24361 24362
v -26.5132 7.0335 24.5915
v -25.4176 7.0335 24.3984
v -25.3006 4.7000 23.7349
v -26.8500 4.7000 24.0081
f 24363 24364 24365 24366
v -25.4176 7.0335 24.3984
v -24.4541 7.0335 24.9546
v -23.9381 4.7000 24.5216
v -25.3006 4.7000 23.7349
f 24367 24368 24369 24370
v -24.4541 7.0335 24.9546
v -24.0737 7.0335 26.0000
v -23.4000 4.7000 26.0000
v -23.9381 4.7000 24.5216
f 24371 24372 24373 24374
v -23.4000 4.7000 26.0000
v -23.9381 4.7000 27.4784
v -24.4541 2.3665 27.0454
v -24.0737 2.3665 26.0000
f 24375 24376 24377 24378
v -23.9381 4.7000 27.4784
v -25.3006 4.7000 28.2651
v -25.4176 2.3665 27.6016
v -24.4541 2.3665 27.0454
f 24379 24380 24381 24382
v -25.3006 4.7000 28.2651
v -26.8500 4.7000 27.9919
v -26.5132 2.3665 27.4085
v -25.4176 2.3665 27.6016
f 24383 24384 24385 24386
v -26.8500 4.7000 27.9919
v -27.8613 4.7000 26.7866
v -27.2283 2.3665 26.5562
v -26.5132 2.3665 27.4085
f 24387 24388 24389 24390
v -27.8613 4.7000 26.7866
v -27.8613 4.7000 25.2134
v -27.2283 2.3665 25.4438
v -27.2283 2.3665 26.5562
f 24391 24392 24393 24394
v -27.8613 4.7000 25.2134
v -26.8500 4.7000 24.0081
v -26.5132 2.3665 24.5915
v -27.2283 2.3665 25.4438
f 24395 24396 24397 24398
v -26.8500 4.7000 24.0081
v -25.3006 4.7000 23.7349
v -25.4176 2.3665 24.3984
v -26.5132 2.3665 24.5915
f 24399 24400 24401 24402
v -25.3006 4.7000 23.7349
v -23.9381 4.7000 24.5216
v -24.4541 2.3665 24.9546
v -25.4176 2.3665 24.3984
f 24403 24404 24405 24406
v -23.9381 4.7000 24.5216
v -23.4000 4.7000 26.0000
v -24.0737 2.3665 26.0000
v -24.4541 2.3665 24.9546
f 24407 24408 24409 24410
v -24.0737 2.3665 26.0000
v -24.4541 2.3665 27.0454
v -25.7000 1.4000 26.0000
v -25.7000 1.4000 26.0000
f 24411 24412 24413 24414
v -24.4541 2.3665 27.0454
v -25.4176 2.3665 27.6016
v -25.7000 1.4000 26.0000
v -25.7000 1.4000 26.0000
f 24415 24416 24417 24418
v -25.4176 2.3665 27.6016
v -26.5132 2.3665 27.4085
v -25.7000 1.4000 26.0000
v -25.7000 1.4000 26.0000
f 24419 24420 24421 24422
v -26.5132 2.3665 27.4085
v -27.2283 2.3665 26.5562
v -25.7000 1.4000 26.0000
v -25.7000 1.4000 26.0000
f 24423 24424 24425 24426
v -27.2283 2.3665 26.5562
v -27.2283 2.3665 25.4438
v -25.7000 1.4000 26.0000
v -25.7000 1.4000 26.0000
f 24427 24428 24429 24430
v -27.2283 2.3665 25.4438
v -26.5132 2.3665 24.5915
v -25.7000 1.4000 26.0000
v -25.7000 1.4000 26.0000
f 24431 24432 24433 24434
v -26.5132 2.3665 24.5915
v -25.4176 2.3665 24.3984
v -25.7000 1.4000 26.0000
v -25.7000 1.4000 26.0000
f 24435 24436 24437 24438
v -25.4176 2.3665 24.3984
v -24.4541 2.3665 24.9546
v -25.7000 1.4000 26.0000
v -25.7000 1.4000 26.0000
f 24439 24440 24441 24442
v -24.4541 2.3665 24.9546
v -24.0737 2.3665 26.0000
v -25.7000 1.4000 26.0000
v -25.7000 1.4000 26.0000
f 24443 24444 24445 24446
usemtl leavesLight
v -26.5000 6.9000 26.6500
v -26.5000 6.9000 26.6500
v -25.7687 6.2263 27.2636
v -25.5454 6.2263 26.6500
f 24447 24448 24449 24450
v -26.5000 6.9000 26.6500
v -26.5000 6.9000 26.6500
v -26.3342 6.2263 27.5901
v -25.7687 6.2263 27.2636
f 24451 24452 24453 24454
v -26.5000 6.9000 26.6500
v -26.5000 6.9000 26.6500
v -26.9773 6.2263 27.4767
v -26.3342 6.2263 27.5901
f 24455 24456 24457 24458
v -26.5000 6.9000 26.6500
v -26.5000 6.9000 26.6500
v -27.3970 6.2263 26.9765
v -26.9773 6.2263 27.4767
f 24459 24460 24461 24462
v -26.5000 6.9000 26.6500
v -26.5000 6.9000 26.6500
v -27.3970 6.2263 26.3235
v -27.3970 6.2263 26.9765
f 24463 24464 24465 24466
v -26.5000 6.9000 26.6500
v -26.5000 6.9000 26.6500
v -26.9773 6.2263 25.8233
v -27.3970 6.2263 26.3235
f 24467 24468 24469 24470
v -26.5000 6.9000 26.6500
v -26.5000 6.9000 26.6500
v -26.3342 6.2263 25.7099
v -26.9773 6.2263 25.8233
f 24471 24472 24473 24474
v -26.5000 6.9000 26.6500
v -26.5000 6.9000 26.6500
v -25.7687 6.2263 26.0364
v -26.3342 6.2263 25.7099
f 24475 24476 24477 24478
v -26.5000 6.9000 26.6500
v -26.5000 6.9000 26.6500
v -25.5454 6.2263 26.6500
v -25.7687 6.2263 26.0364
f 24479 24480 24481 24482
v -25.5454 6.2263 26.6500
v -25.7687 6.2263 27.2636
v -25.4658 4.6000 27.5178
v -25.1500 4.6000 26.6500
f 24483 24484 24485 24486
v -25.7687 6.2263 27.2636
v -26.3342 6.2263 27.5901
v -26.2656 4.6000 27.9795
v -25.4658 4.6000 27.5178
f 24487 24488 24489 24490
v -26.3342 6.2263 27.5901
v -26.9773 6.2263 27.4767
v -27.1750 4.6000 27.8191
v -26.2656 4.6000 27.9795
f 24491 24492 24493 24494
v -26.9773 6.2263 27.4767
v -27.3970 6.2263 26.9765
v -27.7686 4.6000 27.1117
v -27.1750 4.6000 27.8191
f 24495 24496 24497 24498
v -27.3970 6.2263 26.9765
v -27.3970 6.2263 26.3235
v -27.7686 4.6000 26.1883
v -27.7686 4.6000 27.1117
f 24499 24500 24501 24502
v -27.3970 6.2263 26.3235
v -26.9773 6.2263 25.8233
v -27.1750 4.6000 25.4809
v -27.7686 4.6000 26.1883
f 24503 24504 24505 24506
v -26.9773 6.2263 25.8233
v -26.3342 6.2263 25.7099
v -26.2656 4.6000 25.3205
v -27.1750 4.6000 25.4809
f 24507 24508 24509 24510
v -26.3342 6.2263 25.7099
v -25.7687 6.2263 26.0364
v -25.4658 4.6000 25.7822
v -26.2656 4.6000 25.3205
f 24511 24512 24513 24514
v -25.7687 6.2263 26.0364
v -25.5454 6.2263 26.6500
v -25.1500 4.6000 26.6500
v -25.4658 4.6000 25.7822
f 24515 24516 24517 24518
v -25.1500 4.6000 26.6500
v -25.4658 4.6000 27.5178
v -25.7687 2.9737 27.2636
v -25.5454 2.9737 26.6500
f 24519 24520 24521 24522
v -25.4658 4.6000 27.5178
v -26.2656 4.6000 27.9795
v -26.3342 2.9737 27.5901
v -25.7687 2.9737 27.2636
f 24523 24524 24525 24526
v -26.2656 4.6000 27.9795
v -27.1750 4.6000 27.8191
v -26.9773 2.9737 27.4767
v -26.3342 2.9737 27.5901
f 24527 24528 24529 24530
v -27.1750 4.6000 27.8191
v -27.7686 4.6000 27.1117
v -27.3970 2.9737 26.9765
v -26.9773 2.9737 27.4767
f 24531 24532 24533 24534
v -27.7686 4.6000 27.1117
v -27.7686 4.6000 26.1883
v -27.3970 2.9737 26.3235
v -27.3970 2.9737 26.9765
f 24535 24536 24537 24538
v -27.7686 4.6000 26.1883
v -27.1750 4.6000 25.4809
v -26.9773 2.9737 25.8233
v -27.3970 2.9737 26.3235
f 24539 24540 24541 24542
v -27.1750 4.6000 25.4809
v -26.2656 4.6000 25.3205
v -26.3342 2.9737 25.7099
v -26.9773 2.9737 25.8233
f 24543 24544 24545 24546
v -26.2656 4.6000 25.3205
v -25.4658 4.6000 25.7822
v -25.7687 2.9737 26.0364
v -26.3342 2.9737 25.7099
f 24547 24548 24549 24550
v -25.4658 4.6000 25.7822
v -25.1500 4.6000 26.6500
v -25.5454 2.9737 26.6500
v -25.7687 2.9737 26.0364
f 24551 24552 24553 24554
v -25.5454 2.9737 26.6500
v -25.7687 2.9737 27.2636
v -26.5000 2.3000 26.6500
v -26.5000 2.3000 26.6500
f 24555 24556 24557 24558
v -25.7687 2.9737 27.2636
v -26.3342 2.9737 27.5901
v -26.5000 2.3000 26.6500
v -26.5000 2.3000 26.6500
f 24559 24560 24561 24562
v -26.3342 2.9737 27.5901
v -26.9773 2.9737 27.4767
v -26.5000 2.3000 26.6500
v -26.5000 2.3000 26.6500
f 24563 24564 24565 24566
v -26.9773 2.9737 27.4767
v -27.3970 2.9737 26.9765
v -26.5000 2.3000 26.6500
v -26.5000 2.3000 26.6500
f 24567 24568 24569 24570
v -27.3970 2.9737 26.9765
v -27.3970 2.9737 26.3235
v -26.5000 2.3000 26.6500
v -26.5000 2.3000 26.6500
f 24571 24572 24573 24574
v -27.3970 2.9737 26.3235
v -26.9773 2.9737 25.8233
v -26.5000 2.3000 26.6500
v -26.5000 2.3000 26.6500
f 24575 24576 24577 24578
v -26.9773 2.9737 25.8233
v -26.3342 2.9737 25.7099
v -26.5000 2.3000 26.6500
v -26.5000 2.3000 26.6500
f 24579 24580 24581 24582
v -26.3342 2.9737 25.7099
v -25.7687 2.9737 26.0364
v -26.5000 2.3000 26.6500
v -26.5000 2.3000 26.6500
f 24583 24584 24585 24586
v -25.7687 2.9737 26.0364
v -25.5454 2.9737 26.6500
v -26.5000 2.3000 26.6500
v -26.5000 2.3000 26.6500
f 24587 24588 24589 24590
g level_0_outside_element
usemtl trunk
v 25.9100 3.4000 -20.0000
v 25.8485 3.4000 -19.8515
v 25.7000 3.4000 -19.7900
v 25.5515 3.4000 -19.8515
v 25.4900 3.4000 -20.0000
v 25.5515 3.4000 -20.1485
v 25.7000 3.4000 -20.2100
v 25.8485 3.4000 -20.1485
f 24591 24592 24593 24594 24595 24596 24597 24598
v 25.9100 0.0000 -20.0000
v 25.8485 0.0000 -19.8515
v 25.8485 3.4000 -19.8515
v 25.9100 3.4000 -20.0000
f 24599 24600 24601 24602
v 25.8485 0.0000 -19.8515
v 25.7000 0.0000 -19.7900
v 25.7000 3.4000 -19.7900
v 25.8485 3.4000 -19.8515
f 24603 24604 24605 24606
v 25.7000 0.0000 -19.7900
v 25.5515 0.0000 -19.8515
v 25.5515 3.4000 -19.8515
v 25.7000 3.4000 -19.7900
f 24607 24608 24609 24610
v 25.5515 0.0000 -19.8515
v 25.4900 0.0000 -20.0000
v 25.4900 3.4000 -20.0000
v 25.5515 3.4000 -19.8515
f 24611 24612 24613 24614
v 25.4900 0.0000 -20.0000
v 25.5515 0.0000 -20.1485
v 25.5515 3.4000 -20.1485
v 25.4900 3.4000 -20.0000
f 24615 24616 24617 24618
v 25.5515 0.0000 -20.1485
v 25.7000 0.0000 -20.2100
v 25.7000 3.4000 -20.2100
v 25.5515 3.4000 -20.1485
f 24619 24620 24621 24622
v 25.7000 0.0000 -20.2100
v 25.8485 0.0000 -20.1485
v 25.8485 3.4000 -20.1485
v 25.7000 3.4000 -20.2100
f 24623 24624 24625 24626
v 25.8485 0.0000 -20.1485
v 25.9100 0.0000 -20.0000
v 25.9100 3.4000 -20.0000
v 25.8485 3.4000 -20.1485
f 24627 24628 24629 24630
g level_0_landscape_tree_crown
usemtl leaves
v 25.7000 8.0000 -20.0000
v 25.7000 8.0000 -20.0000
v 26.9459 7.0335 -18.9546
v 27.3263 7.0335 -20.0000
f 24631 24632 24633 24634
v 25.7000 8.0000 -20.0000
v 25.7000 8.0000 -20.0000
v 25.9824 7.0335 -18.3984
v 26.9459 7.0335 -18.9546
f 24635 24636 24637 24638
v 25.7000 8.0000 -20.0000
v 25.7000 8.0000 -20.0000
v 24.8868 7.0335 -18.5915
v 25.9824 7.0335 -18.3984
f 24639 24640 24641 24642
v 25.7000 8.0000 -20.0000
v 25.7000 8.0000 -20.0000
v 24.1717 7.0335 -19.4438
v 24.8868 7.0335 -18.5915
f 24643 24644 24645 24646
v 25.7000 8.0000 -20.0000
v 25.7000 8.0000 -20.0000
v 24.1717 7.0335 -20.5562
v 24.1717 7.0335 -19.4438
f 24647 24648 24649 24650
v 25.7000 8.0000 -20.0000
v 25.7000 8.0000 -20.0000
v 24.8868 7.0335 -21.4085
v 24.1717 7.0335 -20.5562
f 24651 24652 24653 24654
v 25.7000 8.0000 -20.0000
v 25.7000 8.0000 -20.0000
v 25.9824 7.0335 -21.6016
v 24.8868 7.0335 -21.4085
f 24655 24656 24657 24658
v 25.7000 8.0000 -20.0000
v 25.7000 8.0000 -20.0000
v 26.9459 7.0335 -21.0454
v 25.9824 7.0335 -21.6016
f 24659 24660 24661 24662
v 25.7000 8.0000 -20.0000
v 25.7000 8.0000 -20.0000
v 27.3263 7.0335 -20.0000
v 26.9459 7.0335 -21.0454
f 24663 24664 24665 24666
v 27.3263 7.0335 -20.0000
v 26.9459 7.0335 -18.9546
v 27.4619 4.7000 -18.5216
v 28.0000 4.7000 -20.0000
f 24667 24668 24669 24670
v 26.9459 7.0335 -18.9546
v 25.9824 7.0335 -18.3984
v 26.0994 4.7000 -17.7349
v 27.4619 4.7000 -18.5216
f 24671 24672 24673 24674
v 25.9824 7.0335 -18.3984
v 24.8868 7.0335 -18.5915
v 24.5500 4.7000 -18.0081
v 26.0994 4.7000 -17.7349
f 24675 24676 24677 24678
v 24.8868 7.0335 -18.5915
v 24.1717 7.0335 -19.4438
v 23.5387 4.7000 -19.2134
v 24.5500 4.7000 -18.0081
f 24679 24680 24681 24682
v 24.1717 7.0335 -19.4438
v 24.1717 7.0335 -20.5562
v 23.5387 4.7000 -20.7866
v 23.5387 4.7000 -19.2134
f 24683 24684 24685 24686
v 24.1717 7.0335 -20.5562
v 24.8868 7.0335 -21.4085
v 24.5500 4.7000 -21.9919
v 23.5387 4.7000 -20.7866
f 24687 24688 24689 24690
v 24.8868 7.0335 -21.4085
v 25.9824 7.0335 -21.6016
v 26.0994 4.7000 -22.2651
v 24.5500 4.7000 -21.9919
f 24691 24692 24693 24694
v 25.9824 7.0335 -21.6016
v 26.9459 7.0335 -21.0454
v 27.4619 4.7000 -21.4784
v 26.0994 4.7000 -22.2651
f 24695 24696 24697 24698
v 26.9459 7.0335 -21.0454
v 27.3263 7.0335 -20.0000
v 28.0000 4.7000 -20.0000
v 27.4619 4.7000 -21.4784
f 24699 24700 24701 24702
v 28.0000 4.7000 -20.0000
v 27.4619 4.7000 -18.5216
v 26.9459 2.3665 -18.9546
v 27.3263 2.3665 -20.0000
f 24703 24704 24705 24706
v 27.4619 4.7000 -18.5216
v 26.0994 4.7000 -17.7349
v 25.9824 2.3665 -18.3984
v 26.9459 2.3665 -18.9546
f 24707 24708 24709 24710
v 26.0994 4.7000 -17.7349
v 24.5500 4.7000 -18.0081
v 24.8868 2.3665 -18.5915
v 25.9824 2.3665 -18.3984
f 24711 24712 24713 24714
v 24.5500 4.7000 -18.0081
v 23.5387 4.7000 -19.2134
v 24.1717 2.3665 -19.4438
v 24.8868 2.3665 -18.5915
f 24715 24716 24717 24718
v 23.5387 4.7000 -19.2134
v 23.5387 4.7000 -20.7866
v 24.1717 2.3665 -20.5562
v 24.1717 2.3665 -19.4438
f 24719 24720 24721 24722
v 23.5387 4.7000 -20.7866
v 24.5500 4.7000 -21.9919
v 24.8868 2.3665 -21.4085
v 24.1717 2.3665 -20.5562
f 24723 24724 24725 24726
v 24.5500 4.7000 -21.9919
v 26.0994 4.7000 -22.2651
v 25.9824 2.3665 -21.6016
v 24.8868 2.3665 -21.4085
f 24727 24728 24729 24730
v 26.0994 4.7000 -22.2651
v 27.4619 4.7000 -21.4784
v 26.9459 2.3665 -21.0454
v 25.9824 2.3665 -21.6016
f 24731 24732 24733 24734
v 27.4619 4.7000 -21.4784
v 28.0000 4.7000 -20.0000
v 27.3263 2.3665 -20.0000
v 26.9459 2.3665 -21.0454
f 24735 24736 24737 24738
v 27.3263 2.3665 -20.0000
v 26.9459 2.3665 -18.9546
v 25.7000 1.4000 -20.0000
v 25.7000 1.4000 -20.0000
f 24739 24740 24741 24742
v 26.9459 2.3665 -18.9546
v 25.9824 2.3665 -18.3984
v 25.7000 1.4000 -20.0000
v 25.7000 1.4000 -20.0000
f 24743 24744 24745 24746
v 25.9824 2.3665 -18.3984
v 24.8868 2.3665 -18.5915
v 25.7000 1.4000 -20.0000
v 25.7000 1.4000 -20.0000
f 24747 24748 24749 24750
v 24.8868 2.3665 -18.5915
v 24.1717 2.3665 -19.4438
v 25.7000 1.4000 -20.0000
v 25.7000 1.4000 -20.0000
f 24751 24752 24753 24754
v 24.1717 2.3665 -19.4438
v 24.1717 2.3665 -20.5562
v 25.7000 1.4000 -20.0000
v 25.7000 1.4000 -20.0000
f 24755 24756 24757 24758
v 24.1717 2.3665 -20.5562
v 24.8868 2.3665 -21.4085
v 25.7000 1.4000 -20.0000
v 25.7000 1.4000 -20.0000
f 24759 24760 24761 24762
v 24.8868 2.3665 -21.4085
v 25.9824 2.3665 -21.6016
v 25.7000 1.4000 -20.0000
v 25.7000 1.4000 -20.0000
f 24763 24764 24765 24766
v 25.9824 2.3665 -21.6016
v 26.9459 2.3665 -21.0454
v 25.7000 1.4000 -20.0000
v 25.7000 1.4000 -20.0000
f 24767 24768 24769 24770
v 26.9459 2.3665 -21.0454
v 27.3263 2.3665 -20.0000
v 25.7000 1.4000 -20.0000
v 25.7000 1.4000 -20.0000
f 24771 24772 24773 24774
usemtl leavesLight
v 24.9000 6.9000 -19.3500
v 24.9000 6.9000 -19.3500
v 25.6313 6.2263 -18.7364
v 25.8546 6.2263 -19.3500
f 24775 24776 24777 24778
v 24.9000 6.9000 -19.3500
v 24.9000 6.9000 -19.3500
v 25.0658 6.2263 -18.4099
v 25.6313 6.2263 -18.7364
f 24779 24780 24781 24782
v 24.9000 6.9000 -19.3500
v 24.9000 6.9000 -19.3500
v 24.4227 6.2263 -18.5233
v 25.0658 6.2263 -18.4099
f 24783 24784 24785 24786
v 24.9000 6.9000 -19.3500
v 24.9000 6.9000 -19.3500
v 24.0030 6.2263 -19.0235
v 24.4227 6.2263 -18.5233
f 24787 24788 24789 24790
v 24.9000 6.9000 -19.3500
v 24.9000 6.9000 -19.3500
v 24.0030 6.2263 -19.6765
v 24.0030 6.2263 -19.0235
f 24791 24792 24793 24794
v 24.9000 6.9000 -19.3500
v 24.9000 6.9000 -19.3500
v 24.4227 6.2263 -20.1767
v 24.0030 6.2263 -19.6765
f 24795 24796 24797 24798
v 24.9000 6.9000 -19.3500
v 24.9000 6.9000 -19.3500
v 25.0658 6.2263 -20.2901
v 24.4227 6.2263 -20.1767
f 24799 24800 24801 24802
v 24.9000 6.9000 -19.3500
v 24.9000 6.9000 -19.3500
v 25.6313 6.2263 -19.9636
v 25.0658 6.2263 -20.2901
f 24803 24804 24805 24806
v 24.9000 6.9000 -19.3500
v 24.9000 6.9000 -19.3500
v 25.8546 6.2263 -19.3500
v 25.6313 6.2263 -19.9636
f 24807 24808 24809 24810
v 25.8546 6.2263 -19.3500
v 25.6313 6.2263 -18.7364
v 25.9342 4.6000 -18.4822
v 26.2500 4.6000 -19.3500
f 24811 24812 24813 24814
v 25.6313 6.2263 -18.7364
v 25.0658 6.2263 -18.4099
v 25.1344 4.6000 -18.0205
v 25.9342 4.6000 -18.4822
f 24815 24816 24817 24818
v 25.0658 6.2263 -18.4099
v 24.4227 6.2263 -18.5233
v 24.2250 4.6000 -18.1809
v 25.1344 4.6000 -18.0205
f 24819 24820 24821 24822
v 24.4227 6.2263 -18.5233
v 24.0030 6.2263 -19.0235
v 23.6314 4.6000 -18.8883
v 24.2250 4.6000 -18.1809
f 24823 24824 24825 24826
v 24.0030 6.2263 -19.0235
v 24.0030 6.2263 -19.6765
v 23.6314 4.6000 -19.8117
v 23.6314 4.6000 -18.8883
f 24827 24828 24829 24830
v 24.0030 6.2263 -19.6765
v 24.4227 6.2263 -20.1767
v 24.2250 4.6000 -20.5191
v 23.6314 4.6000 -19.8117
f 24831 24832 24833 24834
v 24.4227 6.2263 -20.1767
v 25.0658 6.2263 -20.2901
v 25.1344 4.6000 -20.6795
v 24.2250 4.6000 -20.5191
f 24835 24836 24837 24838
v 25.0658 6.2263 -20.2901
v 25.6313 6.2263 -19.9636
v 25.9342 4.6000 -20.2178
v 25.1344 4.6000 -20.6795
f 24839 24840 24841 24842
v 25.6313 6.2263 -19.9636
v 25.8546 6.2263 -19.3500
v 26.2500 4.6000 -19.3500
v 25.9342 4.6000 -20.2178
f 24843 24844 24845 24846
v 26.2500 4.6000 -19.3500
v 25.9342 4.6000 -18.4822
v 25.6313 2.9737 -18.7364
v 25.8546 2.9737 -19.3500
f 24847 24848 24849 24850
v 25.9342 4.6000 -18.4822
v 25.1344 4.6000 -18.0205
v 25.0658 2.9737 -18.4099
v 25.6313 2.9737 -18.7364
f 24851 24852 24853 24854
v 25.1344 4.6000 -18.0205
v 24.2250 4.6000 -18.1809
v 24.4227 2.9737 -18.5233
v 25.0658 2.9737 -18.4099
f 24855 24856 24857 24858
v 24.2250 4.6000 -18.1809
v 23.6314 4.6000 -18.8883
v 24.0030 2.9737 -19.0235
v 24.4227 2.9737 -18.5233
f 24859 24860 24861 24862
v 23.6314 4.6000 -18.8883
v 23.6314 4.6000 -19.8117
v 24.0030 2.9737 -19.6765
v 24.0030 2.9737 -19.0235
f 24863 24864 24865 24866
v 23.6314 4.6000 -19.8117
v 24.2250 4.6000 -20.5191
v 24.4227 2.9737 -20.1767
v 24.0030 2.9737 -19.6765
f 24867 24868 24869 24870
v 24.2250 4.6000 -20.5191
v 25.1344 4.6000 -20.6795
v 25.0658 2.9737 -20.2901
v 24.4227 2.9737 -20.1767
f 24871 24872 24873 24874
v 25.1344 4.6000 -20.6795
v 25.9342 4.6000 -20.2178
v 25.6313 2.9737 -19.9636
v 25.0658 2.9737 -20.2901
f 24875 24876 24877 24878
v 25.9342 4.6000 -20.2178
v 26.2500 4.6000 -19.3500
v 25.8546 2.9737 -19.3500
v 25.6313 2.9737 -19.9636
f 24879 24880 24881 24882
v 25.8546 2.9737 -19.3500
v 25.6313 2.9737 -18.7364
v 24.9000 2.3000 -19.3500
v 24.9000 2.3000 -19.3500
f 24883 24884 24885 24886
v 25.6313 2.9737 -18.7364
v 25.0658 2.9737 -18.4099
v 24.9000 2.3000 -19.3500
v 24.9000 2.3000 -19.3500
f 24887 24888 24889 24890
v 25.0658 2.9737 -18.4099
v 24.4227 2.9737 -18.5233
v 24.9000 2.3000 -19.3500
v 24.9000 2.3000 -19.3500
f 24891 24892 24893 24894
v 24.4227 2.9737 -18.5233
v 24.0030 2.9737 -19.0235
v 24.9000 2.3000 -19.3500
v 24.9000 2.3000 -19.3500
f 24895 24896 24897 24898
v 24.0030 2.9737 -19.0235
v 24.0030 2.9737 -19.6765
v 24.9000 2.3000 -19.3500
v 24.9000 2.3000 -19.3500
f 24899 24900 24901 24902
v 24.0030 2.9737 -19.6765
v 24.4227 2.9737 -20.1767
v 24.9000 2.3000 -19.3500
v 24.9000 2.3000 -19.3500
f 24903 24904 24905 24906
v 24.4227 2.9737 -20.1767
v 25.0658 2.9737 -20.2901
v 24.9000 2.3000 -19.3500
v 24.9000 2.3000 -19.3500
f 24907 24908 24909 24910
v 25.0658 2.9737 -20.2901
v 25.6313 2.9737 -19.9636
v 24.9000 2.3000 -19.3500
v 24.9000 2.3000 -19.3500
f 24911 24912 24913 24914
v 25.6313 2.9737 -19.9636
v 25.8546 2.9737 -19.3500
v 24.9000 2.3000 -19.3500
v 24.9000 2.3000 -19.3500
f 24915 24916 24917 24918
g level_0_outside_element
usemtl trunk
v 25.9100 3.4000 -9.0000
v 25.8485 3.4000 -8.8515
v 25.7000 3.4000 -8.7900
v 25.5515 3.4000 -8.8515
v 25.4900 3.4000 -9.0000
v 25.5515 3.4000 -9.1485
v 25.7000 3.4000 -9.2100
v 25.8485 3.4000 -9.1485
f 24919 24920 24921 24922 24923 24924 24925 24926
v 25.9100 0.0000 -9.0000
v 25.8485 0.0000 -8.8515
v 25.8485 3.4000 -8.8515
v 25.9100 3.4000 -9.0000
f 24927 24928 24929 24930
v 25.8485 0.0000 -8.8515
v 25.7000 0.0000 -8.7900
v 25.7000 3.4000 -8.7900
v 25.8485 3.4000 -8.8515
f 24931 24932 24933 24934
v 25.7000 0.0000 -8.7900
v 25.5515 0.0000 -8.8515
v 25.5515 3.4000 -8.8515
v 25.7000 3.4000 -8.7900
f 24935 24936 24937 24938
v 25.5515 0.0000 -8.8515
v 25.4900 0.0000 -9.0000
v 25.4900 3.4000 -9.0000
v 25.5515 3.4000 -8.8515
f 24939 24940 24941 24942
v 25.4900 0.0000 -9.0000
v 25.5515 0.0000 -9.1485
v 25.5515 3.4000 -9.1485
v 25.4900 3.4000 -9.0000
f 24943 24944 24945 24946
v 25.5515 0.0000 -9.1485
v 25.7000 0.0000 -9.2100
v 25.7000 3.4000 -9.2100
v 25.5515 3.4000 -9.1485
f 24947 24948 24949 24950
v 25.7000 0.0000 -9.2100
v 25.8485 0.0000 -9.1485
v 25.8485 3.4000 -9.1485
v 25.7000 3.4000 -9.2100
f 24951 24952 24953 24954
v 25.8485 0.0000 -9.1485
v 25.9100 0.0000 -9.0000
v 25.9100 3.4000 -9.0000
v 25.8485 3.4000 -9.1485
f 24955 24956 24957 24958
g level_0_landscape_tree_crown
usemtl leaves
v 25.7000 8.0000 -9.0000
v 25.7000 8.0000 -9.0000
v 26.9459 7.0335 -7.9546
v 27.3263 7.0335 -9.0000
f 24959 24960 24961 24962
v 25.7000 8.0000 -9.0000
v 25.7000 8.0000 -9.0000
v 25.9824 7.0335 -7.3984
v 26.9459 7.0335 -7.9546
f 24963 24964 24965 24966
v 25.7000 8.0000 -9.0000
v 25.7000 8.0000 -9.0000
v 24.8868 7.0335 -7.5915
v 25.9824 7.0335 -7.3984
f 24967 24968 24969 24970
v 25.7000 8.0000 -9.0000
v 25.7000 8.0000 -9.0000
v 24.1717 7.0335 -8.4438
v 24.8868 7.0335 -7.5915
f 24971 24972 24973 24974
v 25.7000 8.0000 -9.0000
v 25.7000 8.0000 -9.0000
v 24.1717 7.0335 -9.5562
v 24.1717 7.0335 -8.4438
f 24975 24976 24977 24978
v 25.7000 8.0000 -9.0000
v 25.7000 8.0000 -9.0000
v 24.8868 7.0335 -10.4085
v 24.1717 7.0335 -9.5562
f 24979 24980 24981 24982
v 25.7000 8.0000 -9.0000
v 25.7000 8.0000 -9.0000
v 25.9824 7.0335 -10.6016
v 24.8868 7.0335 -10.4085
f 24983 24984 24985 24986
v 25.7000 8.0000 -9.0000
v 25.7000 8.0000 -9.0000
v 26.9459 7.0335 -10.0454
v 25.9824 7.0335 -10.6016
f 24987 24988 24989 24990
v 25.7000 8.0000 -9.0000
v 25.7000 8.0000 -9.0000
v 27.3263 7.0335 -9.0000
v 26.9459 7.0335 -10.0454
f 24991 24992 24993 24994
v 27.3263 7.0335 -9.0000
v 26.9459 7.0335 -7.9546
v 27.4619 4.7000 -7.5216
v 28.0000 4.7000 -9.0000
f 24995 24996 24997 24998
v 26.9459 7.0335 -7.9546
v 25.9824 7.0335 -7.3984
v 26.0994 4.7000 -6.7349
v 27.4619 4.7000 -7.5216
f 24999 25000 25001 25002
v 25.9824 7.0335 -7.3984
v 24.8868 7.0335 -7.5915
v 24.5500 4.7000 -7.0081
v 26.0994 4.7000 -6.7349
f 25003 25004 25005 25006
v 24.8868 7.0335 -7.5915
v 24.1717 7.0335 -8.4438
v 23.5387 4.7000 -8.2134
v 24.5500 4.7000 -7.0081
f 25007 25008 25009 25010
v 24.1717 7.0335 -8.4438
v 24.1717 7.0335 -9.5562
v 23.5387 4.7000 -9.7866
v 23.5387 4.7000 -8.2134
f 25011 25012 25013 25014
v 24.1717 7.0335 -9.5562
v 24.8868 7.0335 -10.4085
v 24.5500 4.7000 -10.9919
v 23.5387 4.7000 -9.7866
f 25015 25016 25017 25018
v 24.8868 7.0335 -10.4085
v 25.9824 7.0335 -10.6016
v 26.0994 4.7000 -11.2651
v 24.5500 4.7000 -10.9919
f 25019 25020 25021 25022
v 25.9824 7.0335 -10.6016
v 26.9459 7.0335 -10.0454
v 27.4619 4.7000 -10.4784
v 26.0994 4.7000 -11.2651
f 25023 25024 25025 25026
v 26.9459 7.0335 -10.0454
v 27.3263 7.0335 -9.0000
v 28.0000 4.7000 -9.0000
v 27.4619 4.7000 -10.4784
f 25027 25028 25029 25030
v 28.0000 4.7000 -9.0000
v 27.4619 4.7000 -7.5216
v 26.9459 2.3665 -7.9546
v 27.3263 2.3665 -9.0000
f 25031 25032 25033 25034
v 27.4619 4.7000 -7.5216
v 26.0994 4.7000 -6.7349
v 25.9824 2.3665 -7.3984
v 26.9459 2.3665 -7.9546
f 25035 25036 25037 25038
v 26.0994 4.7000 -6.7349
v 24.5500 4.7000 -7.0081
v 24.8868 2.3665 -7.5915
v 25.9824 2.3665 -7.3984
f 25039 25040 25041 25042
v 24.5500 4.7000 -7.0081
v 23.5387 4.7000 -8.2134
v 24.1717 2.3665 -8.4438
v 24.8868 2.3665 -7.5915
f 25043 25044 25045 25046
v 23.5387 4.7000 -8.2134
v 23.5387 4.7000 -9.7866
v 24.1717 2.3665 -9.5562
v 24.1717 2.3665 -8.4438
f 25047 25048 25049 25050
v 23.5387 4.7000 -9.7866
v 24.5500 4.7000 -10.9919
v 24.8868 2.3665 -10.4085
v 24.1717 2.3665 -9.5562
f 25051 25052 25053 25054
v 24.5500 4.7000 -10.9919
v 26.0994 4.7000 -11.2651
v 25.9824 2.3665 -10.6016
v 24.8868 2.3665 -10.4085
f 25055 25056 25057 25058
v 26.0994 4.7000 -11.2651
v 27.4619 4.7000 -10.4784
v 26.9459 2.3665 -10.0454
v 25.9824 2.3665 -10.6016
f 25059 25060 25061 25062
v 27.4619 4.7000 -10.4784
v 28.0000 4.7000 -9.0000
v 27.3263 2.3665 -9.0000
v 26.9459 2.3665 -10.0454
f 25063 25064 25065 25066
v 27.3263 2.3665 -9.0000
v 26.9459 2.3665 -7.9546
v 25.7000 1.4000 -9.0000
v 25.7000 1.4000 -9.0000
f 25067 25068 25069 25070
v 26.9459 2.3665 -7.9546
v 25.9824 2.3665 -7.3984
v 25.7000 1.4000 -9.0000
v 25.7000 1.4000 -9.0000
f 25071 25072 25073 25074
v 25.9824 2.3665 -7.3984
v 24.8868 2.3665 -7.5915
v 25.7000 1.4000 -9.0000
v 25.7000 1.4000 -9.0000
f 25075 25076 25077 25078
v 24.8868 2.3665 -7.5915
v 24.1717 2.3665 -8.4438
v 25.7000 1.4000 -9.0000
v 25.7000 1.4000 -9.0000
f 25079 25080 25081 25082
v 24.1717 2.3665 -8.4438
v 24.1717 2.3665 -9.5562
v 25.7000 1.4000 -9.0000
v 25.7000 1.4000 -9.0000
f 25083 25084 25085 25086
v 24.1717 2.3665 -9.5562
v 24.8868 2.3665 -10.4085
v 25.7000 1.4000 -9.0000
v 25.7000 1.4000 -9.0000
f 25087 25088 25089 25090
v 24.8868 2.3665 -10.4085
v 25.9824 2.3665 -10.6016
v 25.7000 1.4000 -9.0000
v 25.7000 1.4000 -9.0000
f 25091 25092 25093 25094
v 25.9824 2.3665 -10.6016
v 26.9459 2.3665 -10.0454
v 25.7000 1.4000 -9.0000
v 25.7000 1.4000 -9.0000
f 25095 25096 25097 25098
v 26.9459 2.3665 -10.0454
v 27.3263 2.3665 -9.0000
v 25.7000 1.4000 -9.0000
v 25.7000 1.4000 -9.0000
f 25099 25100 25101 25102
usemtl leavesLight
v 24.9000 6.9000 -8.3500
v 24.9000 6.9000 -8.3500
v 25.6313 6.2263 -7.7364
v 25.8546 6.2263 -8.3500
f 25103 25104 25105 25106
v 24.9000 6.9000 -8.3500
v 24.9000 6.9000 -8.3500
v 25.0658 6.2263 -7.4099
v 25.6313 6.2263 -7.7364
f 25107 25108 25109 25110
v 24.9000 6.9000 -8.3500
v 24.9000 6.9000 -8.3500
v 24.4227 6.2263 -7.5233
v 25.0658 6.2263 -7.4099
f 25111 25112 25113 25114
v 24.9000 6.9000 -8.3500
v 24.9000 6.9000 -8.3500
v 24.0030 6.2263 -8.0235
v 24.4227 6.2263 -7.5233
f 25115 25116 25117 25118
v 24.9000 6.9000 -8.3500
v 24.9000 6.9000 -8.3500
v 24.0030 6.2263 -8.6765
v 24.0030 6.2263 -8.0235
f 25119 25120 25121 25122
v 24.9000 6.9000 -8.3500
v 24.9000 6.9000 -8.3500
v 24.4227 6.2263 -9.1767
v 24.0030 6.2263 -8.6765
f 25123 25124 25125 25126
v 24.9000 6.9000 -8.3500
v 24.9000 6.9000 -8.3500
v 25.0658 6.2263 -9.2901
v 24.4227 6.2263 -9.1767
f 25127 25128 25129 25130
v 24.9000 6.9000 -8.3500
v 24.9000 6.9000 -8.3500
v 25.6313 6.2263 -8.9636
v 25.0658 6.2263 -9.2901
f 25131 25132 25133 25134
v 24.9000 6.9000 -8.3500
v 24.9000 6.9000 -8.3500
v 25.8546 6.2263 -8.3500
v 25.6313 6.2263 -8.9636
f 25135 25136 25137 25138
v 25.8546 6.2263 -8.3500
v 25.6313 6.2263 -7.7364
v 25.9342 4.6000 -7.4822
v 26.2500 4.6000 -8.3500
f 25139 25140 25141 25142
v 25.6313 6.2263 -7.7364
v 25.0658 6.2263 -7.4099
v 25.1344 4.6000 -7.0205
v 25.9342 4.6000 -7.4822
f 25143 25144 25145 25146
v 25.0658 6.2263 -7.4099
v 24.4227 6.2263 -7.5233
v 24.2250 4.6000 -7.1809
v 25.1344 4.6000 -7.0205
f 25147 25148 25149 25150
v 24.4227 6.2263 -7.5233
v 24.0030 6.2263 -8.0235
v 23.6314 4.6000 -7.8883
v 24.2250 4.6000 -7.1809
f 25151 25152 25153 25154
v 24.0030 6.2263 -8.0235
v 24.0030 6.2263 -8.6765
v 23.6314 4.6000 -8.8117
v 23.6314 4.6000 -7.8883
f 25155 25156 25157 25158
v 24.0030 6.2263 -8.6765
v 24.4227 6.2263 -9.1767
v 24.2250 4.6000 -9.5191
v 23.6314 4.6000 -8.8117
f 25159 25160 25161 25162
v 24.4227 6.2263 -9.1767
v 25.0658 6.2263 -9.2901
v 25.1344 4.6000 -9.6795
v 24.2250 4.6000 -9.5191
f 25163 25164 25165 25166
v 25.0658 6.2263 -9.2901
v 25.6313 6.2263 -8.9636
v 25.9342 4.6000 -9.2178
v 25.1344 4.6000 -9.6795
f 25167 25168 25169 25170
v 25.6313 6.2263 -8.9636
v 25.8546 6.2263 -8.3500
v 26.2500 4.6000 -8.3500
v 25.9342 4.6000 -9.2178
f 25171 25172 25173 25174
v 26.2500 4.6000 -8.3500
v 25.9342 4.6000 -7.4822
v 25.6313 2.9737 -7.7364
v 25.8546 2.9737 -8.3500
f 25175 25176 25177 25178
v 25.9342 4.6000 -7.4822
v 25.1344 4.6000 -7.0205
v 25.0658 2.9737 -7.4099
v 25.6313 2.9737 -7.7364
f 25179 25180 25181 25182
v 25.1344 4.6000 -7.0205
v 24.2250 4.6000 -7.1809
v 24.4227 2.9737 -7.5233
v 25.0658 2.9737 -7.4099
f 25183 25184 25185 25186
v 24.2250 4.6000 -7.1809
v 23.6314 4.6000 -7.8883
v 24.0030 2.9737 -8.0235
v 24.4227 2.9737 -7.5233
f 25187 25188 25189 25190
v 23.6314 4.6000 -7.8883
v 23.6314 4.6000 -8.8117
v 24.0030 2.9737 -8.6765
v 24.0030 2.9737 -8.0235
f 25191 25192 25193 25194
v 23.6314 4.6000 -8.8117
v 24.2250 4.6000 -9.5191
v 24.4227 2.9737 -9.1767
v 24.0030 2.9737 -8.6765
f 25195 25196 25197 25198
v 24.2250 4.6000 -9.5191
v 25.1344 4.6000 -9.6795
v 25.0658 2.9737 -9.2901
v 24.4227 2.9737 -9.1767
f 25199 25200 25201 25202
v 25.1344 4.6000 -9.6795
v 25.9342 4.6000 -9.2178
v 25.6313 2.9737 -8.9636
v 25.0658 2.9737 -9.2901
f 25203 25204 25205 25206
v 25.9342 4.6000 -9.2178
v 26.2500 4.6000 -8.3500
v 25.8546 2.9737 -8.3500
v 25.6313 2.9737 -8.9636
f 25207 25208 25209 25210
v 25.8546 2.9737 -8.3500
v 25.6313 2.9737 -7.7364
v 24.9000 2.3000 -8.3500
v 24.9000 2.3000 -8.3500
f 25211 25212 25213 25214
v 25.6313 2.9737 -7.7364
v 25.0658 2.9737 -7.4099
v 24.9000 2.3000 -8.3500
v 24.9000 2.3000 -8.3500
f 25215 25216 25217 25218
v 25.0658 2.9737 -7.4099
v 24.4227 2.9737 -7.5233
v 24.9000 2.3000 -8.3500
v 24.9000 2.3000 -8.3500
f 25219 25220 25221 25222
v 24.4227 2.9737 -7.5233
v 24.0030 2.9737 -8.0235
v 24.9000 2.3000 -8.3500
v 24.9000 2.3000 -8.3500
f 25223 25224 25225 25226
v 24.0030 2.9737 -8.0235
v 24.0030 2.9737 -8.6765
v 24.9000 2.3000 -8.3500
v 24.9000 2.3000 -8.3500
f 25227 25228 25229 25230
v 24.0030 2.9737 -8.6765
v 24.4227 2.9737 -9.1767
v 24.9000 2.3000 -8.3500
v 24.9000 2.3000 -8.3500
f 25231 25232 25233 25234
v 24.4227 2.9737 -9.1767
v 25.0658 2.9737 -9.2901
v 24.9000 2.3000 -8.3500
v 24.9000 2.3000 -8.3500
f 25235 25236 25237 25238
v 25.0658 2.9737 -9.2901
v 25.6313 2.9737 -8.9636
v 24.9000 2.3000 -8.3500
v 24.9000 2.3000 -8.3500
f 25239 25240 25241 25242
v 25.6313 2.9737 -8.9636
v 25.8546 2.9737 -8.3500
v 24.9000 2.3000 -8.3500
v 24.9000 2.3000 -8.3500
f 25243 25244 25245 25246
g level_0_outside_element
usemtl trunk
v 25.9100 3.4000 2.0000
v 25.8485 3.4000 2.1485
v 25.7000 3.4000 2.2100
v 25.5515 3.4000 2.1485
v 25.4900 3.4000 2.0000
v 25.5515 3.4000 1.8515
v 25.7000 3.4000 1.7900
v 25.8485 3.4000 1.8515
f 25247 25248 25249 25250 25251 25252 25253 25254
v 25.9100 0.0000 2.0000
v 25.8485 0.0000 2.1485
v 25.8485 3.4000 2.1485
v 25.9100 3.4000 2.0000
f 25255 25256 25257 25258
v 25.8485 0.0000 2.1485
v 25.7000 0.0000 2.2100
v 25.7000 3.4000 2.2100
v 25.8485 3.4000 2.1485
f 25259 25260 25261 25262
v 25.7000 0.0000 2.2100
v 25.5515 0.0000 2.1485
v 25.5515 3.4000 2.1485
v 25.7000 3.4000 2.2100
f 25263 25264 25265 25266
v 25.5515 0.0000 2.1485
v 25.4900 0.0000 2.0000
v 25.4900 3.4000 2.0000
v 25.5515 3.4000 2.1485
f 25267 25268 25269 25270
v 25.4900 0.0000 2.0000
v 25.5515 0.0000 1.8515
v 25.5515 3.4000 1.8515
v 25.4900 3.4000 2.0000
f 25271 25272 25273 25274
v 25.5515 0.0000 1.8515
v 25.7000 0.0000 1.7900
v 25.7000 3.4000 1.7900
v 25.5515 3.4000 1.8515
f 25275 25276 25277 25278
v 25.7000 0.0000 1.7900
v 25.8485 0.0000 1.8515
v 25.8485 3.4000 1.8515
v 25.7000 3.4000 1.7900
f 25279 25280 25281 25282
v 25.8485 0.0000 1.8515
v 25.9100 0.0000 2.0000
v 25.9100 3.4000 2.0000
v 25.8485 3.4000 1.8515
f 25283 25284 25285 25286
g level_0_landscape_tree_crown
usemtl leaves
v 25.7000 8.0000 2.0000
v 25.7000 8.0000 2.0000
v 26.9459 7.0335 3.0454
v 27.3263 7.0335 2.0000
f 25287 25288 25289 25290
v 25.7000 8.0000 2.0000
v 25.7000 8.0000 2.0000
v 25.9824 7.0335 3.6016
v 26.9459 7.0335 3.0454
f 25291 25292 25293 25294
v 25.7000 8.0000 2.0000
v 25.7000 8.0000 2.0000
v 24.8868 7.0335 3.4085
v 25.9824 7.0335 3.6016
f 25295 25296 25297 25298
v 25.7000 8.0000 2.0000
v 25.7000 8.0000 2.0000
v 24.1717 7.0335 2.5562
v 24.8868 7.0335 3.4085
f 25299 25300 25301 25302
v 25.7000 8.0000 2.0000
v 25.7000 8.0000 2.0000
v 24.1717 7.0335 1.4438
v 24.1717 7.0335 2.5562
f 25303 25304 25305 25306
v 25.7000 8.0000 2.0000
v 25.7000 8.0000 2.0000
v 24.8868 7.0335 0.5915
v 24.1717 7.0335 1.4438
f 25307 25308 25309 25310
v 25.7000 8.0000 2.0000
v 25.7000 8.0000 2.0000
v 25.9824 7.0335 0.3984
v 24.8868 7.0335 0.5915
f 25311 25312 25313 25314
v 25.7000 8.0000 2.0000
v 25.7000 8.0000 2.0000
v 26.9459 7.0335 0.9546
v 25.9824 7.0335 0.3984
f 25315 25316 25317 25318
v 25.7000 8.0000 2.0000
v 25.7000 8.0000 2.0000
v 27.3263 7.0335 2.0000
v 26.9459 7.0335 0.9546
f 25319 25320 25321 25322
v 27.3263 7.0335 2.0000
v 26.9459 7.0335 3.0454
v 27.4619 4.7000 3.4784
v 28.0000 4.7000 2.0000
f 25323 25324 25325 25326
v 26.9459 7.0335 3.0454
v 25.9824 7.0335 3.6016
v 26.0994 4.7000 4.2651
v 27.4619 4.7000 3.4784
f 25327 25328 25329 25330
v 25.9824 7.0335 3.6016
v 24.8868 7.0335 3.4085
v 24.5500 4.7000 3.9919
v 26.0994 4.7000 4.2651
f 25331 25332 25333 25334
v 24.8868 7.0335 3.4085
v 24.1717 7.0335 2.5562
v 23.5387 4.7000 2.7866
v 24.5500 4.7000 3.9919
f 25335 25336 25337 25338
v 24.1717 7.0335 2.5562
v 24.1717 7.0335 1.4438
v 23.5387 4.7000 1.2134
v 23.5387 4.7000 2.7866
f 25339 25340 25341 25342
v 24.1717 7.0335 1.4438
v 24.8868 7.0335 0.5915
v 24.5500 4.7000 0.0081
v 23.5387 4.7000 1.2134
f 25343 25344 25345 25346
v 24.8868 7.0335 0.5915
v 25.9824 7.0335 0.3984
v 26.0994 4.7000 -0.2651
v 24.5500 4.7000 0.0081
f 25347 25348 25349 25350
v 25.9824 7.0335 0.3984
v 26.9459 7.0335 0.9546
v 27.4619 4.7000 0.5216
v 26.0994 4.7000 -0.2651
f 25351 25352 25353 25354
v 26.9459 7.0335 0.9546
v 27.3263 7.0335 2.0000
v 28.0000 4.7000 2.0000
v 27.4619 4.7000 0.5216
f 25355 25356 25357 25358
v 28.0000 4.7000 2.0000
v 27.4619 4.7000 3.4784
v 26.9459 2.3665 3.0454
v 27.3263 2.3665 2.0000
f 25359 25360 25361 25362
v 27.4619 4.7000 3.4784
v 26.0994 4.7000 4.2651
v 25.9824 2.3665 3.6016
v 26.9459 2.3665 3.0454
f 25363 25364 25365 25366
v 26.0994 4.7000 4.2651
v 24.5500 4.7000 3.9919
v 24.8868 2.3665 3.4085
v 25.9824 2.3665 3.6016
f 25367 25368 25369 25370
v 24.5500 4.7000 3.9919
v 23.5387 4.7000 2.7866
v 24.1717 2.3665 2.5562
v 24.8868 2.3665 3.4085
f 25371 25372 25373 25374
v 23.5387 4.7000 2.7866
v 23.5387 4.7000 1.2134
v 24.1717 2.3665 1.4438
v 24.1717 2.3665 2.5562
f 25375 25376 25377 25378
v 23.5387 4.7000 1.2134
v 24.5500 4.7000 0.0081
v 24.8868 2.3665 0.5915
v 24.1717 2.3665 1.4438
f 25379 25380 25381 25382
v 24.5500 4.7000 0.0081
v 26.0994 4.7000 -0.2651
v 25.9824 2.3665 0.3984
v 24.8868 2.3665 0.5915
f 25383 25384 25385 25386
v 26.0994 4.7000 -0.2651
v 27.4619 4.7000 0.5216
v 26.9459 2.3665 0.9546
v 25.9824 2.3665 0.3984
f 25387 25388 25389 25390
v 27.4619 4.7000 0.5216
v 28.0000 4.7000 2.0000
v 27.3263 2.3665 2.0000
v 26.9459 2.3665 0.9546
f 25391 25392 25393 25394
v 27.3263 2.3665 2.0000
v 26.9459 2.3665 3.0454
v 25.7000 1.4000 2.0000
v 25.7000 1.4000 2.0000
f 25395 25396 25397 25398
v 26.9459 2.3665 3.0454
v 25.9824 2.3665 3.6016
v 25.7000 1.4000 2.0000
v 25.7000 1.4000 2.0000
f 25399 25400 25401 25402
v 25.9824 2.3665 3.6016
v 24.8868 2.3665 3.4085
v 25.7000 1.4000 2.0000
v 25.7000 1.4000 2.0000
f 25403 25404 25405 25406
v 24.8868 2.3665 3.4085
v 24.1717 2.3665 2.5562
v 25.7000 1.4000 2.0000
v 25.7000 1.4000 2.0000
f 25407 25408 25409 25410
v 24.1717 2.3665 2.5562
v 24.1717 2.3665 1.4438
v 25.7000 1.4000 2.0000
v 25.7000 1.4000 2.0000
f 25411 25412 25413 25414
v 24.1717 2.3665 1.4438
v 24.8868 2.3665 0.5915
v 25.7000 1.4000 2.0000
v 25.7000 1.4000 2.0000
f 25415 25416 25417 25418
v 24.8868 2.3665 0.5915
v 25.9824 2.3665 0.3984
v 25.7000 1.4000 2.0000
v 25.7000 1.4000 2.0000
f 25419 25420 25421 25422
v 25.9824 2.3665 0.3984
v 26.9459 2.3665 0.9546
v 25.7000 1.4000 2.0000
v 25.7000 1.4000 2.0000
f 25423 25424 25425 25426
v 26.9459 2.3665 0.9546
v 27.3263 2.3665 2.0000
v 25.7000 1.4000 2.0000
v 25.7000 1.4000 2.0000
f 25427 25428 25429 25430
usemtl leavesLight
v 24.9000 6.9000 2.6500
v 24.9000 6.9000 2.6500
v 25.6313 6.2263 3.2636
v 25.8546 6.2263 2.6500
f 25431 25432 25433 25434
v 24.9000 6.9000 2.6500
v 24.9000 6.9000 2.6500
v 25.0658 6.2263 3.5901
v 25.6313 6.2263 3.2636
f 25435 25436 25437 25438
v 24.9000 6.9000 2.6500
v 24.9000 6.9000 2.6500
v 24.4227 6.2263 3.4767
v 25.0658 6.2263 3.5901
f 25439 25440 25441 25442
v 24.9000 6.9000 2.6500
v 24.9000 6.9000 2.6500
v 24.0030 6.2263 2.9765
v 24.4227 6.2263 3.4767
f 25443 25444 25445 25446
v 24.9000 6.9000 2.6500
v 24.9000 6.9000 2.6500
v 24.0030 6.2263 2.3235
v 24.0030 6.2263 2.9765
f 25447 25448 25449 25450
v 24.9000 6.9000 2.6500
v 24.9000 6.9000 2.6500
v 24.4227 6.2263 1.8233
v 24.0030 6.2263 2.3235
f 25451 25452 25453 25454
v 24.9000 6.9000 2.6500
v 24.9000 6.9000 2.6500
v 25.0658 6.2263 1.7099
v 24.4227 6.2263 1.8233
f 25455 25456 25457 25458
v 24.9000 6.9000 2.6500
v 24.9000 6.9000 2.6500
v 25.6313 6.2263 2.0364
v 25.0658 6.2263 1.7099
f 25459 25460 25461 25462
v 24.9000 6.9000 2.6500
v 24.9000 6.9000 2.6500
v 25.8546 6.2263 2.6500
v 25.6313 6.2263 2.0364
f 25463 25464 25465 25466
v 25.8546 6.2263 2.6500
v 25.6313 6.2263 3.2636
v 25.9342 4.6000 3.5178
v 26.2500 4.6000 2.6500
f 25467 25468 25469 25470
v 25.6313 6.2263 3.2636
v 25.0658 6.2263 3.5901
v 25.1344 4.6000 3.9795
v 25.9342 4.6000 3.5178
f 25471 25472 25473 25474
v 25.0658 6.2263 3.5901
v 24.4227 6.2263 3.4767
v 24.2250 4.6000 3.8191
v 25.1344 4.6000 3.9795
f 25475 25476 25477 25478
v 24.4227 6.2263 3.4767
v 24.0030 6.2263 2.9765
v 23.6314 4.6000 3.1117
v 24.2250 4.6000 3.8191
f 25479 25480 25481 25482
v 24.0030 6.2263 2.9765
v 24.0030 6.2263 2.3235
v 23.6314 4.6000 2.1883
v 23.6314 4.6000 3.1117
f 25483 25484 25485 25486
v 24.0030 6.2263 2.3235
v 24.4227 6.2263 1.8233
v 24.2250 4.6000 1.4809
v 23.6314 4.6000 2.1883
f 25487 25488 25489 25490
v 24.4227 6.2263 1.8233
v 25.0658 6.2263 1.7099
v 25.1344 4.6000 1.3205
v 24.2250 4.6000 1.4809
f 25491 25492 25493 25494
v 25.0658 6.2263 1.7099
v 25.6313 6.2263 2.0364
v 25.9342 4.6000 1.7822
v 25.1344 4.6000 1.3205
f 25495 25496 25497 25498
v 25.6313 6.2263 2.0364
v 25.8546 6.2263 2.6500
v 26.2500 4.6000 2.6500
v 25.9342 4.6000 1.7822
f 25499 25500 25501 25502
v 26.2500 4.6000 2.6500
v 25.9342 4.6000 3.5178
v 25.6313 2.9737 3.2636
v 25.8546 2.9737 2.6500
f 25503 25504 25505 25506
v 25.9342 4.6000 3.5178
v 25.1344 4.6000 3.9795
v 25.0658 2.9737 3.5901
v 25.6313 2.9737 3.2636
f 25507 25508 25509 25510
v 25.1344 4.6000 3.9795
v 24.2250 4.6000 3.8191
v 24.4227 2.9737 3.4767
v 25.0658 2.9737 3.5901
f 25511 25512 25513 25514
v 24.2250 4.6000 3.8191
v 23.6314 4.6000 3.1117
v 24.0030 2.9737 2.9765
v 24.4227 2.9737 3.4767
f 25515 25516 25517 25518
v 23.6314 4.6000 3.1117
v 23.6314 4.6000 2.1883
v 24.0030 2.9737 2.3235
v 24.0030 2.9737 2.9765
f 25519 25520 25521 25522
v 23.6314 4.6000 2.1883
v 24.2250 4.6000 1.4809
v 24.4227 2.9737 1.8233
v 24.0030 2.9737 2.3235
f 25523 25524 25525 25526
v 24.2250 4.6000 1.4809
v 25.1344 4.6000 1.3205
v 25.0658 2.9737 1.7099
v 24.4227 2.9737 1.8233
f 25527 25528 25529 25530
v 25.1344 4.6000 1.3205
v 25.9342 4.6000 1.7822
v 25.6313 2.9737 2.0364
v 25.0658 2.9737 1.7099
f 25531 25532 25533 25534
v 25.9342 4.6000 1.7822
v 26.2500 4.6000 2.6500
v 25.8546 2.9737 2.6500
v 25.6313 2.9737 2.0364
f 25535 25536 25537 25538
v 25.8546 2.9737 2.6500
v 25.6313 2.9737 3.2636
v 24.9000 2.3000 2.6500
v 24.9000 2.3000 2.6500
f 25539 25540 25541 25542
v 25.6313 2.9737 3.2636
v 25.0658 2.9737 3.5901
v 24.9000 2.3000 2.6500
v 24.9000 2.3000 2.6500
f 25543 25544 25545 25546
v 25.0658 2.9737 3.5901
v 24.4227 2.9737 3.4767
v 24.9000 2.3000 2.6500
v 24.9000 2.3000 2.6500
f 25547 25548 25549 25550
v 24.4227 2.9737 3.4767
v 24.0030 2.9737 2.9765
v 24.9000 2.3000 2.6500
v 24.9000 2.3000 2.6500
f 25551 25552 25553 25554
v 24.0030 2.9737 2.9765
v 24.0030 2.9737 2.3235
v 24.9000 2.3000 2.6500
v 24.9000 2.3000 2.6500
f 25555 25556 25557 25558
v 24.0030 2.9737 2.3235
v 24.4227 2.9737 1.8233
v 24.9000 2.3000 2.6500
v 24.9000 2.3000 2.6500
f 25559 25560 25561 25562
v 24.4227 2.9737 1.8233
v 25.0658 2.9737 1.7099
v 24.9000 2.3000 2.6500
v 24.9000 2.3000 2.6500
f 25563 25564 25565 25566
v 25.0658 2.9737 1.7099
v 25.6313 2.9737 2.0364
v 24.9000 2.3000 2.6500
v 24.9000 2.3000 2.6500
f 25567 25568 25569 25570
v 25.6313 2.9737 2.0364
v 25.8546 2.9737 2.6500
v 24.9000 2.3000 2.6500
v 24.9000 2.3000 2.6500
f 25571 25572 25573 25574
g level_0_outside_element
usemtl trunk
v 25.9100 3.4000 13.0000
v 25.8485 3.4000 13.1485
v 25.7000 3.4000 13.2100
v 25.5515 3.4000 13.1485
v 25.4900 3.4000 13.0000
v 25.5515 3.4000 12.8515
v 25.7000 3.4000 12.7900
v 25.8485 3.4000 12.8515
f 25575 25576 25577 25578 25579 25580 25581 25582
v 25.9100 0.0000 13.0000
v 25.8485 0.0000 13.1485
v 25.8485 3.4000 13.1485
v 25.9100 3.4000 13.0000
f 25583 25584 25585 25586
v 25.8485 0.0000 13.1485
v 25.7000 0.0000 13.2100
v 25.7000 3.4000 13.2100
v 25.8485 3.4000 13.1485
f 25587 25588 25589 25590
v 25.7000 0.0000 13.2100
v 25.5515 0.0000 13.1485
v 25.5515 3.4000 13.1485
v 25.7000 3.4000 13.2100
f 25591 25592 25593 25594
v 25.5515 0.0000 13.1485
v 25.4900 0.0000 13.0000
v 25.4900 3.4000 13.0000
v 25.5515 3.4000 13.1485
f 25595 25596 25597 25598
v 25.4900 0.0000 13.0000
v 25.5515 0.0000 12.8515
v 25.5515 3.4000 12.8515
v 25.4900 3.4000 13.0000
f 25599 25600 25601 25602
v 25.5515 0.0000 12.8515
v 25.7000 0.0000 12.7900
v 25.7000 3.4000 12.7900
v 25.5515 3.4000 12.8515
f 25603 25604 25605 25606
v 25.7000 0.0000 12.7900
v 25.8485 0.0000 12.8515
v 25.8485 3.4000 12.8515
v 25.7000 3.4000 12.7900
f 25607 25608 25609 25610
v 25.8485 0.0000 12.8515
v 25.9100 0.0000 13.0000
v 25.9100 3.4000 13.0000
v 25.8485 3.4000 12.8515
f 25611 25612 25613 25614
g level_0_landscape_tree_crown
usemtl leaves
v 25.7000 8.0000 13.0000
v 25.7000 8.0000 13.0000
v 26.9459 7.0335 14.0454
v 27.3263 7.0335 13.0000
f 25615 25616 25617 25618
v 25.7000 8.0000 13.0000
v 25.7000 8.0000 13.0000
v 25.9824 7.0335 14.6016
v 26.9459 7.0335 14.0454
f 25619 25620 25621 25622
v 25.7000 8.0000 13.0000
v 25.7000 8.0000 13.0000
v 24.8868 7.0335 14.4085
v 25.9824 7.0335 14.6016
f 25623 25624 25625 25626
v 25.7000 8.0000 13.0000
v 25.7000 8.0000 13.0000
v 24.1717 7.0335 13.5562
v 24.8868 7.0335 14.4085
f 25627 25628 25629 25630
v 25.7000 8.0000 13.0000
v 25.7000 8.0000 13.0000
v 24.1717 7.0335 12.4438
v 24.1717 7.0335 13.5562
f 25631 25632 25633 25634
v 25.7000 8.0000 13.0000
v 25.7000 8.0000 13.0000
v 24.8868 7.0335 11.5915
v 24.1717 7.0335 12.4438
f 25635 25636 25637 25638
v 25.7000 8.0000 13.0000
v 25.7000 8.0000 13.0000
v 25.9824 7.0335 11.3984
v 24.8868 7.0335 11.5915
f 25639 25640 25641 25642
v 25.7000 8.0000 13.0000
v 25.7000 8.0000 13.0000
v 26.9459 7.0335 11.9546
v 25.9824 7.0335 11.3984
f 25643 25644 25645 25646
v 25.7000 8.0000 13.0000
v 25.7000 8.0000 13.0000
v 27.3263 7.0335 13.0000
v 26.9459 7.0335 11.9546
f 25647 25648 25649 25650
v 27.3263 7.0335 13.0000
v 26.9459 7.0335 14.0454
v 27.4619 4.7000 14.4784
v 28.0000 4.7000 13.0000
f 25651 25652 25653 25654
v 26.9459 7.0335 14.0454
v 25.9824 7.0335 14.6016
v 26.0994 4.7000 15.2651
v 27.4619 4.7000 14.4784
f 25655 25656 25657 25658
v 25.9824 7.0335 14.6016
v 24.8868 7.0335 14.4085
v 24.5500 4.7000 14.9919
v 26.0994 4.7000 15.2651
f 25659 25660 25661 25662
v 24.8868 7.0335 14.4085
v 24.1717 7.0335 13.5562
v 23.5387 4.7000 13.7866
v 24.5500 4.7000 14.9919
f 25663 25664 25665 25666
v 24.1717 7.0335 13.5562
v 24.1717 7.0335 12.4438
v 23.5387 4.7000 12.2134
v 23.5387 4.7000 13.7866
f 25667 25668 25669 25670
v 24.1717 7.0335 12.4438
v 24.8868 7.0335 11.5915
v 24.5500 4.7000 11.0081
v 23.5387 4.7000 12.2134
f 25671 25672 25673 25674
v 24.8868 7.0335 11.5915
v 25.9824 7.0335 11.3984
v 26.0994 4.7000 10.7349
v 24.5500 4.7000 11.0081
f 25675 25676 25677 25678
v 25.9824 7.0335 11.3984
v 26.9459 7.0335 11.9546
v 27.4619 4.7000 11.5216
v 26.0994 4.7000 10.7349
f 25679 25680 25681 25682
v 26.9459 7.0335 11.9546
v 27.3263 7.0335 13.0000
v 28.0000 4.7000 13.0000
v 27.4619 4.7000 11.5216
f 25683 25684 25685 25686
v 28.0000 4.7000 13.0000
v 27.4619 4.7000 14.4784
v 26.9459 2.3665 14.0454
v 27.3263 2.3665 13.0000
f 25687 25688 25689 25690
v 27.4619 4.7000 14.4784
v 26.0994 4.7000 15.2651
v 25.9824 2.3665 14.6016
v 26.9459 2.3665 14.0454
f 25691 25692 25693 25694
v 26.0994 4.7000 15.2651
v 24.5500 4.7000 14.9919
v 24.8868 2.3665 14.4085
v 25.9824 2.3665 14.6016
f 25695 25696 25697 25698
v 24.5500 4.7000 14.9919
v 23.5387 4.7000 13.7866
v 24.1717 2.3665 13.5562
v 24.8868 2.3665 14.4085
f 25699 25700 25701 25702
v 23.5387 4.7000 13.7866
v 23.5387 4.7000 12.2134
v 24.1717 2.3665 12.4438
v 24.1717 2.3665 13.5562
f 25703 25704 25705 25706
v 23.5387 4.7000 12.2134
v 24.5500 4.7000 11.0081
v 24.8868 2.3665 11.5915
v 24.1717 2.3665 12.4438
f 25707 25708 25709 25710
v 24.5500 4.7000 11.0081
v 26.0994 4.7000 10.7349
v 25.9824 2.3665 11.3984
v 24.8868 2.3665 11.5915
f 25711 25712 25713 25714
v 26.0994 4.7000 10.7349
v 27.4619 4.7000 11.5216
v 26.9459 2.3665 11.9546
v 25.9824 2.3665 11.3984
f 25715 25716 25717 25718
v 27.4619 4.7000 11.5216
v 28.0000 4.7000 13.0000
v 27.3263 2.3665 13.0000
v 26.9459 2.3665 11.9546
f 25719 25720 25721 25722
v 27.3263 2.3665 13.0000
v 26.9459 2.3665 14.0454
v 25.7000 1.4000 13.0000
v 25.7000 1.4000 13.0000
f 25723 25724 25725 25726
v 26.9459 2.3665 14.0454
v 25.9824 2.3665 14.6016
v 25.7000 1.4000 13.0000
v 25.7000 1.4000 13.0000
f 25727 25728 25729 25730
v 25.9824 2.3665 14.6016
v 24.8868 2.3665 14.4085
v 25.7000 1.4000 13.0000
v 25.7000 1.4000 13.0000
f 25731 25732 25733 25734
v 24.8868 2.3665 14.4085
v 24.1717 2.3665 13.5562
v 25.7000 1.4000 13.0000
v 25.7000 1.4000 13.0000
f 25735 25736 25737 25738
v 24.1717 2.3665 13.5562
v 24.1717 2.3665 12.4438
v 25.7000 1.4000 13.0000
v 25.7000 1.4000 13.0000
f 25739 25740 25741 25742
v 24.1717 2.3665 12.4438
v 24.8868 2.3665 11.5915
v 25.7000 1.4000 13.0000
v 25.7000 1.4000 13.0000
f 25743 25744 25745 25746
v 24.8868 2.3665 11.5915
v 25.9824 2.3665 11.3984
v 25.7000 1.4000 13.0000
v 25.7000 1.4000 13.0000
f 25747 25748 25749 25750
v 25.9824 2.3665 11.3984
v 26.9459 2.3665 11.9546
v 25.7000 1.4000 13.0000
v 25.7000 1.4000 13.0000
f 25751 25752 25753 25754
v 26.9459 2.3665 11.9546
v 27.3263 2.3665 13.0000
v 25.7000 1.4000 13.0000
v 25.7000 1.4000 13.0000
f 25755 25756 25757 25758
usemtl leavesLight
v 24.9000 6.9000 13.6500
v 24.9000 6.9000 13.6500
v 25.6313 6.2263 14.2636
v 25.8546 6.2263 13.6500
f 25759 25760 25761 25762
v 24.9000 6.9000 13.6500
v 24.9000 6.9000 13.6500
v 25.0658 6.2263 14.5901
v 25.6313 6.2263 14.2636
f 25763 25764 25765 25766
v 24.9000 6.9000 13.6500
v 24.9000 6.9000 13.6500
v 24.4227 6.2263 14.4767
v 25.0658 6.2263 14.5901
f 25767 25768 25769 25770
v 24.9000 6.9000 13.6500
v 24.9000 6.9000 13.6500
v 24.0030 6.2263 13.9765
v 24.4227 6.2263 14.4767
f 25771 25772 25773 25774
v 24.9000 6.9000 13.6500
v 24.9000 6.9000 13.6500
v 24.0030 6.2263 13.3235
v 24.0030 6.2263 13.9765
f 25775 25776 25777 25778
v 24.9000 6.9000 13.6500
v 24.9000 6.9000 13.6500
v 24.4227 6.2263 12.8233
v 24.0030 6.2263 13.3235
f 25779 25780 25781 25782
v 24.9000 6.9000 13.6500
v 24.9000 6.9000 13.6500
v 25.0658 6.2263 12.7099
v 24.4227 6.2263 12.8233
f 25783 25784 25785 25786
v 24.9000 6.9000 13.6500
v 24.9000 6.9000 13.6500
v 25.6313 6.2263 13.0364
v 25.0658 6.2263 12.7099
f 25787 25788 25789 25790
v 24.9000 6.9000 13.6500
v 24.9000 6.9000 13.6500
v 25.8546 6.2263 13.6500
v 25.6313 6.2263 13.0364
f 25791 25792 25793 25794
v 25.8546 6.2263 13.6500
v 25.6313 6.2263 14.2636
v 25.9342 4.6000 14.5178
v 26.2500 4.6000 13.6500
f 25795 25796 25797 25798
v 25.6313 6.2263 14.2636
v 25.0658 6.2263 14.5901
v 25.1344 4.6000 14.9795
v 25.9342 4.6000 14.5178
f 25799 25800 25801 25802
v 25.0658 6.2263 14.5901
v 24.4227 6.2263 14.4767
v 24.2250 4.6000 14.8191
v 25.1344 4.6000 14.9795
f 25803 25804 25805 25806
v 24.4227 6.2263 14.4767
v 24.0030 6.2263 13.9765
v 23.6314 4.6000 14.1117
v 24.2250 4.6000 14.8191
f 25807 25808 25809 25810
v 24.0030 6.2263 13.9765
v 24.0030 6.2263 13.3235
v 23.6314 4.6000 13.1883
v 23.6314 4.6000 14.1117
f 25811 25812 25813 25814
v 24.0030 6.2263 13.3235
v 24.4227 6.2263 12.8233
v 24.2250 4.6000 12.4809
v 23.6314 4.6000 13.1883
f 25815 25816 25817 25818
v 24.4227 6.2263 12.8233
v 25.0658 6.2263 12.7099
v 25.1344 4.6000 12.3205
v 24.2250 4.6000 12.4809
f 25819 25820 25821 25822
v 25.0658 6.2263 12.7099
v 25.6313 6.2263 13.0364
v 25.9342 4.6000 12.7822
v 25.1344 4.6000 12.3205
f 25823 25824 25825 25826
v 25.6313 6.2263 13.0364
v 25.8546 6.2263 13.6500
v 26.2500 4.6000 13.6500
v 25.9342 4.6000 12.7822
f 25827 25828 25829 25830
v 26.2500 4.6000 13.6500
v 25.9342 4.6000 14.5178
v 25.6313 2.9737 14.2636
v 25.8546 2.9737 13.6500
f 25831 25832 25833 25834
v 25.9342 4.6000 14.5178
v 25.1344 4.6000 14.9795
v 25.0658 2.9737 14.5901
v 25.6313 2.9737 14.2636
f 25835 25836 25837 25838
v 25.1344 4.6000 14.9795
v 24.2250 4.6000 14.8191
v 24.4227 2.9737 14.4767
v 25.0658 2.9737 14.5901
f 25839 25840 25841 25842
v 24.2250 4.6000 14.8191
v 23.6314 4.6000 14.1117
v 24.0030 2.9737 13.9765
v 24.4227 2.9737 14.4767
f 25843 25844 25845 25846
v 23.6314 4.6000 14.1117
v 23.6314 4.6000 13.1883
v 24.0030 2.9737 13.3235
v 24.0030 2.9737 13.9765
f 25847 25848 25849 25850
v 23.6314 4.6000 13.1883
v 24.2250 4.6000 12.4809
v 24.4227 2.9737 12.8233
v 24.0030 2.9737 13.3235
f 25851 25852 25853 25854
v 24.2250 4.6000 12.4809
v 25.1344 4.6000 12.3205
v 25.0658 2.9737 12.7099
v 24.4227 2.9737 12.8233
f 25855 25856 25857 25858
v 25.1344 4.6000 12.3205
v 25.9342 4.6000 12.7822
v 25.6313 2.9737 13.0364
v 25.0658 2.9737 12.7099
f 25859 25860 25861 25862
v 25.9342 4.6000 12.7822
v 26.2500 4.6000 13.6500
v 25.8546 2.9737 13.6500
v 25.6313 2.9737 13.0364
f 25863 25864 25865 25866
v 25.8546 2.9737 13.6500
v 25.6313 2.9737 14.2636
v 24.9000 2.3000 13.6500
v 24.9000 2.3000 13.6500
f 25867 25868 25869 25870
v 25.6313 2.9737 14.2636
v 25.0658 2.9737 14.5901
v 24.9000 2.3000 13.6500
v 24.9000 2.3000 13.6500
f 25871 25872 25873 25874
v 25.0658 2.9737 14.5901
v 24.4227 2.9737 14.4767
v 24.9000 2.3000 13.6500
v 24.9000 2.3000 13.6500
f 25875 25876 25877 25878
v 24.4227 2.9737 14.4767
v 24.0030 2.9737 13.9765
v 24.9000 2.3000 13.6500
v 24.9000 2.3000 13.6500
f 25879 25880 25881 25882
v 24.0030 2.9737 13.9765
v 24.0030 2.9737 13.3235
v 24.9000 2.3000 13.6500
v 24.9000 2.3000 13.6500
f 25883 25884 25885 25886
v 24.0030 2.9737 13.3235
v 24.4227 2.9737 12.8233
v 24.9000 2.3000 13.6500
v 24.9000 2.3000 13.6500
f 25887 25888 25889 25890
v 24.4227 2.9737 12.8233
v 25.0658 2.9737 12.7099
v 24.9000 2.3000 13.6500
v 24.9000 2.3000 13.6500
f 25891 25892 25893 25894
v 25.0658 2.9737 12.7099
v 25.6313 2.9737 13.0364
v 24.9000 2.3000 13.6500
v 24.9000 2.3000 13.6500
f 25895 25896 25897 25898
v 25.6313 2.9737 13.0364
v 25.8546 2.9737 13.6500
v 24.9000 2.3000 13.6500
v 24.9000 2.3000 13.6500
f 25899 25900 25901 25902
g level_0_outside_element
usemtl trunk
v 25.9100 3.4000 26.0000
v 25.8485 3.4000 26.1485
v 25.7000 3.4000 26.2100
v 25.5515 3.4000 26.1485
v 25.4900 3.4000 26.0000
v 25.5515 3.4000 25.8515
v 25.7000 3.4000 25.7900
v 25.8485 3.4000 25.8515
f 25903 25904 25905 25906 25907 25908 25909 25910
v 25.9100 0.0000 26.0000
v 25.8485 0.0000 26.1485
v 25.8485 3.4000 26.1485
v 25.9100 3.4000 26.0000
f 25911 25912 25913 25914
v 25.8485 0.0000 26.1485
v 25.7000 0.0000 26.2100
v 25.7000 3.4000 26.2100
v 25.8485 3.4000 26.1485
f 25915 25916 25917 25918
v 25.7000 0.0000 26.2100
v 25.5515 0.0000 26.1485
v 25.5515 3.4000 26.1485
v 25.7000 3.4000 26.2100
f 25919 25920 25921 25922
v 25.5515 0.0000 26.1485
v 25.4900 0.0000 26.0000
v 25.4900 3.4000 26.0000
v 25.5515 3.4000 26.1485
f 25923 25924 25925 25926
v 25.4900 0.0000 26.0000
v 25.5515 0.0000 25.8515
v 25.5515 3.4000 25.8515
v 25.4900 3.4000 26.0000
f 25927 25928 25929 25930
v 25.5515 0.0000 25.8515
v 25.7000 0.0000 25.7900
v 25.7000 3.4000 25.7900
v 25.5515 3.4000 25.8515
f 25931 25932 25933 25934
v 25.7000 0.0000 25.7900
v 25.8485 0.0000 25.8515
v 25.8485 3.4000 25.8515
v 25.7000 3.4000 25.7900
f 25935 25936 25937 25938
v 25.8485 0.0000 25.8515
v 25.9100 0.0000 26.0000
v 25.9100 3.4000 26.0000
v 25.8485 3.4000 25.8515
f 25939 25940 25941 25942
g level_0_landscape_tree_crown
usemtl leaves
v 25.7000 8.0000 26.0000
v 25.7000 8.0000 26.0000
v 26.9459 7.0335 27.0454
v 27.3263 7.0335 26.0000
f 25943 25944 25945 25946
v 25.7000 8.0000 26.0000
v 25.7000 8.0000 26.0000
v 25.9824 7.0335 27.6016
v 26.9459 7.0335 27.0454
f 25947 25948 25949 25950
v 25.7000 8.0000 26.0000
v 25.7000 8.0000 26.0000
v 24.8868 7.0335 27.4085
v 25.9824 7.0335 27.6016
f 25951 25952 25953 25954
v 25.7000 8.0000 26.0000
v 25.7000 8.0000 26.0000
v 24.1717 7.0335 26.5562
v 24.8868 7.0335 27.4085
f 25955 25956 25957 25958
v 25.7000 8.0000 26.0000
v 25.7000 8.0000 26.0000
v 24.1717 7.0335 25.4438
v 24.1717 7.0335 26.5562
f 25959 25960 25961 25962
v 25.7000 8.0000 26.0000
v 25.7000 8.0000 26.0000
v 24.8868 7.0335 24.5915
v 24.1717 7.0335 25.4438
f 25963 25964 25965 25966
v 25.7000 8.0000 26.0000
v 25.7000 8.0000 26.0000
v 25.9824 7.0335 24.3984
v 24.8868 7.0335 24.5915
f 25967 25968 25969 25970
v 25.7000 8.0000 26.0000
v 25.7000 8.0000 26.0000
v 26.9459 7.0335 24.9546
v 25.9824 7.0335 24.3984
f 25971 25972 25973 25974
v 25.7000 8.0000 26.0000
v 25.7000 8.0000 26.0000
v 27.3263 7.0335 26.0000
v 26.9459 7.0335 24.9546
f 25975 25976 25977 25978
v 27.3263 7.0335 26.0000
v 26.9459 7.0335 27.0454
v 27.4619 4.7000 27.4784
v 28.0000 4.7000 26.0000
f 25979 25980 25981 25982
v 26.9459 7.0335 27.0454
v 25.9824 7.0335 27.6016
v 26.0994 4.7000 28.2651
v 27.4619 4.7000 27.4784
f 25983 25984 25985 25986
v 25.9824 7.0335 27.6016
v 24.8868 7.0335 27.4085
v 24.5500 4.7000 27.9919
v 26.0994 4.7000 28.2651
f 25987 25988 25989 25990
v 24.8868 7.0335 27.4085
v 24.1717 7.0335 26.5562
v 23.5387 4.7000 26.7866
v 24.5500 4.7000 27.9919
f 25991 25992 25993 25994
v 24.1717 7.0335 26.5562
v 24.1717 7.0335 25.4438
v 23.5387 4.7000 25.2134
v 23.5387 4.7000 26.7866
f 25995 25996 25997 25998
v 24.1717 7.0335 25.4438
v 24.8868 7.0335 24.5915
v 24.5500 4.7000 24.0081
v 23.5387 4.7000 25.2134
f 25999 26000 26001 26002
v 24.8868 7.0335 24.5915
v 25.9824 7.0335 24.3984
v 26.0994 4.7000 23.7349
v 24.5500 4.7000 24.0081
f 26003 26004 26005 26006
v 25.9824 7.0335 24.3984
v 26.9459 7.0335 24.9546
v 27.4619 4.7000 24.5216
v 26.0994 4.7000 23.7349
f 26007 26008 26009 26010
v 26.9459 7.0335 24.9546
v 27.3263 7.0335 26.0000
v 28.0000 4.7000 26.0000
v 27.4619 4.7000 24.5216
f 26011 26012 26013 26014
v 28.0000 4.7000 26.0000
v 27.4619 4.7000 27.4784
v 26.9459 2.3665 27.0454
v 27.3263 2.3665 26.0000
f 26015 26016 26017 26018
v 27.4619 4.7000 27.4784
v 26.0994 4.7000 28.2651
v 25.9824 2.3665 27.6016
v 26.9459 2.3665 27.0454
f 26019 26020 26021 26022
v 26.0994 4.7000 28.2651
v 24.5500 4.7000 27.9919
v 24.8868 2.3665 27.4085
v 25.9824 2.3665 27.6016
f 26023 26024 26025 26026
v 24.5500 4.7000 27.9919
v 23.5387 4.7000 26.7866
v 24.1717 2.3665 26.5562
v 24.8868 2.3665 27.4085
f 26027 26028 26029 26030
v 23.5387 4.7000 26.7866
v 23.5387 4.7000 25.2134
v 24.1717 2.3665 25.4438
v 24.1717 2.3665 26.5562
f 26031 26032 26033 26034
v 23.5387 4.7000 25.2134
v 24.5500 4.7000 24.0081
v 24.8868 2.3665 24.5915
v 24.1717 2.3665 25.4438
f 26035 26036 26037 26038
v 24.5500 4.7000 24.0081
v 26.0994 4.7000 23.7349
v 25.9824 2.3665 24.3984
v 24.8868 2.3665 24.5915
f 26039 26040 26041 26042
v 26.0994 4.7000 23.7349
v 27.4619 4.7000 24.5216
v 26.9459 2.3665 24.9546
v 25.9824 2.3665 24.3984
f 26043 26044 26045 26046
v 27.4619 4.7000 24.5216
v 28.0000 4.7000 26.0000
v 27.3263 2.3665 26.0000
v 26.9459 2.3665 24.9546
f 26047 26048 26049 26050
v 27.3263 2.3665 26.0000
v 26.9459 2.3665 27.0454
v 25.7000 1.4000 26.0000
v 25.7000 1.4000 26.0000
f 26051 26052 26053 26054
v 26.9459 2.3665 27.0454
v 25.9824 2.3665 27.6016
v 25.7000 1.4000 26.0000
v 25.7000 1.4000 26.0000
f 26055 26056 26057 26058
v 25.9824 2.3665 27.6016
v 24.8868 2.3665 27.4085
v 25.7000 1.4000 26.0000
v 25.7000 1.4000 26.0000
f 26059 26060 26061 26062
v 24.8868 2.3665 27.4085
v 24.1717 2.3665 26.5562
v 25.7000 1.4000 26.0000
v 25.7000 1.4000 26.0000
f 26063 26064 26065 26066
v 24.1717 2.3665 26.5562
v 24.1717 2.3665 25.4438
v 25.7000 1.4000 26.0000
v 25.7000 1.4000 26.0000
f 26067 26068 26069 26070
v 24.1717 2.3665 25.4438
v 24.8868 2.3665 24.5915
v 25.7000 1.4000 26.0000
v 25.7000 1.4000 26.0000
f 26071 26072 26073 26074
v 24.8868 2.3665 24.5915
v 25.9824 2.3665 24.3984
v 25.7000 1.4000 26.0000
v 25.7000 1.4000 26.0000
f 26075 26076 26077 26078
v 25.9824 2.3665 24.3984
v 26.9459 2.3665 24.9546
v 25.7000 1.4000 26.0000
v 25.7000 1.4000 26.0000
f 26079 26080 26081 26082
v 26.9459 2.3665 24.9546
v 27.3263 2.3665 26.0000
v 25.7000 1.4000 26.0000
v 25.7000 1.4000 26.0000
f 26083 26084 26085 26086
usemtl leavesLight
v 24.9000 6.9000 26.6500
v 24.9000 6.9000 26.6500
v 25.6313 6.2263 27.2636
v 25.8546 6.2263 26.6500
f 26087 26088 26089 26090
v 24.9000 6.9000 26.6500
v 24.9000 6.9000 26.6500
v 25.0658 6.2263 27.5901
v 25.6313 6.2263 27.2636
f 26091 26092 26093 26094
v 24.9000 6.9000 26.6500
v 24.9000 6.9000 26.6500
v 24.4227 6.2263 27.4767
v 25.0658 6.2263 27.5901
f 26095 26096 26097 26098
v 24.9000 6.9000 26.6500
v 24.9000 6.9000 26.6500
v 24.0030 6.2263 26.9765
v 24.4227 6.2263 27.4767
f 26099 26100 26101 26102
v 24.9000 6.9000 26.6500
v 24.9000 6.9000 26.6500
v 24.0030 6.2263 26.3235
v 24.0030 6.2263 26.9765
f 26103 26104 26105 26106
v 24.9000 6.9000 26.6500
v 24.9000 6.9000 26.6500
v 24.4227 6.2263 25.8233
v 24.0030 6.2263 26.3235
f 26107 26108 26109 26110
v 24.9000 6.9000 26.6500
v 24.9000 6.9000 26.6500
v 25.0658 6.2263 25.7099
v 24.4227 6.2263 25.8233
f 26111 26112 26113 26114
v 24.9000 6.9000 26.6500
v 24.9000 6.9000 26.6500
v 25.6313 6.2263 26.0364
v 25.0658 6.2263 25.7099
f 26115 26116 26117 26118
v 24.9000 6.9000 26.6500
v 24.9000 6.9000 26.6500
v 25.8546 6.2263 26.6500
v 25.6313 6.2263 26.0364
f 26119 26120 26121 26122
v 25.8546 6.2263 26.6500
v 25.6313 6.2263 27.2636
v 25.9342 4.6000 27.5178
v 26.2500 4.6000 26.6500
f 26123 26124 26125 26126
v 25.6313 6.2263 27.2636
v 25.0658 6.2263 27.5901
v 25.1344 4.6000 27.9795
v 25.9342 4.6000 27.5178
f 26127 26128 26129 26130
v 25.0658 6.2263 27.5901
v 24.4227 6.2263 27.4767
v 24.2250 4.6000 27.8191
v 25.1344 4.6000 27.9795
f 26131 26132 26133 26134
v 24.4227 6.2263 27.4767
v 24.0030 6.2263 26.9765
v 23.6314 4.6000 27.1117
v 24.2250 4.6000 27.8191
f 26135 26136 26137 26138
v 24.0030 6.2263 26.9765
v 24.0030 6.2263 26.3235
v 23.6314 4.6000 26.1883
v 23.6314 4.6000 27.1117
f 26139 26140 26141 26142
v 24.0030 6.2263 26.3235
v 24.4227 6.2263 25.8233
v 24.2250 4.6000 25.4809
v 23.6314 4.6000 26.1883
f 26143 26144 26145 26146
v 24.4227 6.2263 25.8233
v 25.0658 6.2263 25.7099
v 25.1344 4.6000 25.3205
v 24.2250 4.6000 25.4809
f 26147 26148 26149 26150
v 25.0658 6.2263 25.7099
v 25.6313 6.2263 26.0364
v 25.9342 4.6000 25.7822
v 25.1344 4.6000 25.3205
f 26151 26152 26153 26154
v 25.6313 6.2263 26.0364
v 25.8546 6.2263 26.6500
v 26.2500 4.6000 26.6500
v 25.9342 4.6000 25.7822
f 26155 26156 26157 26158
v 26.2500 4.6000 26.6500
v 25.9342 4.6000 27.5178
v 25.6313 2.9737 27.2636
v 25.8546 2.9737 26.6500
f 26159 26160 26161 26162
v 25.9342 4.6000 27.5178
v 25.1344 4.6000 27.9795
v 25.0658 2.9737 27.5901
v 25.6313 2.9737 27.2636
f 26163 26164 26165 26166
v 25.1344 4.6000 27.9795
v 24.2250 4.6000 27.8191
v 24.4227 2.9737 27.4767
v 25.0658 2.9737 27.5901
f 26167 26168 26169 26170
v 24.2250 4.6000 27.8191
v 23.6314 4.6000 27.1117
v 24.0030 2.9737 26.9765
v 24.4227 2.9737 27.4767
f 26171 26172 26173 26174
v 23.6314 4.6000 27.1117
v 23.6314 4.6000 26.1883
v 24.0030 2.9737 26.3235
v 24.0030 2.9737 26.9765
f 26175 26176 26177 26178
v 23.6314 4.6000 26.1883
v 24.2250 4.6000 25.4809
v 24.4227 2.9737 25.8233
v 24.0030 2.9737 26.3235
f 26179 26180 26181 26182
v 24.2250 4.6000 25.4809
v 25.1344 4.6000 25.3205
v 25.0658 2.9737 25.7099
v 24.4227 2.9737 25.8233
f 26183 26184 26185 26186
v 25.1344 4.6000 25.3205
v 25.9342 4.6000 25.7822
v 25.6313 2.9737 26.0364
v 25.0658 2.9737 25.7099
f 26187 26188 26189 26190
v 25.9342 4.6000 25.7822
v 26.2500 4.6000 26.6500
v 25.8546 2.9737 26.6500
v 25.6313 2.9737 26.0364
f 26191 26192 26193 26194
v 25.8546 2.9737 26.6500
v 25.6313 2.9737 27.2636
v 24.9000 2.3000 26.6500
v 24.9000 2.3000 26.6500
f 26195 26196 26197 26198
v 25.6313 2.9737 27.2636
v 25.0658 2.9737 27.5901
v 24.9000 2.3000 26.6500
v 24.9000 2.3000 26.6500
f 26199 26200 26201 26202
v 25.0658 2.9737 27.5901
v 24.4227 2.9737 27.4767
v 24.9000 2.3000 26.6500
v 24.9000 2.3000 26.6500
f 26203 26204 26205 26206
v 24.4227 2.9737 27.4767
v 24.0030 2.9737 26.9765
v 24.9000 2.3000 26.6500
v 24.9000 2.3000 26.6500
f 26207 26208 26209 26210
v 24.0030 2.9737 26.9765
v 24.0030 2.9737 26.3235
v 24.9000 2.3000 26.6500
v 24.9000 2.3000 26.6500
f 26211 26212 26213 26214
v 24.0030 2.9737 26.3235
v 24.4227 2.9737 25.8233
v 24.9000 2.3000 26.6500
v 24.9000 2.3000 26.6500
f 26215 26216 26217 26218
v 24.4227 2.9737 25.8233
v 25.0658 2.9737 25.7099
v 24.9000 2.3000 26.6500
v 24.9000 2.3000 26.6500
f 26219 26220 26221 26222
v 25.0658 2.9737 25.7099
v 25.6313 2.9737 26.0364
v 24.9000 2.3000 26.6500
v 24.9000 2.3000 26.6500
f 26223 26224 26225 26226
v 25.6313 2.9737 26.0364
v 25.8546 2.9737 26.6500
v 24.9000 2.3000 26.6500
v 24.9000 2.3000 26.6500
f 26227 26228 26229 26230
g level_0_outside_element
usemtl trunk
v -5.3800 2.2200 -7.8000
v -5.4151 2.2200 -7.7151
v -5.5000 2.2200 -7.6800
v -5.5849 2.2200 -7.7151
v -5.6200 2.2200 -7.8000
v -5.5849 2.2200 -7.8849
v -5.5000 2.2200 -7.9200
v -5.4151 2.2200 -7.8849
f 26231 26232 26233 26234 26235 26236 26237 26238
v -5.3800 0.0200 -7.8000
v -5.4151 0.0200 -7.7151
v -5.4151 2.2200 -7.7151
v -5.3800 2.2200 -7.8000
f 26239 26240 26241 26242
v -5.4151 0.0200 -7.7151
v -5.5000 0.0200 -7.6800
v -5.5000 2.2200 -7.6800
v -5.4151 2.2200 -7.7151
f 26243 26244 26245 26246
v -5.5000 0.0200 -7.6800
v -5.5849 0.0200 -7.7151
v -5.5849 2.2200 -7.7151
v -5.5000 2.2200 -7.6800
f 26247 26248 26249 26250
v -5.5849 0.0200 -7.7151
v -5.6200 0.0200 -7.8000
v -5.6200 2.2200 -7.8000
v -5.5849 2.2200 -7.7151
f 26251 26252 26253 26254
v -5.6200 0.0200 -7.8000
v -5.5849 0.0200 -7.8849
v -5.5849 2.2200 -7.8849
v -5.6200 2.2200 -7.8000
f 26255 26256 26257 26258
v -5.5849 0.0200 -7.8849
v -5.5000 0.0200 -7.9200
v -5.5000 2.2200 -7.9200
v -5.5849 2.2200 -7.8849
f 26259 26260 26261 26262
v -5.5000 0.0200 -7.9200
v -5.4151 0.0200 -7.8849
v -5.4151 2.2200 -7.8849
v -5.5000 2.2200 -7.9200
f 26263 26264 26265 26266
v -5.4151 0.0200 -7.8849
v -5.3800 0.0200 -7.8000
v -5.3800 2.2200 -7.8000
v -5.4151 2.2200 -7.8849
f 26267 26268 26269 26270
g level_0_landscape_tree_crown
usemtl leavesLight
v -5.5000 4.9000 -7.8000
v -5.5000 4.9000 -7.8000
v -4.6875 4.4021 -7.1182
v -4.4393 4.4021 -7.8000
f 26271 26272 26273 26274
v -5.5000 4.9000 -7.8000
v -5.5000 4.9000 -7.8000
v -5.3158 4.4021 -6.7555
v -4.6875 4.4021 -7.1182
f 26275 26276 26277 26278
v -5.5000 4.9000 -7.8000
v -5.5000 4.9000 -7.8000
v -6.0303 4.4021 -6.8814
v -5.3158 4.4021 -6.7555
f 26279 26280 26281 26282
v -5.5000 4.9000 -7.8000
v -5.5000 4.9000 -7.8000
v -6.4967 4.4021 -7.4372
v -6.0303 4.4021 -6.8814
f 26283 26284 26285 26286
v -5.5000 4.9000 -7.8000
v -5.5000 4.9000 -7.8000
v -6.4967 4.4021 -8.1628
v -6.4967 4.4021 -7.4372
f 26287 26288 26289 26290
v -5.5000 4.9000 -7.8000
v -5.5000 4.9000 -7.8000
v -6.0303 4.4021 -8.7186
v -6.4967 4.4021 -8.1628
f 26291 26292 26293 26294
v -5.5000 4.9000 -7.8000
v -5.5000 4.9000 -7.8000
v -5.3158 4.4021 -8.8445
v -6.0303 4.4021 -8.7186
f 26295 26296 26297 26298
v -5.5000 4.9000 -7.8000
v -5.5000 4.9000 -7.8000
v -4.6875 4.4021 -8.4818
v -5.3158 4.4021 -8.8445
f 26299 26300 26301 26302
v -5.5000 4.9000 -7.8000
v -5.5000 4.9000 -7.8000
v -4.4393 4.4021 -7.8000
v -4.6875 4.4021 -8.4818
f 26303 26304 26305 26306
v -4.4393 4.4021 -7.8000
v -4.6875 4.4021 -7.1182
v -4.3509 3.2000 -6.8358
v -4.0000 3.2000 -7.8000
f 26307 26308 26309 26310
v -4.6875 4.4021 -7.1182
v -5.3158 4.4021 -6.7555
v -5.2395 3.2000 -6.3228
v -4.3509 3.2000 -6.8358
f 26311 26312 26313 26314
v -5.3158 4.4021 -6.7555
v -6.0303 4.4021 -6.8814
v -6.2500 3.2000 -6.5010
v -5.2395 3.2000 -6.3228
f 26315 26316 26317 26318
v -6.0303 4.4021 -6.8814
v -6.4967 4.4021 -7.4372
v -6.9095 3.2000 -7.2870
v -6.2500 3.2000 -6.5010
f 26319 26320 26321 26322
v -6.4967 4.4021 -7.4372
v -6.4967 4.4021 -8.1628
v -6.9095 3.2000 -8.3130
v -6.9095 3.2000 -7.2870
f 26323 26324 26325 26326
v -6.4967 4.4021 -8.1628
v -6.0303 4.4021 -8.7186
v -6.2500 3.2000 -9.0990
v -6.9095 3.2000 -8.3130
f 26327 26328 26329 26330
v -6.0303 4.4021 -8.7186
v -5.3158 4.4021 -8.8445
v -5.2395 3.2000 -9.2772
v -6.2500 3.2000 -9.0990
f 26331 26332 26333 26334
v -5.3158 4.4021 -8.8445
v -4.6875 4.4021 -8.4818
v -4.3509 3.2000 -8.7642
v -5.2395 3.2000 -9.2772
f 26335 26336 26337 26338
v -4.6875 4.4021 -8.4818
v -4.4393 4.4021 -7.8000
v -4.0000 3.2000 -7.8000
v -4.3509 3.2000 -8.7642
f 26339 26340 26341 26342
v -4.0000 3.2000 -7.8000
v -4.3509 3.2000 -6.8358
v -4.6875 1.9979 -7.1182
v -4.4393 1.9979 -7.8000
f 26343 26344 26345 26346
v -4.3509 3.2000 -6.8358
v -5.2395 3.2000 -6.3228
v -5.3158 1.9979 -6.7555
v -4.6875 1.9979 -7.1182
f 26347 26348 26349 26350
v -5.2395 3.2000 -6.3228
v -6.2500 3.2000 -6.5010
v -6.0303 1.9979 -6.8814
v -5.3158 1.9979 -6.7555
f 26351 26352 26353 26354
v -6.2500 3.2000 -6.5010
v -6.9095 3.2000 -7.2870
v -6.4967 1.9979 -7.4372
v -6.0303 1.9979 -6.8814
f 26355 26356 26357 26358
v -6.9095 3.2000 -7.2870
v -6.9095 3.2000 -8.3130
v -6.4967 1.9979 -8.1628
v -6.4967 1.9979 -7.4372
f 26359 26360 26361 26362
v -6.9095 3.2000 -8.3130
v -6.2500 3.2000 -9.0990
v -6.0303 1.9979 -8.7186
v -6.4967 1.9979 -8.1628
f 26363 26364 26365 26366
v -6.2500 3.2000 -9.0990
v -5.2395 3.2000 -9.2772
v -5.3158 1.9979 -8.8445
v -6.0303 1.9979 -8.7186
f 26367 26368 26369 26370
v -5.2395 3.2000 -9.2772
v -4.3509 3.2000 -8.7642
v -4.6875 1.9979 -8.4818
v -5.3158 1.9979 -8.8445
f 26371 26372 26373 26374
v -4.3509 3.2000 -8.7642
v -4.0000 3.2000 -7.8000
v -4.4393 1.9979 -7.8000
v -4.6875 1.9979 -8.4818
f 26375 26376 26377 26378
v -4.4393 1.9979 -7.8000
v -4.6875 1.9979 -7.1182
v -5.5000 1.5000 -7.8000
v -5.5000 1.5000 -7.8000
f 26379 26380 26381 26382
v -4.6875 1.9979 -7.1182
v -5.3158 1.9979 -6.7555
v -5.5000 1.5000 -7.8000
v -5.5000 1.5000 -7.8000
f 26383 26384 26385 26386
v -5.3158 1.9979 -6.7555
v -6.0303 1.9979 -6.8814
v -5.5000 1.5000 -7.8000
v -5.5000 1.5000 -7.8000
f 26387 26388 26389 26390
v -6.0303 1.9979 -6.8814
v -6.4967 1.9979 -7.4372
v -5.5000 1.5000 -7.8000
v -5.5000 1.5000 -7.8000
f 26391 26392 26393 26394
v -6.4967 1.9979 -7.4372
v -6.4967 1.9979 -8.1628
v -5.5000 1.5000 -7.8000
v -5.5000 1.5000 -7.8000
f 26395 26396 26397 26398
v -6.4967 1.9979 -8.1628
v -6.0303 1.9979 -8.7186
v -5.5000 1.5000 -7.8000
v -5.5000 1.5000 -7.8000
f 26399 26400 26401 26402
v -6.0303 1.9979 -8.7186
v -5.3158 1.9979 -8.8445
v -5.5000 1.5000 -7.8000
v -5.5000 1.5000 -7.8000
f 26403 26404 26405 26406
v -5.3158 1.9979 -8.8445
v -4.6875 1.9979 -8.4818
v -5.5000 1.5000 -7.8000
v -5.5000 1.5000 -7.8000
f 26407 26408 26409 26410
v -4.6875 1.9979 -8.4818
v -4.4393 1.9979 -7.8000
v -5.5000 1.5000 -7.8000
v -5.5000 1.5000 -7.8000
f 26411 26412 26413 26414
g level_0_outside_element
usemtl trunk
v 5.6200 2.2200 -7.8000
v 5.5849 2.2200 -7.7151
v 5.5000 2.2200 -7.6800
v 5.4151 2.2200 -7.7151
v 5.3800 2.2200 -7.8000
v 5.4151 2.2200 -7.8849
v 5.5000 2.2200 -7.9200
v 5.5849 2.2200 -7.8849
f 26415 26416 26417 26418 26419 26420 26421 26422
v 5.6200 0.0200 -7.8000
v 5.5849 0.0200 -7.7151
v 5.5849 2.2200 -7.7151
v 5.6200 2.2200 -7.8000
f 26423 26424 26425 26426
v 5.5849 0.0200 -7.7151
v 5.5000 0.0200 -7.6800
v 5.5000 2.2200 -7.6800
v 5.5849 2.2200 -7.7151
f 26427 26428 26429 26430
v 5.5000 0.0200 -7.6800
v 5.4151 0.0200 -7.7151
v 5.4151 2.2200 -7.7151
v 5.5000 2.2200 -7.6800
f 26431 26432 26433 26434
v 5.4151 0.0200 -7.7151
v 5.3800 0.0200 -7.8000
v 5.3800 2.2200 -7.8000
v 5.4151 2.2200 -7.7151
f 26435 26436 26437 26438
v 5.3800 0.0200 -7.8000
v 5.4151 0.0200 -7.8849
v 5.4151 2.2200 -7.8849
v 5.3800 2.2200 -7.8000
f 26439 26440 26441 26442
v 5.4151 0.0200 -7.8849
v 5.5000 0.0200 -7.9200
v 5.5000 2.2200 -7.9200
v 5.4151 2.2200 -7.8849
f 26443 26444 26445 26446
v 5.5000 0.0200 -7.9200
v 5.5849 0.0200 -7.8849
v 5.5849 2.2200 -7.8849
v 5.5000 2.2200 -7.9200
f 26447 26448 26449 26450
v 5.5849 0.0200 -7.8849
v 5.6200 0.0200 -7.8000
v 5.6200 2.2200 -7.8000
v 5.5849 2.2200 -7.8849
f 26451 26452 26453 26454
g level_0_landscape_tree_crown
usemtl leavesLight
v 5.5000 4.9000 -7.8000
v 5.5000 4.9000 -7.8000
v 6.3125 4.4021 -7.1182
v 6.5607 4.4021 -7.8000
f 26455 26456 26457 26458
v 5.5000 4.9000 -7.8000
v 5.5000 4.9000 -7.8000
v 5.6842 4.4021 -6.7555
v 6.3125 4.4021 -7.1182
f 26459 26460 26461 26462
v 5.5000 4.9000 -7.8000
v 5.5000 4.9000 -7.8000
v 4.9697 4.4021 -6.8814
v 5.6842 4.4021 -6.7555
f 26463 26464 26465 26466
v 5.5000 4.9000 -7.8000
v 5.5000 4.9000 -7.8000
v 4.5033 4.4021 -7.4372
v 4.9697 4.4021 -6.8814
f 26467 26468 26469 26470
v 5.5000 4.9000 -7.8000
v 5.5000 4.9000 -7.8000
v 4.5033 4.4021 -8.1628
v 4.5033 4.4021 -7.4372
f 26471 26472 26473 26474
v 5.5000 4.9000 -7.8000
v 5.5000 4.9000 -7.8000
v 4.9697 4.4021 -8.7186
v 4.5033 4.4021 -8.1628
f 26475 26476 26477 26478
v 5.5000 4.9000 -7.8000
v 5.5000 4.9000 -7.8000
v 5.6842 4.4021 -8.8445
v 4.9697 4.4021 -8.7186
f 26479 26480 26481 26482
v 5.5000 4.9000 -7.8000
v 5.5000 4.9000 -7.8000
v 6.3125 4.4021 -8.4818
v 5.6842 4.4021 -8.8445
f 26483 26484 26485 26486
v 5.5000 4.9000 -7.8000
v 5.5000 4.9000 -7.8000
v 6.5607 4.4021 -7.8000
v 6.3125 4.4021 -8.4818
f 26487 26488 26489 26490
v 6.5607 4.4021 -7.8000
v 6.3125 4.4021 -7.1182
v 6.6491 3.2000 -6.8358
v 7.0000 3.2000 -7.8000
f 26491 26492 26493 26494
v 6.3125 4.4021 -7.1182
v 5.6842 4.4021 -6.7555
v 5.7605 3.2000 -6.3228
v 6.6491 3.2000 -6.8358
f 26495 26496 26497 26498
v 5.6842 4.4021 -6.7555
v 4.9697 4.4021 -6.8814
v 4.7500 3.2000 -6.5010
v 5.7605 3.2000 -6.3228
f 26499 26500 26501 26502
v 4.9697 4.4021 -6.8814
v 4.5033 4.4021 -7.4372
v 4.0905 3.2000 -7.2870
v 4.7500 3.2000 -6.5010
f 26503 26504 26505 26506
v 4.5033 4.4021 -7.4372
v 4.5033 4.4021 -8.1628
v 4.0905 3.2000 -8.3130
v 4.0905 3.2000 -7.2870
f 26507 26508 26509 26510
v 4.5033 4.4021 -8.1628
v 4.9697 4.4021 -8.7186
v 4.7500 3.2000 -9.0990
v 4.0905 3.2000 -8.3130
f 26511 26512 26513 26514
v 4.9697 4.4021 -8.7186
v 5.6842 4.4021 -8.8445
v 5.7605 3.2000 -9.2772
v 4.7500 3.2000 -9.0990
f 26515 26516 26517 26518
v 5.6842 4.4021 -8.8445
v 6.3125 4.4021 -8.4818
v 6.6491 3.2000 -8.7642
v 5.7605 3.2000 -9.2772
f 26519 26520 26521 26522
v 6.3125 4.4021 -8.4818
v 6.5607 4.4021 -7.8000
v 7.0000 3.2000 -7.8000
v 6.6491 3.2000 -8.7642
f 26523 26524 26525 26526
v 7.0000 3.2000 -7.8000
v 6.6491 3.2000 -6.8358
v 6.3125 1.9979 -7.1182
v 6.5607 1.9979 -7.8000
f 26527 26528 26529 26530
v 6.6491 3.2000 -6.8358
v 5.7605 3.2000 -6.3228
v 5.6842 1.9979 -6.7555
v 6.3125 1.9979 -7.1182
f 26531 26532 26533 26534
v 5.7605 3.2000 -6.3228
v 4.7500 3.2000 -6.5010
v 4.9697 1.9979 -6.8814
v 5.6842 1.9979 -6.7555
f 26535 26536 26537 26538
v 4.7500 3.2000 -6.5010
v 4.0905 3.2000 -7.2870
v 4.5033 1.9979 -7.4372
v 4.9697 1.9979 -6.8814
f 26539 26540 26541 26542
v 4.0905 3.2000 -7.2870
v 4.0905 3.2000 -8.3130
v 4.5033 1.9979 -8.1628
v 4.5033 1.9979 -7.4372
f 26543 26544 26545 26546
v 4.0905 3.2000 -8.3130
v 4.7500 3.2000 -9.0990
v 4.9697 1.9979 -8.7186
v 4.5033 1.9979 -8.1628
f 26547 26548 26549 26550
v 4.7500 3.2000 -9.0990
v 5.7605 3.2000 -9.2772
v 5.6842 1.9979 -8.8445
v 4.9697 1.9979 -8.7186
f 26551 26552 26553 26554
v 5.7605 3.2000 -9.2772
v 6.6491 3.2000 -8.7642
v 6.3125 1.9979 -8.4818
v 5.6842 1.9979 -8.8445
f 26555 26556 26557 26558
v 6.6491 3.2000 -8.7642
v 7.0000 3.2000 -7.8000
v 6.5607 1.9979 -7.8000
v 6.3125 1.9979 -8.4818
f 26559 26560 26561 26562
v 6.5607 1.9979 -7.8000
v 6.3125 1.9979 -7.1182
v 5.5000 1.5000 -7.8000
v 5.5000 1.5000 -7.8000
f 26563 26564 26565 26566
v 6.3125 1.9979 -7.1182
v 5.6842 1.9979 -6.7555
v 5.5000 1.5000 -7.8000
v 5.5000 1.5000 -7.8000
f 26567 26568 26569 26570
v 5.6842 1.9979 -6.7555
v 4.9697 1.9979 -6.8814
v 5.5000 1.5000 -7.8000
v 5.5000 1.5000 -7.8000
f 26571 26572 26573 26574
v 4.9697 1.9979 -6.8814
v 4.5033 1.9979 -7.4372
v 5.5000 1.5000 -7.8000
v 5.5000 1.5000 -7.8000
f 26575 26576 26577 26578
v 4.5033 1.9979 -7.4372
v 4.5033 1.9979 -8.1628
v 5.5000 1.5000 -7.8000
v 5.5000 1.5000 -7.8000
f 26579 26580 26581 26582
v 4.5033 1.9979 -8.1628
v 4.9697 1.9979 -8.7186
v 5.5000 1.5000 -7.8000
v 5.5000 1.5000 -7.8000
f 26583 26584 26585 26586
v 4.9697 1.9979 -8.7186
v 5.6842 1.9979 -8.8445
v 5.5000 1.5000 -7.8000
v 5.5000 1.5000 -7.8000
f 26587 26588 26589 26590
v 5.6842 1.9979 -8.8445
v 6.3125 1.9979 -8.4818
v 5.5000 1.5000 -7.8000
v 5.5000 1.5000 -7.8000
f 26591 26592 26593 26594
v 6.3125 1.9979 -8.4818
v 6.5607 1.9979 -7.8000
v 5.5000 1.5000 -7.8000
v 5.5000 1.5000 -7.8000
f 26595 26596 26597 26598
g level_0_landscape_raised_planter
usemtl trim
v -7.0000 0.0500 -1.0000
v -7.0000 0.0500 1.0000
v -5.0000 0.0500 1.0000
v -5.0000 0.0500 -1.0000
f 26599 26600 26601 26602
v -7.0000 0.3700 -1.0000
v -5.0000 0.3700 -1.0000
v -5.0000 0.3700 1.0000
v -7.0000 0.3700 1.0000
f 26603 26604 26605 26606
v -7.0000 0.0500 -1.0000
v -5.0000 0.0500 -1.0000
v -5.0000 0.3700 -1.0000
v -7.0000 0.3700 -1.0000
f 26607 26608 26609 26610
v -5.0000 0.0500 -1.0000
v -5.0000 0.0500 1.0000
v -5.0000 0.3700 1.0000
v -5.0000 0.3700 -1.0000
f 26611 26612 26613 26614
v -5.0000 0.0500 1.0000
v -7.0000 0.0500 1.0000
v -7.0000 0.3700 1.0000
v -5.0000 0.3700 1.0000
f 26615 26616 26617 26618
v -7.0000 0.0500 1.0000
v -7.0000 0.0500 -1.0000
v -7.0000 0.3700 -1.0000
v -7.0000 0.3700 1.0000
f 26619 26620 26621 26622
g level_0_landscape_planter_soil
usemtl soil
v -6.8000 0.3800 -0.8000
v -6.8000 0.3800 0.8000
v -5.2000 0.3800 0.8000
v -5.2000 0.3800 -0.8000
f 26623 26624 26625 26626
v -6.8000 0.4300 -0.8000
v -5.2000 0.4300 -0.8000
v -5.2000 0.4300 0.8000
v -6.8000 0.4300 0.8000
f 26627 26628 26629 26630
v -6.8000 0.3800 -0.8000
v -5.2000 0.3800 -0.8000
v -5.2000 0.4300 -0.8000
v -6.8000 0.4300 -0.8000
f 26631 26632 26633 26634
v -5.2000 0.3800 -0.8000
v -5.2000 0.3800 0.8000
v -5.2000 0.4300 0.8000
v -5.2000 0.4300 -0.8000
f 26635 26636 26637 26638
v -5.2000 0.3800 0.8000
v -6.8000 0.3800 0.8000
v -6.8000 0.4300 0.8000
v -5.2000 0.4300 0.8000
f 26639 26640 26641 26642
v -6.8000 0.3800 0.8000
v -6.8000 0.3800 -0.8000
v -6.8000 0.4300 -0.8000
v -6.8000 0.4300 0.8000
f 26643 26644 26645 26646
g level_0_landscape_tree_crown
usemtl leavesLight
v -6.5000 1.0500 -0.2500
v -6.5000 1.0500 -0.2500
v -6.2833 0.9328 -0.0682
v -6.2172 0.9328 -0.2500
f 26647 26648 26649 26650
v -6.5000 1.0500 -0.2500
v -6.5000 1.0500 -0.2500
v -6.4509 0.9328 0.0285
v -6.2833 0.9328 -0.0682
f 26651 26652 26653 26654
v -6.5000 1.0500 -0.2500
v -6.5000 1.0500 -0.2500
v -6.6414 0.9328 -0.0051
v -6.4509 0.9328 0.0285
f 26655 26656 26657 26658
v -6.5000 1.0500 -0.2500
v -6.5000 1.0500 -0.2500
v -6.7658 0.9328 -0.1533
v -6.6414 0.9328 -0.0051
f 26659 26660 26661 26662
v -6.5000 1.0500 -0.2500
v -6.5000 1.0500 -0.2500
v -6.7658 0.9328 -0.3467
v -6.7658 0.9328 -0.1533
f 26663 26664 26665 26666
v -6.5000 1.0500 -0.2500
v -6.5000 1.0500 -0.2500
v -6.6414 0.9328 -0.4949
v -6.7658 0.9328 -0.3467
f 26667 26668 26669 26670
v -6.5000 1.0500 -0.2500
v -6.5000 1.0500 -0.2500
v -6.4509 0.9328 -0.5285
v -6.6414 0.9328 -0.4949
f 26671 26672 26673 26674
v -6.5000 1.0500 -0.2500
v -6.5000 1.0500 -0.2500
v -6.2833 0.9328 -0.4318
v -6.4509 0.9328 -0.5285
f 26675 26676 26677 26678
v -6.5000 1.0500 -0.2500
v -6.5000 1.0500 -0.2500
v -6.2172 0.9328 -0.2500
v -6.2833 0.9328 -0.4318
f 26679 26680 26681 26682
v -6.2172 0.9328 -0.2500
v -6.2833 0.9328 -0.0682
v -6.1936 0.6500 0.0071
v -6.1000 0.6500 -0.2500
f 26683 26684 26685 26686
v -6.2833 0.9328 -0.0682
v -6.4509 0.9328 0.0285
v -6.4305 0.6500 0.1439
v -6.1936 0.6500 0.0071
f 26687 26688 26689 26690
v -6.4509 0.9328 0.0285
v -6.6414 0.9328 -0.0051
v -6.7000 0.6500 0.0964
v -6.4305 0.6500 0.1439
f 26691 26692 26693 26694
v -6.6414 0.9328 -0.0051
v -6.7658 0.9328 -0.1533
v -6.8759 0.6500 -0.1132
v -6.7000 0.6500 0.0964
f 26695 26696 26697 26698
v -6.7658 0.9328 -0.1533
v -6.7658 0.9328 -0.3467
v -6.8759 0.6500 -0.3868
v -6.8759 0.6500 -0.1132
f 26699 26700 26701 26702
v -6.7658 0.9328 -0.3467
v -6.6414 0.9328 -0.4949
v -6.7000 0.6500 -0.5964
v -6.8759 0.6500 -0.3868
f 26703 26704 26705 26706
v -6.6414 0.9328 -0.4949
v -6.4509 0.9328 -0.5285
v -6.4305 0.6500 -0.6439
v -6.7000 0.6500 -0.5964
f 26707 26708 26709 26710
v -6.4509 0.9328 -0.5285
v -6.2833 0.9328 -0.4318
v -6.1936 0.6500 -0.5071
v -6.4305 0.6500 -0.6439
f 26711 26712 26713 26714
v -6.2833 0.9328 -0.4318
v -6.2172 0.9328 -0.2500
v -6.1000 0.6500 -0.2500
v -6.1936 0.6500 -0.5071
f 26715 26716 26717 26718
v -6.1000 0.6500 -0.2500
v -6.1936 0.6500 0.0071
v -6.2833 0.3672 -0.0682
v -6.2172 0.3672 -0.2500
f 26719 26720 26721 26722
v -6.1936 0.6500 0.0071
v -6.4305 0.6500 0.1439
v -6.4509 0.3672 0.0285
v -6.2833 0.3672 -0.0682
f 26723 26724 26725 26726
v -6.4305 0.6500 0.1439
v -6.7000 0.6500 0.0964
v -6.6414 0.3672 -0.0051
v -6.4509 0.3672 0.0285
f 26727 26728 26729 26730
v -6.7000 0.6500 0.0964
v -6.8759 0.6500 -0.1132
v -6.7658 0.3672 -0.1533
v -6.6414 0.3672 -0.0051
f 26731 26732 26733 26734
v -6.8759 0.6500 -0.1132
v -6.8759 0.6500 -0.3868
v -6.7658 0.3672 -0.3467
v -6.7658 0.3672 -0.1533
f 26735 26736 26737 26738
v -6.8759 0.6500 -0.3868
v -6.7000 0.6500 -0.5964
v -6.6414 0.3672 -0.4949
v -6.7658 0.3672 -0.3467
f 26739 26740 26741 26742
v -6.7000 0.6500 -0.5964
v -6.4305 0.6500 -0.6439
v -6.4509 0.3672 -0.5285
v -6.6414 0.3672 -0.4949
f 26743 26744 26745 26746
v -6.4305 0.6500 -0.6439
v -6.1936 0.6500 -0.5071
v -6.2833 0.3672 -0.4318
v -6.4509 0.3672 -0.5285
f 26747 26748 26749 26750
v -6.1936 0.6500 -0.5071
v -6.1000 0.6500 -0.2500
v -6.2172 0.3672 -0.2500
v -6.2833 0.3672 -0.4318
f 26751 26752 26753 26754
v -6.2172 0.3672 -0.2500
v -6.2833 0.3672 -0.0682
v -6.5000 0.2500 -0.2500
v -6.5000 0.2500 -0.2500
f 26755 26756 26757 26758
v -6.2833 0.3672 -0.0682
v -6.4509 0.3672 0.0285
v -6.5000 0.2500 -0.2500
v -6.5000 0.2500 -0.2500
f 26759 26760 26761 26762
v -6.4509 0.3672 0.0285
v -6.6414 0.3672 -0.0051
v -6.5000 0.2500 -0.2500
v -6.5000 0.2500 -0.2500
f 26763 26764 26765 26766
v -6.6414 0.3672 -0.0051
v -6.7658 0.3672 -0.1533
v -6.5000 0.2500 -0.2500
v -6.5000 0.2500 -0.2500
f 26767 26768 26769 26770
v -6.7658 0.3672 -0.1533
v -6.7658 0.3672 -0.3467
v -6.5000 0.2500 -0.2500
v -6.5000 0.2500 -0.2500
f 26771 26772 26773 26774
v -6.7658 0.3672 -0.3467
v -6.6414 0.3672 -0.4949
v -6.5000 0.2500 -0.2500
v -6.5000 0.2500 -0.2500
f 26775 26776 26777 26778
v -6.6414 0.3672 -0.4949
v -6.4509 0.3672 -0.5285
v -6.5000 0.2500 -0.2500
v -6.5000 0.2500 -0.2500
f 26779 26780 26781 26782
v -6.4509 0.3672 -0.5285
v -6.2833 0.3672 -0.4318
v -6.5000 0.2500 -0.2500
v -6.5000 0.2500 -0.2500
f 26783 26784 26785 26786
v -6.2833 0.3672 -0.4318
v -6.2172 0.3672 -0.2500
v -6.5000 0.2500 -0.2500
v -6.5000 0.2500 -0.2500
f 26787 26788 26789 26790
usemtl leaves
v -6.1800 1.0500 -0.2500
v -6.1800 1.0500 -0.2500
v -5.9633 0.9328 -0.0682
v -5.8972 0.9328 -0.2500
f 26791 26792 26793 26794
v -6.1800 1.0500 -0.2500
v -6.1800 1.0500 -0.2500
v -6.1309 0.9328 0.0285
v -5.9633 0.9328 -0.0682
f 26795 26796 26797 26798
v -6.1800 1.0500 -0.2500
v -6.1800 1.0500 -0.2500
v -6.3214 0.9328 -0.0051
v -6.1309 0.9328 0.0285
f 26799 26800 26801 26802
v -6.1800 1.0500 -0.2500
v -6.1800 1.0500 -0.2500
v -6.4458 0.9328 -0.1533
v -6.3214 0.9328 -0.0051
f 26803 26804 26805 26806
v -6.1800 1.0500 -0.2500
v -6.1800 1.0500 -0.2500
v -6.4458 0.9328 -0.3467
v -6.4458 0.9328 -0.1533
f 26807 26808 26809 26810
v -6.1800 1.0500 -0.2500
v -6.1800 1.0500 -0.2500
v -6.3214 0.9328 -0.4949
v -6.4458 0.9328 -0.3467
f 26811 26812 26813 26814
v -6.1800 1.0500 -0.2500
v -6.1800 1.0500 -0.2500
v -6.1309 0.9328 -0.5285
v -6.3214 0.9328 -0.4949
f 26815 26816 26817 26818
v -6.1800 1.0500 -0.2500
v -6.1800 1.0500 -0.2500
v -5.9633 0.9328 -0.4318
v -6.1309 0.9328 -0.5285
f 26819 26820 26821 26822
v -6.1800 1.0500 -0.2500
v -6.1800 1.0500 -0.2500
v -5.8972 0.9328 -0.2500
v -5.9633 0.9328 -0.4318
f 26823 26824 26825 26826
v -5.8972 0.9328 -0.2500
v -5.9633 0.9328 -0.0682
v -5.8736 0.6500 0.0071
v -5.7800 0.6500 -0.2500
f 26827 26828 26829 26830
v -5.9633 0.9328 -0.0682
v -6.1309 0.9328 0.0285
v -6.1105 0.6500 0.1439
v -5.8736 0.6500 0.0071
f 26831 26832 26833 26834
v -6.1309 0.9328 0.0285
v -6.3214 0.9328 -0.0051
v -6.3800 0.6500 0.0964
v -6.1105 0.6500 0.1439
f 26835 26836 26837 26838
v -6.3214 0.9328 -0.0051
v -6.4458 0.9328 -0.1533
v -6.5559 0.6500 -0.1132
v -6.3800 0.6500 0.0964
f 26839 26840 26841 26842
v -6.4458 0.9328 -0.1533
v -6.4458 0.9328 -0.3467
v -6.5559 0.6500 -0.3868
v -6.5559 0.6500 -0.1132
f 26843 26844 26845 26846
v -6.4458 0.9328 -0.3467
v -6.3214 0.9328 -0.4949
v -6.3800 0.6500 -0.5964
v -6.5559 0.6500 -0.3868
f 26847 26848 26849 26850
v -6.3214 0.9328 -0.4949
v -6.1309 0.9328 -0.5285
v -6.1105 0.6500 -0.6439
v -6.3800 0.6500 -0.5964
f 26851 26852 26853 26854
v -6.1309 0.9328 -0.5285
v -5.9633 0.9328 -0.4318
v -5.8736 0.6500 -0.5071
v -6.1105 0.6500 -0.6439
f 26855 26856 26857 26858
v -5.9633 0.9328 -0.4318
v -5.8972 0.9328 -0.2500
v -5.7800 0.6500 -0.2500
v -5.8736 0.6500 -0.5071
f 26859 26860 26861 26862
v -5.7800 0.6500 -0.2500
v -5.8736 0.6500 0.0071
v -5.9633 0.3672 -0.0682
v -5.8972 0.3672 -0.2500
f 26863 26864 26865 26866
v -5.8736 0.6500 0.0071
v -6.1105 0.6500 0.1439
v -6.1309 0.3672 0.0285
v -5.9633 0.3672 -0.0682
f 26867 26868 26869 26870
v -6.1105 0.6500 0.1439
v -6.3800 0.6500 0.0964
v -6.3214 0.3672 -0.0051
v -6.1309 0.3672 0.0285
f 26871 26872 26873 26874
v -6.3800 0.6500 0.0964
v -6.5559 0.6500 -0.1132
v -6.4458 0.3672 -0.1533
v -6.3214 0.3672 -0.0051
f 26875 26876 26877 26878
v -6.5559 0.6500 -0.1132
v -6.5559 0.6500 -0.3868
v -6.4458 0.3672 -0.3467
v -6.4458 0.3672 -0.1533
f 26879 26880 26881 26882
v -6.5559 0.6500 -0.3868
v -6.3800 0.6500 -0.5964
v -6.3214 0.3672 -0.4949
v -6.4458 0.3672 -0.3467
f 26883 26884 26885 26886
v -6.3800 0.6500 -0.5964
v -6.1105 0.6500 -0.6439
v -6.1309 0.3672 -0.5285
v -6.3214 0.3672 -0.4949
f 26887 26888 26889 26890
v -6.1105 0.6500 -0.6439
v -5.8736 0.6500 -0.5071
v -5.9633 0.3672 -0.4318
v -6.1309 0.3672 -0.5285
f 26891 26892 26893 26894
v -5.8736 0.6500 -0.5071
v -5.7800 0.6500 -0.2500
v -5.8972 0.3672 -0.2500
v -5.9633 0.3672 -0.4318
f 26895 26896 26897 26898
v -5.8972 0.3672 -0.2500
v -5.9633 0.3672 -0.0682
v -6.1800 0.2500 -0.2500
v -6.1800 0.2500 -0.2500
f 26899 26900 26901 26902
v -5.9633 0.3672 -0.0682
v -6.1309 0.3672 0.0285
v -6.1800 0.2500 -0.2500
v -6.1800 0.2500 -0.2500
f 26903 26904 26905 26906
v -6.1309 0.3672 0.0285
v -6.3214 0.3672 -0.0051
v -6.1800 0.2500 -0.2500
v -6.1800 0.2500 -0.2500
f 26907 26908 26909 26910
v -6.3214 0.3672 -0.0051
v -6.4458 0.3672 -0.1533
v -6.1800 0.2500 -0.2500
v -6.1800 0.2500 -0.2500
f 26911 26912 26913 26914
v -6.4458 0.3672 -0.1533
v -6.4458 0.3672 -0.3467
v -6.1800 0.2500 -0.2500
v -6.1800 0.2500 -0.2500
f 26915 26916 26917 26918
v -6.4458 0.3672 -0.3467
v -6.3214 0.3672 -0.4949
v -6.1800 0.2500 -0.2500
v -6.1800 0.2500 -0.2500
f 26919 26920 26921 26922
v -6.3214 0.3672 -0.4949
v -6.1309 0.3672 -0.5285
v -6.1800 0.2500 -0.2500
v -6.1800 0.2500 -0.2500
f 26923 26924 26925 26926
v -6.1309 0.3672 -0.5285
v -5.9633 0.3672 -0.4318
v -6.1800 0.2500 -0.2500
v -6.1800 0.2500 -0.2500
f 26927 26928 26929 26930
v -5.9633 0.3672 -0.4318
v -5.8972 0.3672 -0.2500
v -6.1800 0.2500 -0.2500
v -6.1800 0.2500 -0.2500
f 26931 26932 26933 26934
usemtl leavesLight
v -5.8600 1.0500 -0.2500
v -5.8600 1.0500 -0.2500
v -5.6433 0.9328 -0.0682
v -5.5772 0.9328 -0.2500
f 26935 26936 26937 26938
v -5.8600 1.0500 -0.2500
v -5.8600 1.0500 -0.2500
v -5.8109 0.9328 0.0285
v -5.6433 0.9328 -0.0682
f 26939 26940 26941 26942
v -5.8600 1.0500 -0.2500
v -5.8600 1.0500 -0.2500
v -6.0014 0.9328 -0.0051
v -5.8109 0.9328 0.0285
f 26943 26944 26945 26946
v -5.8600 1.0500 -0.2500
v -5.8600 1.0500 -0.2500
v -6.1258 0.9328 -0.1533
v -6.0014 0.9328 -0.0051
f 26947 26948 26949 26950
v -5.8600 1.0500 -0.2500
v -5.8600 1.0500 -0.2500
v -6.1258 0.9328 -0.3467
v -6.1258 0.9328 -0.1533
f 26951 26952 26953 26954
v -5.8600 1.0500 -0.2500
v -5.8600 1.0500 -0.2500
v -6.0014 0.9328 -0.4949
v -6.1258 0.9328 -0.3467
f 26955 26956 26957 26958
v -5.8600 1.0500 -0.2500
v -5.8600 1.0500 -0.2500
v -5.8109 0.9328 -0.5285
v -6.0014 0.9328 -0.4949
f 26959 26960 26961 26962
v -5.8600 1.0500 -0.2500
v -5.8600 1.0500 -0.2500
v -5.6433 0.9328 -0.4318
v -5.8109 0.9328 -0.5285
f 26963 26964 26965 26966
v -5.8600 1.0500 -0.2500
v -5.8600 1.0500 -0.2500
v -5.5772 0.9328 -0.2500
v -5.6433 0.9328 -0.4318
f 26967 26968 26969 26970
v -5.5772 0.9328 -0.2500
v -5.6433 0.9328 -0.0682
v -5.5536 0.6500 0.0071
v -5.4600 0.6500 -0.2500
f 26971 26972 26973 26974
v -5.6433 0.9328 -0.0682
v -5.8109 0.9328 0.0285
v -5.7905 0.6500 0.1439
v -5.5536 0.6500 0.0071
f 26975 26976 26977 26978
v -5.8109 0.9328 0.0285
v -6.0014 0.9328 -0.0051
v -6.0600 0.6500 0.0964
v -5.7905 0.6500 0.1439
f 26979 26980 26981 26982
v -6.0014 0.9328 -0.0051
v -6.1258 0.9328 -0.1533
v -6.2359 0.6500 -0.1132
v -6.0600 0.6500 0.0964
f 26983 26984 26985 26986
v -6.1258 0.9328 -0.1533
v -6.1258 0.9328 -0.3467
v -6.2359 0.6500 -0.3868
v -6.2359 0.6500 -0.1132
f 26987 26988 26989 26990
v -6.1258 0.9328 -0.3467
v -6.0014 0.9328 -0.4949
v -6.0600 0.6500 -0.5964
v -6.2359 0.6500 -0.3868
f 26991 26992 26993 26994
v -6.0014 0.9328 -0.4949
v -5.8109 0.9328 -0.5285
v -5.7905 0.6500 -0.6439
v -6.0600 0.6500 -0.5964
f 26995 26996 26997 26998
v -5.8109 0.9328 -0.5285
v -5.6433 0.9328 -0.4318
v -5.5536 0.6500 -0.5071
v -5.7905 0.6500 -0.6439
f 26999 27000 27001 27002
v -5.6433 0.9328 -0.4318
v -5.5772 0.9328 -0.2500
v -5.4600 0.6500 -0.2500
v -5.5536 0.6500 -0.5071
f 27003 27004 27005 27006
v -5.4600 0.6500 -0.2500
v -5.5536 0.6500 0.0071
v -5.6433 0.3672 -0.0682
v -5.5772 0.3672 -0.2500
f 27007 27008 27009 27010
v -5.5536 0.6500 0.0071
v -5.7905 0.6500 0.1439
v -5.8109 0.3672 0.0285
v -5.6433 0.3672 -0.0682
f 27011 27012 27013 27014
v -5.7905 0.6500 0.1439
v -6.0600 0.6500 0.0964
v -6.0014 0.3672 -0.0051
v -5.8109 0.3672 0.0285
f 27015 27016 27017 27018
v -6.0600 0.6500 0.0964
v -6.2359 0.6500 -0.1132
v -6.1258 0.3672 -0.1533
v -6.0014 0.3672 -0.0051
f 27019 27020 27021 27022
v -6.2359 0.6500 -0.1132
v -6.2359 0.6500 -0.3868
v -6.1258 0.3672 -0.3467
v -6.1258 0.3672 -0.1533
f 27023 27024 27025 27026
v -6.2359 0.6500 -0.3868
v -6.0600 0.6500 -0.5964
v -6.0014 0.3672 -0.4949
v -6.1258 0.3672 -0.3467
f 27027 27028 27029 27030
v -6.0600 0.6500 -0.5964
v -5.7905 0.6500 -0.6439
v -5.8109 0.3672 -0.5285
v -6.0014 0.3672 -0.4949
f 27031 27032 27033 27034
v -5.7905 0.6500 -0.6439
v -5.5536 0.6500 -0.5071
v -5.6433 0.3672 -0.4318
v -5.8109 0.3672 -0.5285
f 27035 27036 27037 27038
v -5.5536 0.6500 -0.5071
v -5.4600 0.6500 -0.2500
v -5.5772 0.3672 -0.2500
v -5.6433 0.3672 -0.4318
f 27039 27040 27041 27042
v -5.5772 0.3672 -0.2500
v -5.6433 0.3672 -0.0682
v -5.8600 0.2500 -0.2500
v -5.8600 0.2500 -0.2500
f 27043 27044 27045 27046
v -5.6433 0.3672 -0.0682
v -5.8109 0.3672 0.0285
v -5.8600 0.2500 -0.2500
v -5.8600 0.2500 -0.2500
f 27047 27048 27049 27050
v -5.8109 0.3672 0.0285
v -6.0014 0.3672 -0.0051
v -5.8600 0.2500 -0.2500
v -5.8600 0.2500 -0.2500
f 27051 27052 27053 27054
v -6.0014 0.3672 -0.0051
v -6.1258 0.3672 -0.1533
v -5.8600 0.2500 -0.2500
v -5.8600 0.2500 -0.2500
f 27055 27056 27057 27058
v -6.1258 0.3672 -0.1533
v -6.1258 0.3672 -0.3467
v -5.8600 0.2500 -0.2500
v -5.8600 0.2500 -0.2500
f 27059 27060 27061 27062
v -6.1258 0.3672 -0.3467
v -6.0014 0.3672 -0.4949
v -5.8600 0.2500 -0.2500
v -5.8600 0.2500 -0.2500
f 27063 27064 27065 27066
v -6.0014 0.3672 -0.4949
v -5.8109 0.3672 -0.5285
v -5.8600 0.2500 -0.2500
v -5.8600 0.2500 -0.2500
f 27067 27068 27069 27070
v -5.8109 0.3672 -0.5285
v -5.6433 0.3672 -0.4318
v -5.8600 0.2500 -0.2500
v -5.8600 0.2500 -0.2500
f 27071 27072 27073 27074
v -5.6433 0.3672 -0.4318
v -5.5772 0.3672 -0.2500
v -5.8600 0.2500 -0.2500
v -5.8600 0.2500 -0.2500
f 27075 27076 27077 27078
usemtl leaves
v -5.5400 1.0500 -0.2500
v -5.5400 1.0500 -0.2500
v -5.3233 0.9328 -0.0682
v -5.2572 0.9328 -0.2500
f 27079 27080 27081 27082
v -5.5400 1.0500 -0.2500
v -5.5400 1.0500 -0.2500
v -5.4909 0.9328 0.0285
v -5.3233 0.9328 -0.0682
f 27083 27084 27085 27086
v -5.5400 1.0500 -0.2500
v -5.5400 1.0500 -0.2500
v -5.6814 0.9328 -0.0051
v -5.4909 0.9328 0.0285
f 27087 27088 27089 27090
v -5.5400 1.0500 -0.2500
v -5.5400 1.0500 -0.2500
v -5.8058 0.9328 -0.1533
v -5.6814 0.9328 -0.0051
f 27091 27092 27093 27094
v -5.5400 1.0500 -0.2500
v -5.5400 1.0500 -0.2500
v -5.8058 0.9328 -0.3467
v -5.8058 0.9328 -0.1533
f 27095 27096 27097 27098
v -5.5400 1.0500 -0.2500
v -5.5400 1.0500 -0.2500
v -5.6814 0.9328 -0.4949
v -5.8058 0.9328 -0.3467
f 27099 27100 27101 27102
v -5.5400 1.0500 -0.2500
v -5.5400 1.0500 -0.2500
v -5.4909 0.9328 -0.5285
v -5.6814 0.9328 -0.4949
f 27103 27104 27105 27106
v -5.5400 1.0500 -0.2500
v -5.5400 1.0500 -0.2500
v -5.3233 0.9328 -0.4318
v -5.4909 0.9328 -0.5285
f 27107 27108 27109 27110
v -5.5400 1.0500 -0.2500
v -5.5400 1.0500 -0.2500
v -5.2572 0.9328 -0.2500
v -5.3233 0.9328 -0.4318
f 27111 27112 27113 27114
v -5.2572 0.9328 -0.2500
v -5.3233 0.9328 -0.0682
v -5.2336 0.6500 0.0071
v -5.1400 0.6500 -0.2500
f 27115 27116 27117 27118
v -5.3233 0.9328 -0.0682
v -5.4909 0.9328 0.0285
v -5.4705 0.6500 0.1439
v -5.2336 0.6500 0.0071
f 27119 27120 27121 27122
v -5.4909 0.9328 0.0285
v -5.6814 0.9328 -0.0051
v -5.7400 0.6500 0.0964
v -5.4705 0.6500 0.1439
f 27123 27124 27125 27126
v -5.6814 0.9328 -0.0051
v -5.8058 0.9328 -0.1533
v -5.9159 0.6500 -0.1132
v -5.7400 0.6500 0.0964
f 27127 27128 27129 27130
v -5.8058 0.9328 -0.1533
v -5.8058 0.9328 -0.3467
v -5.9159 0.6500 -0.3868
v -5.9159 0.6500 -0.1132
f 27131 27132 27133 27134
v -5.8058 0.9328 -0.3467
v -5.6814 0.9328 -0.4949
v -5.7400 0.6500 -0.5964
v -5.9159 0.6500 -0.3868
f 27135 27136 27137 27138
v -5.6814 0.9328 -0.4949
v -5.4909 0.9328 -0.5285
v -5.4705 0.6500 -0.6439
v -5.7400 0.6500 -0.5964
f 27139 27140 27141 27142
v -5.4909 0.9328 -0.5285
v -5.3233 0.9328 -0.4318
v -5.2336 0.6500 -0.5071
v -5.4705 0.6500 -0.6439
f 27143 27144 27145 27146
v -5.3233 0.9328 -0.4318
v -5.2572 0.9328 -0.2500
v -5.1400 0.6500 -0.2500
v -5.2336 0.6500 -0.5071
f 27147 27148 27149 27150
v -5.1400 0.6500 -0.2500
v -5.2336 0.6500 0.0071
v -5.3233 0.3672 -0.0682
v -5.2572 0.3672 -0.2500
f 27151 27152 27153 27154
v -5.2336 0.6500 0.0071
v -5.4705 0.6500 0.1439
v -5.4909 0.3672 0.0285
v -5.3233 0.3672 -0.0682
f 27155 27156 27157 27158
v -5.4705 0.6500 0.1439
v -5.7400 0.6500 0.0964
v -5.6814 0.3672 -0.0051
v -5.4909 0.3672 0.0285
f 27159 27160 27161 27162
v -5.7400 0.6500 0.0964
v -5.9159 0.6500 -0.1132
v -5.8058 0.3672 -0.1533
v -5.6814 0.3672 -0.0051
f 27163 27164 27165 27166
v -5.9159 0.6500 -0.1132
v -5.9159 0.6500 -0.3868
v -5.8058 0.3672 -0.3467
v -5.8058 0.3672 -0.1533
f 27167 27168 27169 27170
v -5.9159 0.6500 -0.3868
v -5.7400 0.6500 -0.5964
v -5.6814 0.3672 -0.4949
v -5.8058 0.3672 -0.3467
f 27171 27172 27173 27174
v -5.7400 0.6500 -0.5964
v -5.4705 0.6500 -0.6439
v -5.4909 0.3672 -0.5285
v -5.6814 0.3672 -0.4949
f 27175 27176 27177 27178
v -5.4705 0.6500 -0.6439
v -5.2336 0.6500 -0.5071
v -5.3233 0.3672 -0.4318
v -5.4909 0.3672 -0.5285
f 27179 27180 27181 27182
v -5.2336 0.6500 -0.5071
v -5.1400 0.6500 -0.2500
v -5.2572 0.3672 -0.2500
v -5.3233 0.3672 -0.4318
f 27183 27184 27185 27186
v -5.2572 0.3672 -0.2500
v -5.3233 0.3672 -0.0682
v -5.5400 0.2500 -0.2500
v -5.5400 0.2500 -0.2500
f 27187 27188 27189 27190
v -5.3233 0.3672 -0.0682
v -5.4909 0.3672 0.0285
v -5.5400 0.2500 -0.2500
v -5.5400 0.2500 -0.2500
f 27191 27192 27193 27194
v -5.4909 0.3672 0.0285
v -5.6814 0.3672 -0.0051
v -5.5400 0.2500 -0.2500
v -5.5400 0.2500 -0.2500
f 27195 27196 27197 27198
v -5.6814 0.3672 -0.0051
v -5.8058 0.3672 -0.1533
v -5.5400 0.2500 -0.2500
v -5.5400 0.2500 -0.2500
f 27199 27200 27201 27202
v -5.8058 0.3672 -0.1533
v -5.8058 0.3672 -0.3467
v -5.5400 0.2500 -0.2500
v -5.5400 0.2500 -0.2500
f 27203 27204 27205 27206
v -5.8058 0.3672 -0.3467
v -5.6814 0.3672 -0.4949
v -5.5400 0.2500 -0.2500
v -5.5400 0.2500 -0.2500
f 27207 27208 27209 27210
v -5.6814 0.3672 -0.4949
v -5.4909 0.3672 -0.5285
v -5.5400 0.2500 -0.2500
v -5.5400 0.2500 -0.2500
f 27211 27212 27213 27214
v -5.4909 0.3672 -0.5285
v -5.3233 0.3672 -0.4318
v -5.5400 0.2500 -0.2500
v -5.5400 0.2500 -0.2500
f 27215 27216 27217 27218
v -5.3233 0.3672 -0.4318
v -5.2572 0.3672 -0.2500
v -5.5400 0.2500 -0.2500
v -5.5400 0.2500 -0.2500
f 27219 27220 27221 27222
g level_0_landscape_raised_planter
usemtl trim
v 5.0000 0.0500 -1.0000
v 5.0000 0.0500 1.0000
v 7.0000 0.0500 1.0000
v 7.0000 0.0500 -1.0000
f 27223 27224 27225 27226
v 5.0000 0.3700 -1.0000
v 7.0000 0.3700 -1.0000
v 7.0000 0.3700 1.0000
v 5.0000 0.3700 1.0000
f 27227 27228 27229 27230
v 5.0000 0.0500 -1.0000
v 7.0000 0.0500 -1.0000
v 7.0000 0.3700 -1.0000
v 5.0000 0.3700 -1.0000
f 27231 27232 27233 27234
v 7.0000 0.0500 -1.0000
v 7.0000 0.0500 1.0000
v 7.0000 0.3700 1.0000
v 7.0000 0.3700 -1.0000
f 27235 27236 27237 27238
v 7.0000 0.0500 1.0000
v 5.0000 0.0500 1.0000
v 5.0000 0.3700 1.0000
v 7.0000 0.3700 1.0000
f 27239 27240 27241 27242
v 5.0000 0.0500 1.0000
v 5.0000 0.0500 -1.0000
v 5.0000 0.3700 -1.0000
v 5.0000 0.3700 1.0000
f 27243 27244 27245 27246
g level_0_landscape_planter_soil
usemtl soil
v 5.2000 0.3800 -0.8000
v 5.2000 0.3800 0.8000
v 6.8000 0.3800 0.8000
v 6.8000 0.3800 -0.8000
f 27247 27248 27249 27250
v 5.2000 0.4300 -0.8000
v 6.8000 0.4300 -0.8000
v 6.8000 0.4300 0.8000
v 5.2000 0.4300 0.8000
f 27251 27252 27253 27254
v 5.2000 0.3800 -0.8000
v 6.8000 0.3800 -0.8000
v 6.8000 0.4300 -0.8000
v 5.2000 0.4300 -0.8000
f 27255 27256 27257 27258
v 6.8000 0.3800 -0.8000
v 6.8000 0.3800 0.8000
v 6.8000 0.4300 0.8000
v 6.8000 0.4300 -0.8000
f 27259 27260 27261 27262
v 6.8000 0.3800 0.8000
v 5.2000 0.3800 0.8000
v 5.2000 0.4300 0.8000
v 6.8000 0.4300 0.8000
f 27263 27264 27265 27266
v 5.2000 0.3800 0.8000
v 5.2000 0.3800 -0.8000
v 5.2000 0.4300 -0.8000
v 5.2000 0.4300 0.8000
f 27267 27268 27269 27270
g level_0_landscape_tree_crown
usemtl leavesLight
v 5.5000 1.0500 -0.2500
v 5.5000 1.0500 -0.2500
v 5.7167 0.9328 -0.0682
v 5.7828 0.9328 -0.2500
f 27271 27272 27273 27274
v 5.5000 1.0500 -0.2500
v 5.5000 1.0500 -0.2500
v 5.5491 0.9328 0.0285
v 5.7167 0.9328 -0.0682
f 27275 27276 27277 27278
v 5.5000 1.0500 -0.2500
v 5.5000 1.0500 -0.2500
v 5.3586 0.9328 -0.0051
v 5.5491 0.9328 0.0285
f 27279 27280 27281 27282
v 5.5000 1.0500 -0.2500
v 5.5000 1.0500 -0.2500
v 5.2342 0.9328 -0.1533
v 5.3586 0.9328 -0.0051
f 27283 27284 27285 27286
v 5.5000 1.0500 -0.2500
v 5.5000 1.0500 -0.2500
v 5.2342 0.9328 -0.3467
v 5.2342 0.9328 -0.1533
f 27287 27288 27289 27290
v 5.5000 1.0500 -0.2500
v 5.5000 1.0500 -0.2500
v 5.3586 0.9328 -0.4949
v 5.2342 0.9328 -0.3467
f 27291 27292 27293 27294
v 5.5000 1.0500 -0.2500
v 5.5000 1.0500 -0.2500
v 5.5491 0.9328 -0.5285
v 5.3586 0.9328 -0.4949
f 27295 27296 27297 27298
v 5.5000 1.0500 -0.2500
v 5.5000 1.0500 -0.2500
v 5.7167 0.9328 -0.4318
v 5.5491 0.9328 -0.5285
f 27299 27300 27301 27302
v 5.5000 1.0500 -0.2500
v 5.5000 1.0500 -0.2500
v 5.7828 0.9328 -0.2500
v 5.7167 0.9328 -0.4318
f 27303 27304 27305 27306
v 5.7828 0.9328 -0.2500
v 5.7167 0.9328 -0.0682
v 5.8064 0.6500 0.0071
v 5.9000 0.6500 -0.2500
f 27307 27308 27309 27310
v 5.7167 0.9328 -0.0682
v 5.5491 0.9328 0.0285
v 5.5695 0.6500 0.1439
v 5.8064 0.6500 0.0071
f 27311 27312 27313 27314
v 5.5491 0.9328 0.0285
v 5.3586 0.9328 -0.0051
v 5.3000 0.6500 0.0964
v 5.5695 0.6500 0.1439
f 27315 27316 27317 27318
v 5.3586 0.9328 -0.0051
v 5.2342 0.9328 -0.1533
v 5.1241 0.6500 -0.1132
v 5.3000 0.6500 0.0964
f 27319 27320 27321 27322
v 5.2342 0.9328 -0.1533
v 5.2342 0.9328 -0.3467
v 5.1241 0.6500 -0.3868
v 5.1241 0.6500 -0.1132
f 27323 27324 27325 27326
v 5.2342 0.9328 -0.3467
v 5.3586 0.9328 -0.4949
v 5.3000 0.6500 -0.5964
v 5.1241 0.6500 -0.3868
f 27327 27328 27329 27330
v 5.3586 0.9328 -0.4949
v 5.5491 0.9328 -0.5285
v 5.5695 0.6500 -0.6439
v 5.3000 0.6500 -0.5964
f 27331 27332 27333 27334
v 5.5491 0.9328 -0.5285
v 5.7167 0.9328 -0.4318
v 5.8064 0.6500 -0.5071
v 5.5695 0.6500 -0.6439
f 27335 27336 27337 27338
v 5.7167 0.9328 -0.4318
v 5.7828 0.9328 -0.2500
v 5.9000 0.6500 -0.2500
v 5.8064 0.6500 -0.5071
f 27339 27340 27341 27342
v 5.9000 0.6500 -0.2500
v 5.8064 0.6500 0.0071
v 5.7167 0.3672 -0.0682
v 5.7828 0.3672 -0.2500
f 27343 27344 27345 27346
v 5.8064 0.6500 0.0071
v 5.5695 0.6500 0.1439
v 5.5491 0.3672 0.0285
v 5.7167 0.3672 -0.0682
f 27347 27348 27349 27350
v 5.5695 0.6500 0.1439
v 5.3000 0.6500 0.0964
v 5.3586 0.3672 -0.0051
v 5.5491 0.3672 0.0285
f 27351 27352 27353 27354
v 5.3000 0.6500 0.0964
v 5.1241 0.6500 -0.1132
v 5.2342 0.3672 -0.1533
v 5.3586 0.3672 -0.0051
f 27355 27356 27357 27358
v 5.1241 0.6500 -0.1132
v 5.1241 0.6500 -0.3868
v 5.2342 0.3672 -0.3467
v 5.2342 0.3672 -0.1533
f 27359 27360 27361 27362
v 5.1241 0.6500 -0.3868
v 5.3000 0.6500 -0.5964
v 5.3586 0.3672 -0.4949
v 5.2342 0.3672 -0.3467
f 27363 27364 27365 27366
v 5.3000 0.6500 -0.5964
v 5.5695 0.6500 -0.6439
v 5.5491 0.3672 -0.5285
v 5.3586 0.3672 -0.4949
f 27367 27368 27369 27370
v 5.5695 0.6500 -0.6439
v 5.8064 0.6500 -0.5071
v 5.7167 0.3672 -0.4318
v 5.5491 0.3672 -0.5285
f 27371 27372 27373 27374
v 5.8064 0.6500 -0.5071
v 5.9000 0.6500 -0.2500
v 5.7828 0.3672 -0.2500
v 5.7167 0.3672 -0.4318
f 27375 27376 27377 27378
v 5.7828 0.3672 -0.2500
v 5.7167 0.3672 -0.0682
v 5.5000 0.2500 -0.2500
v 5.5000 0.2500 -0.2500
f 27379 27380 27381 27382
v 5.7167 0.3672 -0.0682
v 5.5491 0.3672 0.0285
v 5.5000 0.2500 -0.2500
v 5.5000 0.2500 -0.2500
f 27383 27384 27385 27386
v 5.5491 0.3672 0.0285
v 5.3586 0.3672 -0.0051
v 5.5000 0.2500 -0.2500
v 5.5000 0.2500 -0.2500
f 27387 27388 27389 27390
v 5.3586 0.3672 -0.0051
v 5.2342 0.3672 -0.1533
v 5.5000 0.2500 -0.2500
v 5.5000 0.2500 -0.2500
f 27391 27392 27393 27394
v 5.2342 0.3672 -0.1533
v 5.2342 0.3672 -0.3467
v 5.5000 0.2500 -0.2500
v 5.5000 0.2500 -0.2500
f 27395 27396 27397 27398
v 5.2342 0.3672 -0.3467
v 5.3586 0.3672 -0.4949
v 5.5000 0.2500 -0.2500
v 5.5000 0.2500 -0.2500
f 27399 27400 27401 27402
v 5.3586 0.3672 -0.4949
v 5.5491 0.3672 -0.5285
v 5.5000 0.2500 -0.2500
v 5.5000 0.2500 -0.2500
f 27403 27404 27405 27406
v 5.5491 0.3672 -0.5285
v 5.7167 0.3672 -0.4318
v 5.5000 0.2500 -0.2500
v 5.5000 0.2500 -0.2500
f 27407 27408 27409 27410
v 5.7167 0.3672 -0.4318
v 5.7828 0.3672 -0.2500
v 5.5000 0.2500 -0.2500
v 5.5000 0.2500 -0.2500
f 27411 27412 27413 27414
usemtl leaves
v 5.8200 1.0500 -0.2500
v 5.8200 1.0500 -0.2500
v 6.0367 0.9328 -0.0682
v 6.1028 0.9328 -0.2500
f 27415 27416 27417 27418
v 5.8200 1.0500 -0.2500
v 5.8200 1.0500 -0.2500
v 5.8691 0.9328 0.0285
v 6.0367 0.9328 -0.0682
f 27419 27420 27421 27422
v 5.8200 1.0500 -0.2500
v 5.8200 1.0500 -0.2500
v 5.6786 0.9328 -0.0051
v 5.8691 0.9328 0.0285
f 27423 27424 27425 27426
v 5.8200 1.0500 -0.2500
v 5.8200 1.0500 -0.2500
v 5.5542 0.9328 -0.1533
v 5.6786 0.9328 -0.0051
f 27427 27428 27429 27430
v 5.8200 1.0500 -0.2500
v 5.8200 1.0500 -0.2500
v 5.5542 0.9328 -0.3467
v 5.5542 0.9328 -0.1533
f 27431 27432 27433 27434
v 5.8200 1.0500 -0.2500
v 5.8200 1.0500 -0.2500
v 5.6786 0.9328 -0.4949
v 5.5542 0.9328 -0.3467
f 27435 27436 27437 27438
v 5.8200 1.0500 -0.2500
v 5.8200 1.0500 -0.2500
v 5.8691 0.9328 -0.5285
v 5.6786 0.9328 -0.4949
f 27439 27440 27441 27442
v 5.8200 1.0500 -0.2500
v 5.8200 1.0500 -0.2500
v 6.0367 0.9328 -0.4318
v 5.8691 0.9328 -0.5285
f 27443 27444 27445 27446
v 5.8200 1.0500 -0.2500
v 5.8200 1.0500 -0.2500
v 6.1028 0.9328 -0.2500
v 6.0367 0.9328 -0.4318
f 27447 27448 27449 27450
v 6.1028 0.9328 -0.2500
v 6.0367 0.9328 -0.0682
v 6.1264 0.6500 0.0071
v 6.2200 0.6500 -0.2500
f 27451 27452 27453 27454
v 6.0367 0.9328 -0.0682
v 5.8691 0.9328 0.0285
v 5.8895 0.6500 0.1439
v 6.1264 0.6500 0.0071
f 27455 27456 27457 27458
v 5.8691 0.9328 0.0285
v 5.6786 0.9328 -0.0051
v 5.6200 0.6500 0.0964
v 5.8895 0.6500 0.1439
f 27459 27460 27461 27462
v 5.6786 0.9328 -0.0051
v 5.5542 0.9328 -0.1533
v 5.4441 0.6500 -0.1132
v 5.6200 0.6500 0.0964
f 27463 27464 27465 27466
v 5.5542 0.9328 -0.1533
v 5.5542 0.9328 -0.3467
v 5.4441 0.6500 -0.3868
v 5.4441 0.6500 -0.1132
f 27467 27468 27469 27470
v 5.5542 0.9328 -0.3467
v 5.6786 0.9328 -0.4949
v 5.6200 0.6500 -0.5964
v 5.4441 0.6500 -0.3868
f 27471 27472 27473 27474
v 5.6786 0.9328 -0.4949
v 5.8691 0.9328 -0.5285
v 5.8895 0.6500 -0.6439
v 5.6200 0.6500 -0.5964
f 27475 27476 27477 27478
v 5.8691 0.9328 -0.5285
v 6.0367 0.9328 -0.4318
v 6.1264 0.6500 -0.5071
v 5.8895 0.6500 -0.6439
f 27479 27480 27481 27482
v 6.0367 0.9328 -0.4318
v 6.1028 0.9328 -0.2500
v 6.2200 0.6500 -0.2500
v 6.1264 0.6500 -0.5071
f 27483 27484 27485 27486
v 6.2200 0.6500 -0.2500
v 6.1264 0.6500 0.0071
v 6.0367 0.3672 -0.0682
v 6.1028 0.3672 -0.2500
f 27487 27488 27489 27490
v 6.1264 0.6500 0.0071
v 5.8895 0.6500 0.1439
v 5.8691 0.3672 0.0285
v 6.0367 0.3672 -0.0682
f 27491 27492 27493 27494
v 5.8895 0.6500 0.1439
v 5.6200 0.6500 0.0964
v 5.6786 0.3672 -0.0051
v 5.8691 0.3672 0.0285
f 27495 27496 27497 27498
v 5.6200 0.6500 0.0964
v 5.4441 0.6500 -0.1132
v 5.5542 0.3672 -0.1533
v 5.6786 0.3672 -0.0051
f 27499 27500 27501 27502
v 5.4441 0.6500 -0.1132
v 5.4441 0.6500 -0.3868
v 5.5542 0.3672 -0.3467
v 5.5542 0.3672 -0.1533
f 27503 27504 27505 27506
v 5.4441 0.6500 -0.3868
v 5.6200 0.6500 -0.5964
v 5.6786 0.3672 -0.4949
v 5.5542 0.3672 -0.3467
f 27507 27508 27509 27510
v 5.6200 0.6500 -0.5964
v 5.8895 0.6500 -0.6439
v 5.8691 0.3672 -0.5285
v 5.6786 0.3672 -0.4949
f 27511 27512 27513 27514
v 5.8895 0.6500 -0.6439
v 6.1264 0.6500 -0.5071
v 6.0367 0.3672 -0.4318
v 5.8691 0.3672 -0.5285
f 27515 27516 27517 27518
v 6.1264 0.6500 -0.5071
v 6.2200 0.6500 -0.2500
v 6.1028 0.3672 -0.2500
v 6.0367 0.3672 -0.4318
f 27519 27520 27521 27522
v 6.1028 0.3672 -0.2500
v 6.0367 0.3672 -0.0682
v 5.8200 0.2500 -0.2500
v 5.8200 0.2500 -0.2500
f 27523 27524 27525 27526
v 6.0367 0.3672 -0.0682
v 5.8691 0.3672 0.0285
v 5.8200 0.2500 -0.2500
v 5.8200 0.2500 -0.2500
f 27527 27528 27529 27530
v 5.8691 0.3672 0.0285
v 5.6786 0.3672 -0.0051
v 5.8200 0.2500 -0.2500
v 5.8200 0.2500 -0.2500
f 27531 27532 27533 27534
v 5.6786 0.3672 -0.0051
v 5.5542 0.3672 -0.1533
v 5.8200 0.2500 -0.2500
v 5.8200 0.2500 -0.2500
f 27535 27536 27537 27538
v 5.5542 0.3672 -0.1533
v 5.5542 0.3672 -0.3467
v 5.8200 0.2500 -0.2500
v 5.8200 0.2500 -0.2500
f 27539 27540 27541 27542
v 5.5542 0.3672 -0.3467
v 5.6786 0.3672 -0.4949
v 5.8200 0.2500 -0.2500
v 5.8200 0.2500 -0.2500
f 27543 27544 27545 27546
v 5.6786 0.3672 -0.4949
v 5.8691 0.3672 -0.5285
v 5.8200 0.2500 -0.2500
v 5.8200 0.2500 -0.2500
f 27547 27548 27549 27550
v 5.8691 0.3672 -0.5285
v 6.0367 0.3672 -0.4318
v 5.8200 0.2500 -0.2500
v 5.8200 0.2500 -0.2500
f 27551 27552 27553 27554
v 6.0367 0.3672 -0.4318
v 6.1028 0.3672 -0.2500
v 5.8200 0.2500 -0.2500
v 5.8200 0.2500 -0.2500
f 27555 27556 27557 27558
usemtl leavesLight
v 6.1400 1.0500 -0.2500
v 6.1400 1.0500 -0.2500
v 6.3567 0.9328 -0.0682
v 6.4228 0.9328 -0.2500
f 27559 27560 27561 27562
v 6.1400 1.0500 -0.2500
v 6.1400 1.0500 -0.2500
v 6.1891 0.9328 0.0285
v 6.3567 0.9328 -0.0682
f 27563 27564 27565 27566
v 6.1400 1.0500 -0.2500
v 6.1400 1.0500 -0.2500
v 5.9986 0.9328 -0.0051
v 6.1891 0.9328 0.0285
f 27567 27568 27569 27570
v 6.1400 1.0500 -0.2500
v 6.1400 1.0500 -0.2500
v 5.8742 0.9328 -0.1533
v 5.9986 0.9328 -0.0051
f 27571 27572 27573 27574
v 6.1400 1.0500 -0.2500
v 6.1400 1.0500 -0.2500
v 5.8742 0.9328 -0.3467
v 5.8742 0.9328 -0.1533
f 27575 27576 27577 27578
v 6.1400 1.0500 -0.2500
v 6.1400 1.0500 -0.2500
v 5.9986 0.9328 -0.4949
v 5.8742 0.9328 -0.3467
f 27579 27580 27581 27582
v 6.1400 1.0500 -0.2500
v 6.1400 1.0500 -0.2500
v 6.1891 0.9328 -0.5285
v 5.9986 0.9328 -0.4949
f 27583 27584 27585 27586
v 6.1400 1.0500 -0.2500
v 6.1400 1.0500 -0.2500
v 6.3567 0.9328 -0.4318
v 6.1891 0.9328 -0.5285
f 27587 27588 27589 27590
v 6.1400 1.0500 -0.2500
v 6.1400 1.0500 -0.2500
v 6.4228 0.9328 -0.2500
v 6.3567 0.9328 -0.4318
f 27591 27592 27593 27594
v 6.4228 0.9328 -0.2500
v 6.3567 0.9328 -0.0682
v 6.4464 0.6500 0.0071
v 6.5400 0.6500 -0.2500
f 27595 27596 27597 27598
v 6.3567 0.9328 -0.0682
v 6.1891 0.9328 0.0285
v 6.2095 0.6500 0.1439
v 6.4464 0.6500 0.0071
f 27599 27600 27601 27602
v 6.1891 0.9328 0.0285
v 5.9986 0.9328 -0.0051
v 5.9400 0.6500 0.0964
v 6.2095 0.6500 0.1439
f 27603 27604 27605 27606
v 5.9986 0.9328 -0.0051
v 5.8742 0.9328 -0.1533
v 5.7641 0.6500 -0.1132
v 5.9400 0.6500 0.0964
f 27607 27608 27609 27610
v 5.8742 0.9328 -0.1533
v 5.8742 0.9328 -0.3467
v 5.7641 0.6500 -0.3868
v 5.7641 0.6500 -0.1132
f 27611 27612 27613 27614
v 5.8742 0.9328 -0.3467
v 5.9986 0.9328 -0.4949
v 5.9400 0.6500 -0.5964
v 5.7641 0.6500 -0.3868
f 27615 27616 27617 27618
v 5.9986 0.9328 -0.4949
v 6.1891 0.9328 -0.5285
v 6.2095 0.6500 -0.6439
v 5.9400 0.6500 -0.5964
f 27619 27620 27621 27622
v 6.1891 0.9328 -0.5285
v 6.3567 0.9328 -0.4318
v 6.4464 0.6500 -0.5071
v 6.2095 0.6500 -0.6439
f 27623 27624 27625 27626
v 6.3567 0.9328 -0.4318
v 6.4228 0.9328 -0.2500
v 6.5400 0.6500 -0.2500
v 6.4464 0.6500 -0.5071
f 27627 27628 27629 27630
v 6.5400 0.6500 -0.2500
v 6.4464 0.6500 0.0071
v 6.3567 0.3672 -0.0682
v 6.4228 0.3672 -0.2500
f 27631 27632 27633 27634
v 6.4464 0.6500 0.0071
v 6.2095 0.6500 0.1439
v 6.1891 0.3672 0.0285
v 6.3567 0.3672 -0.0682
f 27635 27636 27637 27638
v 6.2095 0.6500 0.1439
v 5.9400 0.6500 0.0964
v 5.9986 0.3672 -0.0051
v 6.1891 0.3672 0.0285
f 27639 27640 27641 27642
v 5.9400 0.6500 0.0964
v 5.7641 0.6500 -0.1132
v 5.8742 0.3672 -0.1533
v 5.9986 0.3672 -0.0051
f 27643 27644 27645 27646
v 5.7641 0.6500 -0.1132
v 5.7641 0.6500 -0.3868
v 5.8742 0.3672 -0.3467
v 5.8742 0.3672 -0.1533
f 27647 27648 27649 27650
v 5.7641 0.6500 -0.3868
v 5.9400 0.6500 -0.5964
v 5.9986 0.3672 -0.4949
v 5.8742 0.3672 -0.3467
f 27651 27652 27653 27654
v 5.9400 0.6500 -0.5964
v 6.2095 0.6500 -0.6439
v 6.1891 0.3672 -0.5285
v 5.9986 0.3672 -0.4949
f 27655 27656 27657 27658
v 6.2095 0.6500 -0.6439
v 6.4464 0.6500 -0.5071
v 6.3567 0.3672 -0.4318
v 6.1891 0.3672 -0.5285
f 27659 27660 27661 27662
v 6.4464 0.6500 -0.5071
v 6.5400 0.6500 -0.2500
v 6.4228 0.3672 -0.2500
v 6.3567 0.3672 -0.4318
f 27663 27664 27665 27666
v 6.4228 0.3672 -0.2500
v 6.3567 0.3672 -0.0682
v 6.1400 0.2500 -0.2500
v 6.1400 0.2500 -0.2500
f 27667 27668 27669 27670
v 6.3567 0.3672 -0.0682
v 6.1891 0.3672 0.0285
v 6.1400 0.2500 -0.2500
v 6.1400 0.2500 -0.2500
f 27671 27672 27673 27674
v 6.1891 0.3672 0.0285
v 5.9986 0.3672 -0.0051
v 6.1400 0.2500 -0.2500
v 6.1400 0.2500 -0.2500
f 27675 27676 27677 27678
v 5.9986 0.3672 -0.0051
v 5.8742 0.3672 -0.1533
v 6.1400 0.2500 -0.2500
v 6.1400 0.2500 -0.2500
f 27679 27680 27681 27682
v 5.8742 0.3672 -0.1533
v 5.8742 0.3672 -0.3467
v 6.1400 0.2500 -0.2500
v 6.1400 0.2500 -0.2500
f 27683 27684 27685 27686
v 5.8742 0.3672 -0.3467
v 5.9986 0.3672 -0.4949
v 6.1400 0.2500 -0.2500
v 6.1400 0.2500 -0.2500
f 27687 27688 27689 27690
v 5.9986 0.3672 -0.4949
v 6.1891 0.3672 -0.5285
v 6.1400 0.2500 -0.2500
v 6.1400 0.2500 -0.2500
f 27691 27692 27693 27694
v 6.1891 0.3672 -0.5285
v 6.3567 0.3672 -0.4318
v 6.1400 0.2500 -0.2500
v 6.1400 0.2500 -0.2500
f 27695 27696 27697 27698
v 6.3567 0.3672 -0.4318
v 6.4228 0.3672 -0.2500
v 6.1400 0.2500 -0.2500
v 6.1400 0.2500 -0.2500
f 27699 27700 27701 27702
usemtl leaves
v 6.4600 1.0500 -0.2500
v 6.4600 1.0500 -0.2500
v 6.6767 0.9328 -0.0682
v 6.7428 0.9328 -0.2500
f 27703 27704 27705 27706
v 6.4600 1.0500 -0.2500
v 6.4600 1.0500 -0.2500
v 6.5091 0.9328 0.0285
v 6.6767 0.9328 -0.0682
f 27707 27708 27709 27710
v 6.4600 1.0500 -0.2500
v 6.4600 1.0500 -0.2500
v 6.3186 0.9328 -0.0051
v 6.5091 0.9328 0.0285
f 27711 27712 27713 27714
v 6.4600 1.0500 -0.2500
v 6.4600 1.0500 -0.2500
v 6.1942 0.9328 -0.1533
v 6.3186 0.9328 -0.0051
f 27715 27716 27717 27718
v 6.4600 1.0500 -0.2500
v 6.4600 1.0500 -0.2500
v 6.1942 0.9328 -0.3467
v 6.1942 0.9328 -0.1533
f 27719 27720 27721 27722
v 6.4600 1.0500 -0.2500
v 6.4600 1.0500 -0.2500
v 6.3186 0.9328 -0.4949
v 6.1942 0.9328 -0.3467
f 27723 27724 27725 27726
v 6.4600 1.0500 -0.2500
v 6.4600 1.0500 -0.2500
v 6.5091 0.9328 -0.5285
v 6.3186 0.9328 -0.4949
f 27727 27728 27729 27730
v 6.4600 1.0500 -0.2500
v 6.4600 1.0500 -0.2500
v 6.6767 0.9328 -0.4318
v 6.5091 0.9328 -0.5285
f 27731 27732 27733 27734
v 6.4600 1.0500 -0.2500
v 6.4600 1.0500 -0.2500
v 6.7428 0.9328 -0.2500
v 6.6767 0.9328 -0.4318
f 27735 27736 27737 27738
v 6.7428 0.9328 -0.2500
v 6.6767 0.9328 -0.0682
v 6.7664 0.6500 0.0071
v 6.8600 0.6500 -0.2500
f 27739 27740 27741 27742
v 6.6767 0.9328 -0.0682
v 6.5091 0.9328 0.0285
v 6.5295 0.6500 0.1439
v 6.7664 0.6500 0.0071
f 27743 27744 27745 27746
v 6.5091 0.9328 0.0285
v 6.3186 0.9328 -0.0051
v 6.2600 0.6500 0.0964
v 6.5295 0.6500 0.1439
f 27747 27748 27749 27750
v 6.3186 0.9328 -0.0051
v 6.1942 0.9328 -0.1533
v 6.0841 0.6500 -0.1132
v 6.2600 0.6500 0.0964
f 27751 27752 27753 27754
v 6.1942 0.9328 -0.1533
v 6.1942 0.9328 -0.3467
v 6.0841 0.6500 -0.3868
v 6.0841 0.6500 -0.1132
f 27755 27756 27757 27758
v 6.1942 0.9328 -0.3467
v 6.3186 0.9328 -0.4949
v 6.2600 0.6500 -0.5964
v 6.0841 0.6500 -0.3868
f 27759 27760 27761 27762
v 6.3186 0.9328 -0.4949
v 6.5091 0.9328 -0.5285
v 6.5295 0.6500 -0.6439
v 6.2600 0.6500 -0.5964
f 27763 27764 27765 27766
v 6.5091 0.9328 -0.5285
v 6.6767 0.9328 -0.4318
v 6.7664 0.6500 -0.5071
v 6.5295 0.6500 -0.6439
f 27767 27768 27769 27770
v 6.6767 0.9328 -0.4318
v 6.7428 0.9328 -0.2500
v 6.8600 0.6500 -0.2500
v 6.7664 0.6500 -0.5071
f 27771 27772 27773 27774
v 6.8600 0.6500 -0.2500
v 6.7664 0.6500 0.0071
v 6.6767 0.3672 -0.0682
v 6.7428 0.3672 -0.2500
f 27775 27776 27777 27778
v 6.7664 0.6500 0.0071
v 6.5295 0.6500 0.1439
v 6.5091 0.3672 0.0285
v 6.6767 0.3672 -0.0682
f 27779 27780 27781 27782
v 6.5295 0.6500 0.1439
v 6.2600 0.6500 0.0964
v 6.3186 0.3672 -0.0051
v 6.5091 0.3672 0.0285
f 27783 27784 27785 27786
v 6.2600 0.6500 0.0964
v 6.0841 0.6500 -0.1132
v 6.1942 0.3672 -0.1533
v 6.3186 0.3672 -0.0051
f 27787 27788 27789 27790
v 6.0841 0.6500 -0.1132
v 6.0841 0.6500 -0.3868
v 6.1942 0.3672 -0.3467
v 6.1942 0.3672 -0.1533
f 27791 27792 27793 27794
v 6.0841 0.6500 -0.3868
v 6.2600 0.6500 -0.5964
v 6.3186 0.3672 -0.4949
v 6.1942 0.3672 -0.3467
f 27795 27796 27797 27798
v 6.2600 0.6500 -0.5964
v 6.5295 0.6500 -0.6439
v 6.5091 0.3672 -0.5285
v 6.3186 0.3672 -0.4949
f 27799 27800 27801 27802
v 6.5295 0.6500 -0.6439
v 6.7664 0.6500 -0.5071
v 6.6767 0.3672 -0.4318
v 6.5091 0.3672 -0.5285
f 27803 27804 27805 27806
v 6.7664 0.6500 -0.5071
v 6.8600 0.6500 -0.2500
v 6.7428 0.3672 -0.2500
v 6.6767 0.3672 -0.4318
f 27807 27808 27809 27810
v 6.7428 0.3672 -0.2500
v 6.6767 0.3672 -0.0682
v 6.4600 0.2500 -0.2500
v 6.4600 0.2500 -0.2500
f 27811 27812 27813 27814
v 6.6767 0.3672 -0.0682
v 6.5091 0.3672 0.0285
v 6.4600 0.2500 -0.2500
v 6.4600 0.2500 -0.2500
f 27815 27816 27817 27818
v 6.5091 0.3672 0.0285
v 6.3186 0.3672 -0.0051
v 6.4600 0.2500 -0.2500
v 6.4600 0.2500 -0.2500
f 27819 27820 27821 27822
v 6.3186 0.3672 -0.0051
v 6.1942 0.3672 -0.1533
v 6.4600 0.2500 -0.2500
v 6.4600 0.2500 -0.2500
f 27823 27824 27825 27826
v 6.1942 0.3672 -0.1533
v 6.1942 0.3672 -0.3467
v 6.4600 0.2500 -0.2500
v 6.4600 0.2500 -0.2500
f 27827 27828 27829 27830
v 6.1942 0.3672 -0.3467
v 6.3186 0.3672 -0.4949
v 6.4600 0.2500 -0.2500
v 6.4600 0.2500 -0.2500
f 27831 27832 27833 27834
v 6.3186 0.3672 -0.4949
v 6.5091 0.3672 -0.5285
v 6.4600 0.2500 -0.2500
v 6.4600 0.2500 -0.2500
f 27835 27836 27837 27838
v 6.5091 0.3672 -0.5285
v 6.6767 0.3672 -0.4318
v 6.4600 0.2500 -0.2500
v 6.4600 0.2500 -0.2500
f 27839 27840 27841 27842
v 6.6767 0.3672 -0.4318
v 6.7428 0.3672 -0.2500
v 6.4600 0.2500 -0.2500
v 6.4600 0.2500 -0.2500
f 27843 27844 27845 27846
g level_0_landscape_boundary_post
usemtl metal
v -29.0000 0.0500 -24.0000
v -29.0000 0.0500 -23.9000
v -28.9000 0.0500 -23.9000
v -28.9000 0.0500 -24.0000
f 27847 27848 27849 27850
v -29.0000 1.3000 -24.0000
v -28.9000 1.3000 -24.0000
v -28.9000 1.3000 -23.9000
v -29.0000 1.3000 -23.9000
f 27851 27852 27853 27854
v -29.0000 0.0500 -24.0000
v -28.9000 0.0500 -24.0000
v -28.9000 1.3000 -24.0000
v -29.0000 1.3000 -24.0000
f 27855 27856 27857 27858
v -28.9000 0.0500 -24.0000
v -28.9000 0.0500 -23.9000
v -28.9000 1.3000 -23.9000
v -28.9000 1.3000 -24.0000
f 27859 27860 27861 27862
v -28.9000 0.0500 -23.9000
v -29.0000 0.0500 -23.9000
v -29.0000 1.3000 -23.9000
v -28.9000 1.3000 -23.9000
f 27863 27864 27865 27866
v -29.0000 0.0500 -23.9000
v -29.0000 0.0500 -24.0000
v -29.0000 1.3000 -24.0000
v -29.0000 1.3000 -23.9000
f 27867 27868 27869 27870
v -29.0000 0.0500 30.5000
v -29.0000 0.0500 30.6000
v -28.9000 0.0500 30.6000
v -28.9000 0.0500 30.5000
f 27871 27872 27873 27874
v -29.0000 1.3000 30.5000
v -28.9000 1.3000 30.5000
v -28.9000 1.3000 30.6000
v -29.0000 1.3000 30.6000
f 27875 27876 27877 27878
v -29.0000 0.0500 30.5000
v -28.9000 0.0500 30.5000
v -28.9000 1.3000 30.5000
v -29.0000 1.3000 30.5000
f 27879 27880 27881 27882
v -28.9000 0.0500 30.5000
v -28.9000 0.0500 30.6000
v -28.9000 1.3000 30.6000
v -28.9000 1.3000 30.5000
f 27883 27884 27885 27886
v -28.9000 0.0500 30.6000
v -29.0000 0.0500 30.6000
v -29.0000 1.3000 30.6000
v -28.9000 1.3000 30.6000
f 27887 27888 27889 27890
v -29.0000 0.0500 30.6000
v -29.0000 0.0500 30.5000
v -29.0000 1.3000 30.5000
v -29.0000 1.3000 30.6000
f 27891 27892 27893 27894
v -26.1000 0.0500 -24.0000
v -26.1000 0.0500 -23.9000
v -26.0000 0.0500 -23.9000
v -26.0000 0.0500 -24.0000
f 27895 27896 27897 27898
v -26.1000 1.3000 -24.0000
v -26.0000 1.3000 -24.0000
v -26.0000 1.3000 -23.9000
v -26.1000 1.3000 -23.9000
f 27899 27900 27901 27902
v -26.1000 0.0500 -24.0000
v -26.0000 0.0500 -24.0000
v -26.0000 1.3000 -24.0000
v -26.1000 1.3000 -24.0000
f 27903 27904 27905 27906
v -26.0000 0.0500 -24.0000
v -26.0000 0.0500 -23.9000
v -26.0000 1.3000 -23.9000
v -26.0000 1.3000 -24.0000
f 27907 27908 27909 27910
v -26.0000 0.0500 -23.9000
v -26.1000 0.0500 -23.9000
v -26.1000 1.3000 -23.9000
v -26.0000 1.3000 -23.9000
f 27911 27912 27913 27914
v -26.1000 0.0500 -23.9000
v -26.1000 0.0500 -24.0000
v -26.1000 1.3000 -24.0000
v -26.1000 1.3000 -23.9000
f 27915 27916 27917 27918
v -26.1000 0.0500 30.5000
v -26.1000 0.0500 30.6000
v -26.0000 0.0500 30.6000
v -26.0000 0.0500 30.5000
f 27919 27920 27921 27922
v -26.1000 1.3000 30.5000
v -26.0000 1.3000 30.5000
v -26.0000 1.3000 30.6000
v -26.1000 1.3000 30.6000
f 27923 27924 27925 27926
v -26.1000 0.0500 30.5000
v -26.0000 0.0500 30.5000
v -26.0000 1.3000 30.5000
v -26.1000 1.3000 30.5000
f 27927 27928 27929 27930
v -26.0000 0.0500 30.5000
v -26.0000 0.0500 30.6000
v -26.0000 1.3000 30.6000
v -26.0000 1.3000 30.5000
f 27931 27932 27933 27934
v -26.0000 0.0500 30.6000
v -26.1000 0.0500 30.6000
v -26.1000 1.3000 30.6000
v -26.0000 1.3000 30.6000
f 27935 27936 27937 27938
v -26.1000 0.0500 30.6000
v -26.1000 0.0500 30.5000
v -26.1000 1.3000 30.5000
v -26.1000 1.3000 30.6000
f 27939 27940 27941 27942
v -23.2000 0.0500 -24.0000
v -23.2000 0.0500 -23.9000
v -23.1000 0.0500 -23.9000
v -23.1000 0.0500 -24.0000
f 27943 27944 27945 27946
v -23.2000 1.3000 -24.0000
v -23.1000 1.3000 -24.0000
v -23.1000 1.3000 -23.9000
v -23.2000 1.3000 -23.9000
f 27947 27948 27949 27950
v -23.2000 0.0500 -24.0000
v -23.1000 0.0500 -24.0000
v -23.1000 1.3000 -24.0000
v -23.2000 1.3000 -24.0000
f 27951 27952 27953 27954
v -23.1000 0.0500 -24.0000
v -23.1000 0.0500 -23.9000
v -23.1000 1.3000 -23.9000
v -23.1000 1.3000 -24.0000
f 27955 27956 27957 27958
v -23.1000 0.0500 -23.9000
v -23.2000 0.0500 -23.9000
v -23.2000 1.3000 -23.9000
v -23.1000 1.3000 -23.9000
f 27959 27960 27961 27962
v -23.2000 0.0500 -23.9000
v -23.2000 0.0500 -24.0000
v -23.2000 1.3000 -24.0000
v -23.2000 1.3000 -23.9000
f 27963 27964 27965 27966
v -23.2000 0.0500 30.5000
v -23.2000 0.0500 30.6000
v -23.1000 0.0500 30.6000
v -23.1000 0.0500 30.5000
f 27967 27968 27969 27970
v -23.2000 1.3000 30.5000
v -23.1000 1.3000 30.5000
v -23.1000 1.3000 30.6000
v -23.2000 1.3000 30.6000
f 27971 27972 27973 27974
v -23.2000 0.0500 30.5000
v -23.1000 0.0500 30.5000
v -23.1000 1.3000 30.5000
v -23.2000 1.3000 30.5000
f 27975 27976 27977 27978
v -23.1000 0.0500 30.5000
v -23.1000 0.0500 30.6000
v -23.1000 1.3000 30.6000
v -23.1000 1.3000 30.5000
f 27979 27980 27981 27982
v -23.1000 0.0500 30.6000
v -23.2000 0.0500 30.6000
v -23.2000 1.3000 30.6000
v -23.1000 1.3000 30.6000
f 27983 27984 27985 27986
v -23.2000 0.0500 30.6000
v -23.2000 0.0500 30.5000
v -23.2000 1.3000 30.5000
v -23.2000 1.3000 30.6000
f 27987 27988 27989 27990
v -20.3000 0.0500 -24.0000
v -20.3000 0.0500 -23.9000
v -20.2000 0.0500 -23.9000
v -20.2000 0.0500 -24.0000
f 27991 27992 27993 27994
v -20.3000 1.3000 -24.0000
v -20.2000 1.3000 -24.0000
v -20.2000 1.3000 -23.9000
v -20.3000 1.3000 -23.9000
f 27995 27996 27997 27998
v -20.3000 0.0500 -24.0000
v -20.2000 0.0500 -24.0000
v -20.2000 1.3000 -24.0000
v -20.3000 1.3000 -24.0000
f 27999 28000 28001 28002
v -20.2000 0.0500 -24.0000
v -20.2000 0.0500 -23.9000
v -20.2000 1.3000 -23.9000
v -20.2000 1.3000 -24.0000
f 28003 28004 28005 28006
v -20.2000 0.0500 -23.9000
v -20.3000 0.0500 -23.9000
v -20.3000 1.3000 -23.9000
v -20.2000 1.3000 -23.9000
f 28007 28008 28009 28010
v -20.3000 0.0500 -23.9000
v -20.3000 0.0500 -24.0000
v -20.3000 1.3000 -24.0000
v -20.3000 1.3000 -23.9000
f 28011 28012 28013 28014
v -20.3000 0.0500 30.5000
v -20.3000 0.0500 30.6000
v -20.2000 0.0500 30.6000
v -20.2000 0.0500 30.5000
f 28015 28016 28017 28018
v -20.3000 1.3000 30.5000
v -20.2000 1.3000 30.5000
v -20.2000 1.3000 30.6000
v -20.3000 1.3000 30.6000
f 28019 28020 28021 28022
v -20.3000 0.0500 30.5000
v -20.2000 0.0500 30.5000
v -20.2000 1.3000 30.5000
v -20.3000 1.3000 30.5000
f 28023 28024 28025 28026
v -20.2000 0.0500 30.5000
v -20.2000 0.0500 30.6000
v -20.2000 1.3000 30.6000
v -20.2000 1.3000 30.5000
f 28027 28028 28029 28030
v -20.2000 0.0500 30.6000
v -20.3000 0.0500 30.6000
v -20.3000 1.3000 30.6000
v -20.2000 1.3000 30.6000
f 28031 28032 28033 28034
v -20.3000 0.0500 30.6000
v -20.3000 0.0500 30.5000
v -20.3000 1.3000 30.5000
v -20.3000 1.3000 30.6000
f 28035 28036 28037 28038
v -17.4000 0.0500 -24.0000
v -17.4000 0.0500 -23.9000
v -17.3000 0.0500 -23.9000
v -17.3000 0.0500 -24.0000
f 28039 28040 28041 28042
v -17.4000 1.3000 -24.0000
v -17.3000 1.3000 -24.0000
v -17.3000 1.3000 -23.9000
v -17.4000 1.3000 -23.9000
f 28043 28044 28045 28046
v -17.4000 0.0500 -24.0000
v -17.3000 0.0500 -24.0000
v -17.3000 1.3000 -24.0000
v -17.4000 1.3000 -24.0000
f 28047 28048 28049 28050
v -17.3000 0.0500 -24.0000
v -17.3000 0.0500 -23.9000
v -17.3000 1.3000 -23.9000
v -17.3000 1.3000 -24.0000
f 28051 28052 28053 28054
v -17.3000 0.0500 -23.9000
v -17.4000 0.0500 -23.9000
v -17.4000 1.3000 -23.9000
v -17.3000 1.3000 -23.9000
f 28055 28056 28057 28058
v -17.4000 0.0500 -23.9000
v -17.4000 0.0500 -24.0000
v -17.4000 1.3000 -24.0000
v -17.4000 1.3000 -23.9000
f 28059 28060 28061 28062
v -17.4000 0.0500 30.5000
v -17.4000 0.0500 30.6000
v -17.3000 0.0500 30.6000
v -17.3000 0.0500 30.5000
f 28063 28064 28065 28066
v -17.4000 1.3000 30.5000
v -17.3000 1.3000 30.5000
v -17.3000 1.3000 30.6000
v -17.4000 1.3000 30.6000
f 28067 28068 28069 28070
v -17.4000 0.0500 30.5000
v -17.3000 0.0500 30.5000
v -17.3000 1.3000 30.5000
v -17.4000 1.3000 30.5000
f 28071 28072 28073 28074
v -17.3000 0.0500 30.5000
v -17.3000 0.0500 30.6000
v -17.3000 1.3000 30.6000
v -17.3000 1.3000 30.5000
f 28075 28076 28077 28078
v -17.3000 0.0500 30.6000
v -17.4000 0.0500 30.6000
v -17.4000 1.3000 30.6000
v -17.3000 1.3000 30.6000
f 28079 28080 28081 28082
v -17.4000 0.0500 30.6000
v -17.4000 0.0500 30.5000
v -17.4000 1.3000 30.5000
v -17.4000 1.3000 30.6000
f 28083 28084 28085 28086
v -14.5000 0.0500 -24.0000
v -14.5000 0.0500 -23.9000
v -14.4000 0.0500 -23.9000
v -14.4000 0.0500 -24.0000
f 28087 28088 28089 28090
v -14.5000 1.3000 -24.0000
v -14.4000 1.3000 -24.0000
v -14.4000 1.3000 -23.9000
v -14.5000 1.3000 -23.9000
f 28091 28092 28093 28094
v -14.5000 0.0500 -24.0000
v -14.4000 0.0500 -24.0000
v -14.4000 1.3000 -24.0000
v -14.5000 1.3000 -24.0000
f 28095 28096 28097 28098
v -14.4000 0.0500 -24.0000
v -14.4000 0.0500 -23.9000
v -14.4000 1.3000 -23.9000
v -14.4000 1.3000 -24.0000
f 28099 28100 28101 28102
v -14.4000 0.0500 -23.9000
v -14.5000 0.0500 -23.9000
v -14.5000 1.3000 -23.9000
v -14.4000 1.3000 -23.9000
f 28103 28104 28105 28106
v -14.5000 0.0500 -23.9000
v -14.5000 0.0500 -24.0000
v -14.5000 1.3000 -24.0000
v -14.5000 1.3000 -23.9000
f 28107 28108 28109 28110
v -14.5000 0.0500 30.5000
v -14.5000 0.0500 30.6000
v -14.4000 0.0500 30.6000
v -14.4000 0.0500 30.5000
f 28111 28112 28113 28114
v -14.5000 1.3000 30.5000
v -14.4000 1.3000 30.5000
v -14.4000 1.3000 30.6000
v -14.5000 1.3000 30.6000
f 28115 28116 28117 28118
v -14.5000 0.0500 30.5000
v -14.4000 0.0500 30.5000
v -14.4000 1.3000 30.5000
v -14.5000 1.3000 30.5000
f 28119 28120 28121 28122
v -14.4000 0.0500 30.5000
v -14.4000 0.0500 30.6000
v -14.4000 1.3000 30.6000
v -14.4000 1.3000 30.5000
f 28123 28124 28125 28126
v -14.4000 0.0500 30.6000
v -14.5000 0.0500 30.6000
v -14.5000 1.3000 30.6000
v -14.4000 1.3000 30.6000
f 28127 28128 28129 28130
v -14.5000 0.0500 30.6000
v -14.5000 0.0500 30.5000
v -14.5000 1.3000 30.5000
v -14.5000 1.3000 30.6000
f 28131 28132 28133 28134
v -11.6000 0.0500 -24.0000
v -11.6000 0.0500 -23.9000
v -11.5000 0.0500 -23.9000
v -11.5000 0.0500 -24.0000
f 28135 28136 28137 28138
v -11.6000 1.3000 -24.0000
v -11.5000 1.3000 -24.0000
v -11.5000 1.3000 -23.9000
v -11.6000 1.3000 -23.9000
f 28139 28140 28141 28142
v -11.6000 0.0500 -24.0000
v -11.5000 0.0500 -24.0000
v -11.5000 1.3000 -24.0000
v -11.6000 1.3000 -24.0000
f 28143 28144 28145 28146
v -11.5000 0.0500 -24.0000
v -11.5000 0.0500 -23.9000
v -11.5000 1.3000 -23.9000
v -11.5000 1.3000 -24.0000
f 28147 28148 28149 28150
v -11.5000 0.0500 -23.9000
v -11.6000 0.0500 -23.9000
v -11.6000 1.3000 -23.9000
v -11.5000 1.3000 -23.9000
f 28151 28152 28153 28154
v -11.6000 0.0500 -23.9000
v -11.6000 0.0500 -24.0000
v -11.6000 1.3000 -24.0000
v -11.6000 1.3000 -23.9000
f 28155 28156 28157 28158
v -11.6000 0.0500 30.5000
v -11.6000 0.0500 30.6000
v -11.5000 0.0500 30.6000
v -11.5000 0.0500 30.5000
f 28159 28160 28161 28162
v -11.6000 1.3000 30.5000
v -11.5000 1.3000 30.5000
v -11.5000 1.3000 30.6000
v -11.6000 1.3000 30.6000
f 28163 28164 28165 28166
v -11.6000 0.0500 30.5000
v -11.5000 0.0500 30.5000
v -11.5000 1.3000 30.5000
v -11.6000 1.3000 30.5000
f 28167 28168 28169 28170
v -11.5000 0.0500 30.5000
v -11.5000 0.0500 30.6000
v -11.5000 1.3000 30.6000
v -11.5000 1.3000 30.5000
f 28171 28172 28173 28174
v -11.5000 0.0500 30.6000
v -11.6000 0.0500 30.6000
v -11.6000 1.3000 30.6000
v -11.5000 1.3000 30.6000
f 28175 28176 28177 28178
v -11.6000 0.0500 30.6000
v -11.6000 0.0500 30.5000
v -11.6000 1.3000 30.5000
v -11.6000 1.3000 30.6000
f 28179 28180 28181 28182
v -8.7000 0.0500 -24.0000
v -8.7000 0.0500 -23.9000
v -8.6000 0.0500 -23.9000
v -8.6000 0.0500 -24.0000
f 28183 28184 28185 28186
v -8.7000 1.3000 -24.0000
v -8.6000 1.3000 -24.0000
v -8.6000 1.3000 -23.9000
v -8.7000 1.3000 -23.9000
f 28187 28188 28189 28190
v -8.7000 0.0500 -24.0000
v -8.6000 0.0500 -24.0000
v -8.6000 1.3000 -24.0000
v -8.7000 1.3000 -24.0000
f 28191 28192 28193 28194
v -8.6000 0.0500 -24.0000
v -8.6000 0.0500 -23.9000
v -8.6000 1.3000 -23.9000
v -8.6000 1.3000 -24.0000
f 28195 28196 28197 28198
v -8.6000 0.0500 -23.9000
v -8.7000 0.0500 -23.9000
v -8.7000 1.3000 -23.9000
v -8.6000 1.3000 -23.9000
f 28199 28200 28201 28202
v -8.7000 0.0500 -23.9000
v -8.7000 0.0500 -24.0000
v -8.7000 1.3000 -24.0000
v -8.7000 1.3000 -23.9000
f 28203 28204 28205 28206
v -8.7000 0.0500 30.5000
v -8.7000 0.0500 30.6000
v -8.6000 0.0500 30.6000
v -8.6000 0.0500 30.5000
f 28207 28208 28209 28210
v -8.7000 1.3000 30.5000
v -8.6000 1.3000 30.5000
v -8.6000 1.3000 30.6000
v -8.7000 1.3000 30.6000
f 28211 28212 28213 28214
v -8.7000 0.0500 30.5000
v -8.6000 0.0500 30.5000
v -8.6000 1.3000 30.5000
v -8.7000 1.3000 30.5000
f 28215 28216 28217 28218
v -8.6000 0.0500 30.5000
v -8.6000 0.0500 30.6000
v -8.6000 1.3000 30.6000
v -8.6000 1.3000 30.5000
f 28219 28220 28221 28222
v -8.6000 0.0500 30.6000
v -8.7000 0.0500 30.6000
v -8.7000 1.3000 30.6000
v -8.6000 1.3000 30.6000
f 28223 28224 28225 28226
v -8.7000 0.0500 30.6000
v -8.7000 0.0500 30.5000
v -8.7000 1.3000 30.5000
v -8.7000 1.3000 30.6000
f 28227 28228 28229 28230
v -5.8000 0.0500 -24.0000
v -5.8000 0.0500 -23.9000
v -5.7000 0.0500 -23.9000
v -5.7000 0.0500 -24.0000
f 28231 28232 28233 28234
v -5.8000 1.3000 -24.0000
v -5.7000 1.3000 -24.0000
v -5.7000 1.3000 -23.9000
v -5.8000 1.3000 -23.9000
f 28235 28236 28237 28238
v -5.8000 0.0500 -24.0000
v -5.7000 0.0500 -24.0000
v -5.7000 1.3000 -24.0000
v -5.8000 1.3000 -24.0000
f 28239 28240 28241 28242
v -5.7000 0.0500 -24.0000
v -5.7000 0.0500 -23.9000
v -5.7000 1.3000 -23.9000
v -5.7000 1.3000 -24.0000
f 28243 28244 28245 28246
v -5.7000 0.0500 -23.9000
v -5.8000 0.0500 -23.9000
v -5.8000 1.3000 -23.9000
v -5.7000 1.3000 -23.9000
f 28247 28248 28249 28250
v -5.8000 0.0500 -23.9000
v -5.8000 0.0500 -24.0000
v -5.8000 1.3000 -24.0000
v -5.8000 1.3000 -23.9000
f 28251 28252 28253 28254
v -2.9000 0.0500 -24.0000
v -2.9000 0.0500 -23.9000
v -2.8000 0.0500 -23.9000
v -2.8000 0.0500 -24.0000
f 28255 28256 28257 28258
v -2.9000 1.3000 -24.0000
v -2.8000 1.3000 -24.0000
v -2.8000 1.3000 -23.9000
v -2.9000 1.3000 -23.9000
f 28259 28260 28261 28262
v -2.9000 0.0500 -24.0000
v -2.8000 0.0500 -24.0000
v -2.8000 1.3000 -24.0000
v -2.9000 1.3000 -24.0000
f 28263 28264 28265 28266
v -2.8000 0.0500 -24.0000
v -2.8000 0.0500 -23.9000
v -2.8000 1.3000 -23.9000
v -2.8000 1.3000 -24.0000
f 28267 28268 28269 28270
v -2.8000 0.0500 -23.9000
v -2.9000 0.0500 -23.9000
v -2.9000 1.3000 -23.9000
v -2.8000 1.3000 -23.9000
f 28271 28272 28273 28274
v -2.9000 0.0500 -23.9000
v -2.9000 0.0500 -24.0000
v -2.9000 1.3000 -24.0000
v -2.9000 1.3000 -23.9000
f 28275 28276 28277 28278
v -0.0000 0.0500 -24.0000
v -0.0000 0.0500 -23.9000
v 0.1000 0.0500 -23.9000
v 0.1000 0.0500 -24.0000
f 28279 28280 28281 28282
v -0.0000 1.3000 -24.0000
v 0.1000 1.3000 -24.0000
v 0.1000 1.3000 -23.9000
v -0.0000 1.3000 -23.9000
f 28283 28284 28285 28286
v -0.0000 0.0500 -24.0000
v 0.1000 0.0500 -24.0000
v 0.1000 1.3000 -24.0000
v -0.0000 1.3000 -24.0000
f 28287 28288 28289 28290
v 0.1000 0.0500 -24.0000
v 0.1000 0.0500 -23.9000
v 0.1000 1.3000 -23.9000
v 0.1000 1.3000 -24.0000
f 28291 28292 28293 28294
v 0.1000 0.0500 -23.9000
v -0.0000 0.0500 -23.9000
v -0.0000 1.3000 -23.9000
v 0.1000 1.3000 -23.9000
f 28295 28296 28297 28298
v -0.0000 0.0500 -23.9000
v -0.0000 0.0500 -24.0000
v -0.0000 1.3000 -24.0000
v -0.0000 1.3000 -23.9000
f 28299 28300 28301 28302
v 2.9000 0.0500 -24.0000
v 2.9000 0.0500 -23.9000
v 3.0000 0.0500 -23.9000
v 3.0000 0.0500 -24.0000
f 28303 28304 28305 28306
v 2.9000 1.3000 -24.0000
v 3.0000 1.3000 -24.0000
v 3.0000 1.3000 -23.9000
v 2.9000 1.3000 -23.9000
f 28307 28308 28309 28310
v 2.9000 0.0500 -24.0000
v 3.0000 0.0500 -24.0000
v 3.0000 1.3000 -24.0000
v 2.9000 1.3000 -24.0000
f 28311 28312 28313 28314
v 3.0000 0.0500 -24.0000
v 3.0000 0.0500 -23.9000
v 3.0000 1.3000 -23.9000
v 3.0000 1.3000 -24.0000
f 28315 28316 28317 28318
v 3.0000 0.0500 -23.9000
v 2.9000 0.0500 -23.9000
v 2.9000 1.3000 -23.9000
v 3.0000 1.3000 -23.9000
f 28319 28320 28321 28322
v 2.9000 0.0500 -23.9000
v 2.9000 0.0500 -24.0000
v 2.9000 1.3000 -24.0000
v 2.9000 1.3000 -23.9000
f 28323 28324 28325 28326
v 5.8000 0.0500 -24.0000
v 5.8000 0.0500 -23.9000
v 5.9000 0.0500 -23.9000
v 5.9000 0.0500 -24.0000
f 28327 28328 28329 28330
v 5.8000 1.3000 -24.0000
v 5.9000 1.3000 -24.0000
v 5.9000 1.3000 -23.9000
v 5.8000 1.3000 -23.9000
f 28331 28332 28333 28334
v 5.8000 0.0500 -24.0000
v 5.9000 0.0500 -24.0000
v 5.9000 1.3000 -24.0000
v 5.8000 1.3000 -24.0000
f 28335 28336 28337 28338
v 5.9000 0.0500 -24.0000
v 5.9000 0.0500 -23.9000
v 5.9000 1.3000 -23.9000
v 5.9000 1.3000 -24.0000
f 28339 28340 28341 28342
v 5.9000 0.0500 -23.9000
v 5.8000 0.0500 -23.9000
v 5.8000 1.3000 -23.9000
v 5.9000 1.3000 -23.9000
f 28343 28344 28345 28346
v 5.8000 0.0500 -23.9000
v 5.8000 0.0500 -24.0000
v 5.8000 1.3000 -24.0000
v 5.8000 1.3000 -23.9000
f 28347 28348 28349 28350
v 8.7000 0.0500 -24.0000
v 8.7000 0.0500 -23.9000
v 8.8000 0.0500 -23.9000
v 8.8000 0.0500 -24.0000
f 28351 28352 28353 28354
v 8.7000 1.3000 -24.0000
v 8.8000 1.3000 -24.0000
v 8.8000 1.3000 -23.9000
v 8.7000 1.3000 -23.9000
f 28355 28356 28357 28358
v 8.7000 0.0500 -24.0000
v 8.8000 0.0500 -24.0000
v 8.8000 1.3000 -24.0000
v 8.7000 1.3000 -24.0000
f 28359 28360 28361 28362
v 8.8000 0.0500 -24.0000
v 8.8000 0.0500 -23.9000
v 8.8000 1.3000 -23.9000
v 8.8000 1.3000 -24.0000
f 28363 28364 28365 28366
v 8.8000 0.0500 -23.9000
v 8.7000 0.0500 -23.9000
v 8.7000 1.3000 -23.9000
v 8.8000 1.3000 -23.9000
f 28367 28368 28369 28370
v 8.7000 0.0500 -23.9000
v 8.7000 0.0500 -24.0000
v 8.7000 1.3000 -24.0000
v 8.7000 1.3000 -23.9000
f 28371 28372 28373 28374
v 8.7000 0.0500 30.5000
v 8.7000 0.0500 30.6000
v 8.8000 0.0500 30.6000
v 8.8000 0.0500 30.5000
f 28375 28376 28377 28378
v 8.7000 1.3000 30.5000
v 8.8000 1.3000 30.5000
v 8.8000 1.3000 30.6000
v 8.7000 1.3000 30.6000
f 28379 28380 28381 28382
v 8.7000 0.0500 30.5000
v 8.8000 0.0500 30.5000
v 8.8000 1.3000 30.5000
v 8.7000 1.3000 30.5000
f 28383 28384 28385 28386
v 8.8000 0.0500 30.5000
v 8.8000 0.0500 30.6000
v 8.8000 1.3000 30.6000
v 8.8000 1.3000 30.5000
f 28387 28388 28389 28390
v 8.8000 0.0500 30.6000
v 8.7000 0.0500 30.6000
v 8.7000 1.3000 30.6000
v 8.8000 1.3000 30.6000
f 28391 28392 28393 28394
v 8.7000 0.0500 30.6000
v 8.7000 0.0500 30.5000
v 8.7000 1.3000 30.5000
v 8.7000 1.3000 30.6000
f 28395 28396 28397 28398
v 11.6000 0.0500 -24.0000
v 11.6000 0.0500 -23.9000
v 11.7000 0.0500 -23.9000
v 11.7000 0.0500 -24.0000
f 28399 28400 28401 28402
v 11.6000 1.3000 -24.0000
v 11.7000 1.3000 -24.0000
v 11.7000 1.3000 -23.9000
v 11.6000 1.3000 -23.9000
f 28403 28404 28405 28406
v 11.6000 0.0500 -24.0000
v 11.7000 0.0500 -24.0000
v 11.7000 1.3000 -24.0000
v 11.6000 1.3000 -24.0000
f 28407 28408 28409 28410
v 11.7000 0.0500 -24.0000
v 11.7000 0.0500 -23.9000
v 11.7000 1.3000 -23.9000
v 11.7000 1.3000 -24.0000
f 28411 28412 28413 28414
v 11.7000 0.0500 -23.9000
v 11.6000 0.0500 -23.9000
v 11.6000 1.3000 -23.9000
v 11.7000 1.3000 -23.9000
f 28415 28416 28417 28418
v 11.6000 0.0500 -23.9000
v 11.6000 0.0500 -24.0000
v 11.6000 1.3000 -24.0000
v 11.6000 1.3000 -23.9000
f 28419 28420 28421 28422
v 11.6000 0.0500 30.5000
v 11.6000 0.0500 30.6000
v 11.7000 0.0500 30.6000
v 11.7000 0.0500 30.5000
f 28423 28424 28425 28426
v 11.6000 1.3000 30.5000
v 11.7000 1.3000 30.5000
v 11.7000 1.3000 30.6000
v 11.6000 1.3000 30.6000
f 28427 28428 28429 28430
v 11.6000 0.0500 30.5000
v 11.7000 0.0500 30.5000
v 11.7000 1.3000 30.5000
v 11.6000 1.3000 30.5000
f 28431 28432 28433 28434
v 11.7000 0.0500 30.5000
v 11.7000 0.0500 30.6000
v 11.7000 1.3000 30.6000
v 11.7000 1.3000 30.5000
f 28435 28436 28437 28438
v 11.7000 0.0500 30.6000
v 11.6000 0.0500 30.6000
v 11.6000 1.3000 30.6000
v 11.7000 1.3000 30.6000
f 28439 28440 28441 28442
v 11.6000 0.0500 30.6000
v 11.6000 0.0500 30.5000
v 11.6000 1.3000 30.5000
v 11.6000 1.3000 30.6000
f 28443 28444 28445 28446
v 14.5000 0.0500 -24.0000
v 14.5000 0.0500 -23.9000
v 14.6000 0.0500 -23.9000
v 14.6000 0.0500 -24.0000
f 28447 28448 28449 28450
v 14.5000 1.3000 -24.0000
v 14.6000 1.3000 -24.0000
v 14.6000 1.3000 -23.9000
v 14.5000 1.3000 -23.9000
f 28451 28452 28453 28454
v 14.5000 0.0500 -24.0000
v 14.6000 0.0500 -24.0000
v 14.6000 1.3000 -24.0000
v 14.5000 1.3000 -24.0000
f 28455 28456 28457 28458
v 14.6000 0.0500 -24.0000
v 14.6000 0.0500 -23.9000
v 14.6000 1.3000 -23.9000
v 14.6000 1.3000 -24.0000
f 28459 28460 28461 28462
v 14.6000 0.0500 -23.9000
v 14.5000 0.0500 -23.9000
v 14.5000 1.3000 -23.9000
v 14.6000 1.3000 -23.9000
f 28463 28464 28465 28466
v 14.5000 0.0500 -23.9000
v 14.5000 0.0500 -24.0000
v 14.5000 1.3000 -24.0000
v 14.5000 1.3000 -23.9000
f 28467 28468 28469 28470
v 14.5000 0.0500 30.5000
v 14.5000 0.0500 30.6000
v 14.6000 0.0500 30.6000
v 14.6000 0.0500 30.5000
f 28471 28472 28473 28474
v 14.5000 1.3000 30.5000
v 14.6000 1.3000 30.5000
v 14.6000 1.3000 30.6000
v 14.5000 1.3000 30.6000
f 28475 28476 28477 28478
v 14.5000 0.0500 30.5000
v 14.6000 0.0500 30.5000
v 14.6000 1.3000 30.5000
v 14.5000 1.3000 30.5000
f 28479 28480 28481 28482
v 14.6000 0.0500 30.5000
v 14.6000 0.0500 30.6000
v 14.6000 1.3000 30.6000
v 14.6000 1.3000 30.5000
f 28483 28484 28485 28486
v 14.6000 0.0500 30.6000
v 14.5000 0.0500 30.6000
v 14.5000 1.3000 30.6000
v 14.6000 1.3000 30.6000
f 28487 28488 28489 28490
v 14.5000 0.0500 30.6000
v 14.5000 0.0500 30.5000
v 14.5000 1.3000 30.5000
v 14.5000 1.3000 30.6000
f 28491 28492 28493 28494
v 17.4000 0.0500 -24.0000
v 17.4000 0.0500 -23.9000
v 17.5000 0.0500 -23.9000
v 17.5000 0.0500 -24.0000
f 28495 28496 28497 28498
v 17.4000 1.3000 -24.0000
v 17.5000 1.3000 -24.0000
v 17.5000 1.3000 -23.9000
v 17.4000 1.3000 -23.9000
f 28499 28500 28501 28502
v 17.4000 0.0500 -24.0000
v 17.5000 0.0500 -24.0000
v 17.5000 1.3000 -24.0000
v 17.4000 1.3000 -24.0000
f 28503 28504 28505 28506
v 17.5000 0.0500 -24.0000
v 17.5000 0.0500 -23.9000
v 17.5000 1.3000 -23.9000
v 17.5000 1.3000 -24.0000
f 28507 28508 28509 28510
v 17.5000 0.0500 -23.9000
v 17.4000 0.0500 -23.9000
v 17.4000 1.3000 -23.9000
v 17.5000 1.3000 -23.9000
f 28511 28512 28513 28514
v 17.4000 0.0500 -23.9000
v 17.4000 0.0500 -24.0000
v 17.4000 1.3000 -24.0000
v 17.4000 1.3000 -23.9000
f 28515 28516 28517 28518
v 17.4000 0.0500 30.5000
v 17.4000 0.0500 30.6000
v 17.5000 0.0500 30.6000
v 17.5000 0.0500 30.5000
f 28519 28520 28521 28522
v 17.4000 1.3000 30.5000
v 17.5000 1.3000 30.5000
v 17.5000 1.3000 30.6000
v 17.4000 1.3000 30.6000
f 28523 28524 28525 28526
v 17.4000 0.0500 30.5000
v 17.5000 0.0500 30.5000
v 17.5000 1.3000 30.5000
v 17.4000 1.3000 30.5000
f 28527 28528 28529 28530
v 17.5000 0.0500 30.5000
v 17.5000 0.0500 30.6000
v 17.5000 1.3000 30.6000
v 17.5000 1.3000 30.5000
f 28531 28532 28533 28534
v 17.5000 0.0500 30.6000
v 17.4000 0.0500 30.6000
v 17.4000 1.3000 30.6000
v 17.5000 1.3000 30.6000
f 28535 28536 28537 28538
v 17.4000 0.0500 30.6000
v 17.4000 0.0500 30.5000
v 17.4000 1.3000 30.5000
v 17.4000 1.3000 30.6000
f 28539 28540 28541 28542
v 20.3000 0.0500 -24.0000
v 20.3000 0.0500 -23.9000
v 20.4000 0.0500 -23.9000
v 20.4000 0.0500 -24.0000
f 28543 28544 28545 28546
v 20.3000 1.3000 -24.0000
v 20.4000 1.3000 -24.0000
v 20.4000 1.3000 -23.9000
v 20.3000 1.3000 -23.9000
f 28547 28548 28549 28550
v 20.3000 0.0500 -24.0000
v 20.4000 0.0500 -24.0000
v 20.4000 1.3000 -24.0000
v 20.3000 1.3000 -24.0000
f 28551 28552 28553 28554
v 20.4000 0.0500 -24.0000
v 20.4000 0.0500 -23.9000
v 20.4000 1.3000 -23.9000
v 20.4000 1.3000 -24.0000
f 28555 28556 28557 28558
v 20.4000 0.0500 -23.9000
v 20.3000 0.0500 -23.9000
v 20.3000 1.3000 -23.9000
v 20.4000 1.3000 -23.9000
f 28559 28560 28561 28562
v 20.3000 0.0500 -23.9000
v 20.3000 0.0500 -24.0000
v 20.3000 1.3000 -24.0000
v 20.3000 1.3000 -23.9000
f 28563 28564 28565 28566
v 20.3000 0.0500 30.5000
v 20.3000 0.0500 30.6000
v 20.4000 0.0500 30.6000
v 20.4000 0.0500 30.5000
f 28567 28568 28569 28570
v 20.3000 1.3000 30.5000
v 20.4000 1.3000 30.5000
v 20.4000 1.3000 30.6000
v 20.3000 1.3000 30.6000
f 28571 28572 28573 28574
v 20.3000 0.0500 30.5000
v 20.4000 0.0500 30.5000
v 20.4000 1.3000 30.5000
v 20.3000 1.3000 30.5000
f 28575 28576 28577 28578
v 20.4000 0.0500 30.5000
v 20.4000 0.0500 30.6000
v 20.4000 1.3000 30.6000
v 20.4000 1.3000 30.5000
f 28579 28580 28581 28582
v 20.4000 0.0500 30.6000
v 20.3000 0.0500 30.6000
v 20.3000 1.3000 30.6000
v 20.4000 1.3000 30.6000
f 28583 28584 28585 28586
v 20.3000 0.0500 30.6000
v 20.3000 0.0500 30.5000
v 20.3000 1.3000 30.5000
v 20.3000 1.3000 30.6000
f 28587 28588 28589 28590
v 23.2000 0.0500 -24.0000
v 23.2000 0.0500 -23.9000
v 23.3000 0.0500 -23.9000
v 23.3000 0.0500 -24.0000
f 28591 28592 28593 28594
v 23.2000 1.3000 -24.0000
v 23.3000 1.3000 -24.0000
v 23.3000 1.3000 -23.9000
v 23.2000 1.3000 -23.9000
f 28595 28596 28597 28598
v 23.2000 0.0500 -24.0000
v 23.3000 0.0500 -24.0000
v 23.3000 1.3000 -24.0000
v 23.2000 1.3000 -24.0000
f 28599 28600 28601 28602
v 23.3000 0.0500 -24.0000
v 23.3000 0.0500 -23.9000
v 23.3000 1.3000 -23.9000
v 23.3000 1.3000 -24.0000
f 28603 28604 28605 28606
v 23.3000 0.0500 -23.9000
v 23.2000 0.0500 -23.9000
v 23.2000 1.3000 -23.9000
v 23.3000 1.3000 -23.9000
f 28607 28608 28609 28610
v 23.2000 0.0500 -23.9000
v 23.2000 0.0500 -24.0000
v 23.2000 1.3000 -24.0000
v 23.2000 1.3000 -23.9000
f 28611 28612 28613 28614
v 23.2000 0.0500 30.5000
v 23.2000 0.0500 30.6000
v 23.3000 0.0500 30.6000
v 23.3000 0.0500 30.5000
f 28615 28616 28617 28618
v 23.2000 1.3000 30.5000
v 23.3000 1.3000 30.5000
v 23.3000 1.3000 30.6000
v 23.2000 1.3000 30.6000
f 28619 28620 28621 28622
v 23.2000 0.0500 30.5000
v 23.3000 0.0500 30.5000
v 23.3000 1.3000 30.5000
v 23.2000 1.3000 30.5000
f 28623 28624 28625 28626
v 23.3000 0.0500 30.5000
v 23.3000 0.0500 30.6000
v 23.3000 1.3000 30.6000
v 23.3000 1.3000 30.5000
f 28627 28628 28629 28630
v 23.3000 0.0500 30.6000
v 23.2000 0.0500 30.6000
v 23.2000 1.3000 30.6000
v 23.3000 1.3000 30.6000
f 28631 28632 28633 28634
v 23.2000 0.0500 30.6000
v 23.2000 0.0500 30.5000
v 23.2000 1.3000 30.5000
v 23.2000 1.3000 30.6000
f 28635 28636 28637 28638
v 26.1000 0.0500 -24.0000
v 26.1000 0.0500 -23.9000
v 26.2000 0.0500 -23.9000
v 26.2000 0.0500 -24.0000
f 28639 28640 28641 28642
v 26.1000 1.3000 -24.0000
v 26.2000 1.3000 -24.0000
v 26.2000 1.3000 -23.9000
v 26.1000 1.3000 -23.9000
f 28643 28644 28645 28646
v 26.1000 0.0500 -24.0000
v 26.2000 0.0500 -24.0000
v 26.2000 1.3000 -24.0000
v 26.1000 1.3000 -24.0000
f 28647 28648 28649 28650
v 26.2000 0.0500 -24.0000
v 26.2000 0.0500 -23.9000
v 26.2000 1.3000 -23.9000
v 26.2000 1.3000 -24.0000
f 28651 28652 28653 28654
v 26.2000 0.0500 -23.9000
v 26.1000 0.0500 -23.9000
v 26.1000 1.3000 -23.9000
v 26.2000 1.3000 -23.9000
f 28655 28656 28657 28658
v 26.1000 0.0500 -23.9000
v 26.1000 0.0500 -24.0000
v 26.1000 1.3000 -24.0000
v 26.1000 1.3000 -23.9000
f 28659 28660 28661 28662
v 26.1000 0.0500 30.5000
v 26.1000 0.0500 30.6000
v 26.2000 0.0500 30.6000
v 26.2000 0.0500 30.5000
f 28663 28664 28665 28666
v 26.1000 1.3000 30.5000
v 26.2000 1.3000 30.5000
v 26.2000 1.3000 30.6000
v 26.1000 1.3000 30.6000
f 28667 28668 28669 28670
v 26.1000 0.0500 30.5000
v 26.2000 0.0500 30.5000
v 26.2000 1.3000 30.5000
v 26.1000 1.3000 30.5000
f 28671 28672 28673 28674
v 26.2000 0.0500 30.5000
v 26.2000 0.0500 30.6000
v 26.2000 1.3000 30.6000
v 26.2000 1.3000 30.5000
f 28675 28676 28677 28678
v 26.2000 0.0500 30.6000
v 26.1000 0.0500 30.6000
v 26.1000 1.3000 30.6000
v 26.2000 1.3000 30.6000
f 28679 28680 28681 28682
v 26.1000 0.0500 30.6000
v 26.1000 0.0500 30.5000
v 26.1000 1.3000 30.5000
v 26.1000 1.3000 30.6000
f 28683 28684 28685 28686
v 29.0000 0.0500 -24.0000
v 29.0000 0.0500 -23.9000
v 29.1000 0.0500 -23.9000
v 29.1000 0.0500 -24.0000
f 28687 28688 28689 28690
v 29.0000 1.3000 -24.0000
v 29.1000 1.3000 -24.0000
v 29.1000 1.3000 -23.9000
v 29.0000 1.3000 -23.9000
f 28691 28692 28693 28694
v 29.0000 0.0500 -24.0000
v 29.1000 0.0500 -24.0000
v 29.1000 1.3000 -24.0000
v 29.0000 1.3000 -24.0000
f 28695 28696 28697 28698
v 29.1000 0.0500 -24.0000
v 29.1000 0.0500 -23.9000
v 29.1000 1.3000 -23.9000
v 29.1000 1.3000 -24.0000
f 28699 28700 28701 28702
v 29.1000 0.0500 -23.9000
v 29.0000 0.0500 -23.9000
v 29.0000 1.3000 -23.9000
v 29.1000 1.3000 -23.9000
f 28703 28704 28705 28706
v 29.0000 0.0500 -23.9000
v 29.0000 0.0500 -24.0000
v 29.0000 1.3000 -24.0000
v 29.0000 1.3000 -23.9000
f 28707 28708 28709 28710
v 29.0000 0.0500 30.5000
v 29.0000 0.0500 30.6000
v 29.1000 0.0500 30.6000
v 29.1000 0.0500 30.5000
f 28711 28712 28713 28714
v 29.0000 1.3000 30.5000
v 29.1000 1.3000 30.5000
v 29.1000 1.3000 30.6000
v 29.0000 1.3000 30.6000
f 28715 28716 28717 28718
v 29.0000 0.0500 30.5000
v 29.1000 0.0500 30.5000
v 29.1000 1.3000 30.5000
v 29.0000 1.3000 30.5000
f 28719 28720 28721 28722
v 29.1000 0.0500 30.5000
v 29.1000 0.0500 30.6000
v 29.1000 1.3000 30.6000
v 29.1000 1.3000 30.5000
f 28723 28724 28725 28726
v 29.1000 0.0500 30.6000
v 29.0000 0.0500 30.6000
v 29.0000 1.3000 30.6000
v 29.1000 1.3000 30.6000
f 28727 28728 28729 28730
v 29.0000 0.0500 30.6000
v 29.0000 0.0500 30.5000
v 29.0000 1.3000 30.5000
v 29.0000 1.3000 30.6000
f 28731 28732 28733 28734
v -29.0000 0.0500 -24.0000
v -29.0000 0.0500 -23.9000
v -28.9000 0.0500 -23.9000
v -28.9000 0.0500 -24.0000
f 28735 28736 28737 28738
v -29.0000 1.3000 -24.0000
v -28.9000 1.3000 -24.0000
v -28.9000 1.3000 -23.9000
v -29.0000 1.3000 -23.9000
f 28739 28740 28741 28742
v -29.0000 0.0500 -24.0000
v -28.9000 0.0500 -24.0000
v -28.9000 1.3000 -24.0000
v -29.0000 1.3000 -24.0000
f 28743 28744 28745 28746
v -28.9000 0.0500 -24.0000
v -28.9000 0.0500 -23.9000
v -28.9000 1.3000 -23.9000
v -28.9000 1.3000 -24.0000
f 28747 28748 28749 28750
v -28.9000 0.0500 -23.9000
v -29.0000 0.0500 -23.9000
v -29.0000 1.3000 -23.9000
v -28.9000 1.3000 -23.9000
f 28751 28752 28753 28754
v -29.0000 0.0500 -23.9000
v -29.0000 0.0500 -24.0000
v -29.0000 1.3000 -24.0000
v -29.0000 1.3000 -23.9000
f 28755 28756 28757 28758
v 29.0000 0.0500 -24.0000
v 29.0000 0.0500 -23.9000
v 29.1000 0.0500 -23.9000
v 29.1000 0.0500 -24.0000
f 28759 28760 28761 28762
v 29.0000 1.3000 -24.0000
v 29.1000 1.3000 -24.0000
v 29.1000 1.3000 -23.9000
v 29.0000 1.3000 -23.9000
f 28763 28764 28765 28766
v 29.0000 0.0500 -24.0000
v 29.1000 0.0500 -24.0000
v 29.1000 1.3000 -24.0000
v 29.0000 1.3000 -24.0000
f 28767 28768 28769 28770
v 29.1000 0.0500 -24.0000
v 29.1000 0.0500 -23.9000
v 29.1000 1.3000 -23.9000
v 29.1000 1.3000 -24.0000
f 28771 28772 28773 28774
v 29.1000 0.0500 -23.9000
v 29.0000 0.0500 -23.9000
v 29.0000 1.3000 -23.9000
v 29.1000 1.3000 -23.9000
f 28775 28776 28777 28778
v 29.0000 0.0500 -23.9000
v 29.0000 0.0500 -24.0000
v 29.0000 1.3000 -24.0000
v 29.0000 1.3000 -23.9000
f 28779 28780 28781 28782
v -29.0000 0.0500 -21.0000
v -29.0000 0.0500 -20.9000
v -28.9000 0.0500 -20.9000
v -28.9000 0.0500 -21.0000
f 28783 28784 28785 28786
v -29.0000 1.3000 -21.0000
v -28.9000 1.3000 -21.0000
v -28.9000 1.3000 -20.9000
v -29.0000 1.3000 -20.9000
f 28787 28788 28789 28790
v -29.0000 0.0500 -21.0000
v -28.9000 0.0500 -21.0000
v -28.9000 1.3000 -21.0000
v -29.0000 1.3000 -21.0000
f 28791 28792 28793 28794
v -28.9000 0.0500 -21.0000
v -28.9000 0.0500 -20.9000
v -28.9000 1.3000 -20.9000
v -28.9000 1.3000 -21.0000
f 28795 28796 28797 28798
v -28.9000 0.0500 -20.9000
v -29.0000 0.0500 -20.9000
v -29.0000 1.3000 -20.9000
v -28.9000 1.3000 -20.9000
f 28799 28800 28801 28802
v -29.0000 0.0500 -20.9000
v -29.0000 0.0500 -21.0000
v -29.0000 1.3000 -21.0000
v -29.0000 1.3000 -20.9000
f 28803 28804 28805 28806
v 29.0000 0.0500 -21.0000
v 29.0000 0.0500 -20.9000
v 29.1000 0.0500 -20.9000
v 29.1000 0.0500 -21.0000
f 28807 28808 28809 28810
v 29.0000 1.3000 -21.0000
v 29.1000 1.3000 -21.0000
v 29.1000 1.3000 -20.9000
v 29.0000 1.3000 -20.9000
f 28811 28812 28813 28814
v 29.0000 0.0500 -21.0000
v 29.1000 0.0500 -21.0000
v 29.1000 1.3000 -21.0000
v 29.0000 1.3000 -21.0000
f 28815 28816 28817 28818
v 29.1000 0.0500 -21.0000
v 29.1000 0.0500 -20.9000
v 29.1000 1.3000 -20.9000
v 29.1000 1.3000 -21.0000
f 28819 28820 28821 28822
v 29.1000 0.0500 -20.9000
v 29.0000 0.0500 -20.9000
v 29.0000 1.3000 -20.9000
v 29.1000 1.3000 -20.9000
f 28823 28824 28825 28826
v 29.0000 0.0500 -20.9000
v 29.0000 0.0500 -21.0000
v 29.0000 1.3000 -21.0000
v 29.0000 1.3000 -20.9000
f 28827 28828 28829 28830
v -29.0000 0.0500 -18.0000
v -29.0000 0.0500 -17.9000
v -28.9000 0.0500 -17.9000
v -28.9000 0.0500 -18.0000
f 28831 28832 28833 28834
v -29.0000 1.3000 -18.0000
v -28.9000 1.3000 -18.0000
v -28.9000 1.3000 -17.9000
v -29.0000 1.3000 -17.9000
f 28835 28836 28837 28838
v -29.0000 0.0500 -18.0000
v -28.9000 0.0500 -18.0000
v -28.9000 1.3000 -18.0000
v -29.0000 1.3000 -18.0000
f 28839 28840 28841 28842
v -28.9000 0.0500 -18.0000
v -28.9000 0.0500 -17.9000
v -28.9000 1.3000 -17.9000
v -28.9000 1.3000 -18.0000
f 28843 28844 28845 28846
v -28.9000 0.0500 -17.9000
v -29.0000 0.0500 -17.9000
v -29.0000 1.3000 -17.9000
v -28.9000 1.3000 -17.9000
f 28847 28848 28849 28850
v -29.0000 0.0500 -17.9000
v -29.0000 0.0500 -18.0000
v -29.0000 1.3000 -18.0000
v -29.0000 1.3000 -17.9000
f 28851 28852 28853 28854
v 29.0000 0.0500 -18.0000
v 29.0000 0.0500 -17.9000
v 29.1000 0.0500 -17.9000
v 29.1000 0.0500 -18.0000
f 28855 28856 28857 28858
v 29.0000 1.3000 -18.0000
v 29.1000 1.3000 -18.0000
v 29.1000 1.3000 -17.9000
v 29.0000 1.3000 -17.9000
f 28859 28860 28861 28862
v 29.0000 0.0500 -18.0000
v 29.1000 0.0500 -18.0000
v 29.1000 1.3000 -18.0000
v 29.0000 1.3000 -18.0000
f 28863 28864 28865 28866
v 29.1000 0.0500 -18.0000
v 29.1000 0.0500 -17.9000
v 29.1000 1.3000 -17.9000
v 29.1000 1.3000 -18.0000
f 28867 28868 28869 28870
v 29.1000 0.0500 -17.9000
v 29.0000 0.0500 -17.9000
v 29.0000 1.3000 -17.9000
v 29.1000 1.3000 -17.9000
f 28871 28872 28873 28874
v 29.0000 0.0500 -17.9000
v 29.0000 0.0500 -18.0000
v 29.0000 1.3000 -18.0000
v 29.0000 1.3000 -17.9000
f 28875 28876 28877 28878
v -29.0000 0.0500 -15.0000
v -29.0000 0.0500 -14.9000
v -28.9000 0.0500 -14.9000
v -28.9000 0.0500 -15.0000
f 28879 28880 28881 28882
v -29.0000 1.3000 -15.0000
v -28.9000 1.3000 -15.0000
v -28.9000 1.3000 -14.9000
v -29.0000 1.3000 -14.9000
f 28883 28884 28885 28886
v -29.0000 0.0500 -15.0000
v -28.9000 0.0500 -15.0000
v -28.9000 1.3000 -15.0000
v -29.0000 1.3000 -15.0000
f 28887 28888 28889 28890
v -28.9000 0.0500 -15.0000
v -28.9000 0.0500 -14.9000
v -28.9000 1.3000 -14.9000
v -28.9000 1.3000 -15.0000
f 28891 28892 28893 28894
v -28.9000 0.0500 -14.9000
v -29.0000 0.0500 -14.9000
v -29.0000 1.3000 -14.9000
v -28.9000 1.3000 -14.9000
f 28895 28896 28897 28898
v -29.0000 0.0500 -14.9000
v -29.0000 0.0500 -15.0000
v -29.0000 1.3000 -15.0000
v -29.0000 1.3000 -14.9000
f 28899 28900 28901 28902
v 29.0000 0.0500 -15.0000
v 29.0000 0.0500 -14.9000
v 29.1000 0.0500 -14.9000
v 29.1000 0.0500 -15.0000
f 28903 28904 28905 28906
v 29.0000 1.3000 -15.0000
v 29.1000 1.3000 -15.0000
v 29.1000 1.3000 -14.9000
v 29.0000 1.3000 -14.9000
f 28907 28908 28909 28910
v 29.0000 0.0500 -15.0000
v 29.1000 0.0500 -15.0000
v 29.1000 1.3000 -15.0000
v 29.0000 1.3000 -15.0000
f 28911 28912 28913 28914
v 29.1000 0.0500 -15.0000
v 29.1000 0.0500 -14.9000
v 29.1000 1.3000 -14.9000
v 29.1000 1.3000 -15.0000
f 28915 28916 28917 28918
v 29.1000 0.0500 -14.9000
v 29.0000 0.0500 -14.9000
v 29.0000 1.3000 -14.9000
v 29.1000 1.3000 -14.9000
f 28919 28920 28921 28922
v 29.0000 0.0500 -14.9000
v 29.0000 0.0500 -15.0000
v 29.0000 1.3000 -15.0000
v 29.0000 1.3000 -14.9000
f 28923 28924 28925 28926
v -29.0000 0.0500 -12.0000
v -29.0000 0.0500 -11.9000
v -28.9000 0.0500 -11.9000
v -28.9000 0.0500 -12.0000
f 28927 28928 28929 28930
v -29.0000 1.3000 -12.0000
v -28.9000 1.3000 -12.0000
v -28.9000 1.3000 -11.9000
v -29.0000 1.3000 -11.9000
f 28931 28932 28933 28934
v -29.0000 0.0500 -12.0000
v -28.9000 0.0500 -12.0000
v -28.9000 1.3000 -12.0000
v -29.0000 1.3000 -12.0000
f 28935 28936 28937 28938
v -28.9000 0.0500 -12.0000
v -28.9000 0.0500 -11.9000
v -28.9000 1.3000 -11.9000
v -28.9000 1.3000 -12.0000
f 28939 28940 28941 28942
v -28.9000 0.0500 -11.9000
v -29.0000 0.0500 -11.9000
v -29.0000 1.3000 -11.9000
v -28.9000 1.3000 -11.9000
f 28943 28944 28945 28946
v -29.0000 0.0500 -11.9000
v -29.0000 0.0500 -12.0000
v -29.0000 1.3000 -12.0000
v -29.0000 1.3000 -11.9000
f 28947 28948 28949 28950
v 29.0000 0.0500 -12.0000
v 29.0000 0.0500 -11.9000
v 29.1000 0.0500 -11.9000
v 29.1000 0.0500 -12.0000
f 28951 28952 28953 28954
v 29.0000 1.3000 -12.0000
v 29.1000 1.3000 -12.0000
v 29.1000 1.3000 -11.9000
v 29.0000 1.3000 -11.9000
f 28955 28956 28957 28958
v 29.0000 0.0500 -12.0000
v 29.1000 0.0500 -12.0000
v 29.1000 1.3000 -12.0000
v 29.0000 1.3000 -12.0000
f 28959 28960 28961 28962
v 29.1000 0.0500 -12.0000
v 29.1000 0.0500 -11.9000
v 29.1000 1.3000 -11.9000
v 29.1000 1.3000 -12.0000
f 28963 28964 28965 28966
v 29.1000 0.0500 -11.9000
v 29.0000 0.0500 -11.9000
v 29.0000 1.3000 -11.9000
v 29.1000 1.3000 -11.9000
f 28967 28968 28969 28970
v 29.0000 0.0500 -11.9000
v 29.0000 0.0500 -12.0000
v 29.0000 1.3000 -12.0000
v 29.0000 1.3000 -11.9000
f 28971 28972 28973 28974
v -29.0000 0.0500 -9.0000
v -29.0000 0.0500 -8.9000
v -28.9000 0.0500 -8.9000
v -28.9000 0.0500 -9.0000
f 28975 28976 28977 28978
v -29.0000 1.3000 -9.0000
v -28.9000 1.3000 -9.0000
v -28.9000 1.3000 -8.9000
v -29.0000 1.3000 -8.9000
f 28979 28980 28981 28982
v -29.0000 0.0500 -9.0000
v -28.9000 0.0500 -9.0000
v -28.9000 1.3000 -9.0000
v -29.0000 1.3000 -9.0000
f 28983 28984 28985 28986
v -28.9000 0.0500 -9.0000
v -28.9000 0.0500 -8.9000
v -28.9000 1.3000 -8.9000
v -28.9000 1.3000 -9.0000
f 28987 28988 28989 28990
v -28.9000 0.0500 -8.9000
v -29.0000 0.0500 -8.9000
v -29.0000 1.3000 -8.9000
v -28.9000 1.3000 -8.9000
f 28991 28992 28993 28994
v -29.0000 0.0500 -8.9000
v -29.0000 0.0500 -9.0000
v -29.0000 1.3000 -9.0000
v -29.0000 1.3000 -8.9000
f 28995 28996 28997 28998
v 29.0000 0.0500 -9.0000
v 29.0000 0.0500 -8.9000
v 29.1000 0.0500 -8.9000
v 29.1000 0.0500 -9.0000
f 28999 29000 29001 29002
v 29.0000 1.3000 -9.0000
v 29.1000 1.3000 -9.0000
v 29.1000 1.3000 -8.9000
v 29.0000 1.3000 -8.9000
f 29003 29004 29005 29006
v 29.0000 0.0500 -9.0000
v 29.1000 0.0500 -9.0000
v 29.1000 1.3000 -9.0000
v 29.0000 1.3000 -9.0000
f 29007 29008 29009 29010
v 29.1000 0.0500 -9.0000
v 29.1000 0.0500 -8.9000
v 29.1000 1.3000 -8.9000
v 29.1000 1.3000 -9.0000
f 29011 29012 29013 29014
v 29.1000 0.0500 -8.9000
v 29.0000 0.0500 -8.9000
v 29.0000 1.3000 -8.9000
v 29.1000 1.3000 -8.9000
f 29015 29016 29017 29018
v 29.0000 0.0500 -8.9000
v 29.0000 0.0500 -9.0000
v 29.0000 1.3000 -9.0000
v 29.0000 1.3000 -8.9000
f 29019 29020 29021 29022
v -29.0000 0.0500 -6.0000
v -29.0000 0.0500 -5.9000
v -28.9000 0.0500 -5.9000
v -28.9000 0.0500 -6.0000
f 29023 29024 29025 29026
v -29.0000 1.3000 -6.0000
v -28.9000 1.3000 -6.0000
v -28.9000 1.3000 -5.9000
v -29.0000 1.3000 -5.9000
f 29027 29028 29029 29030
v -29.0000 0.0500 -6.0000
v -28.9000 0.0500 -6.0000
v -28.9000 1.3000 -6.0000
v -29.0000 1.3000 -6.0000
f 29031 29032 29033 29034
v -28.9000 0.0500 -6.0000
v -28.9000 0.0500 -5.9000
v -28.9000 1.3000 -5.9000
v -28.9000 1.3000 -6.0000
f 29035 29036 29037 29038
v -28.9000 0.0500 -5.9000
v -29.0000 0.0500 -5.9000
v -29.0000 1.3000 -5.9000
v -28.9000 1.3000 -5.9000
f 29039 29040 29041 29042
v -29.0000 0.0500 -5.9000
v -29.0000 0.0500 -6.0000
v -29.0000 1.3000 -6.0000
v -29.0000 1.3000 -5.9000
f 29043 29044 29045 29046
v 29.0000 0.0500 -6.0000
v 29.0000 0.0500 -5.9000
v 29.1000 0.0500 -5.9000
v 29.1000 0.0500 -6.0000
f 29047 29048 29049 29050
v 29.0000 1.3000 -6.0000
v 29.1000 1.3000 -6.0000
v 29.1000 1.3000 -5.9000
v 29.0000 1.3000 -5.9000
f 29051 29052 29053 29054
v 29.0000 0.0500 -6.0000
v 29.1000 0.0500 -6.0000
v 29.1000 1.3000 -6.0000
v 29.0000 1.3000 -6.0000
f 29055 29056 29057 29058
v 29.1000 0.0500 -6.0000
v 29.1000 0.0500 -5.9000
v 29.1000 1.3000 -5.9000
v 29.1000 1.3000 -6.0000
f 29059 29060 29061 29062
v 29.1000 0.0500 -5.9000
v 29.0000 0.0500 -5.9000
v 29.0000 1.3000 -5.9000
v 29.1000 1.3000 -5.9000
f 29063 29064 29065 29066
v 29.0000 0.0500 -5.9000
v 29.0000 0.0500 -6.0000
v 29.0000 1.3000 -6.0000
v 29.0000 1.3000 -5.9000
f 29067 29068 29069 29070
v -29.0000 0.0500 -3.0000
v -29.0000 0.0500 -2.9000
v -28.9000 0.0500 -2.9000
v -28.9000 0.0500 -3.0000
f 29071 29072 29073 29074
v -29.0000 1.3000 -3.0000
v -28.9000 1.3000 -3.0000
v -28.9000 1.3000 -2.9000
v -29.0000 1.3000 -2.9000
f 29075 29076 29077 29078
v -29.0000 0.0500 -3.0000
v -28.9000 0.0500 -3.0000
v -28.9000 1.3000 -3.0000
v -29.0000 1.3000 -3.0000
f 29079 29080 29081 29082
v -28.9000 0.0500 -3.0000
v -28.9000 0.0500 -2.9000
v -28.9000 1.3000 -2.9000
v -28.9000 1.3000 -3.0000
f 29083 29084 29085 29086
v -28.9000 0.0500 -2.9000
v -29.0000 0.0500 -2.9000
v -29.0000 1.3000 -2.9000
v -28.9000 1.3000 -2.9000
f 29087 29088 29089 29090
v -29.0000 0.0500 -2.9000
v -29.0000 0.0500 -3.0000
v -29.0000 1.3000 -3.0000
v -29.0000 1.3000 -2.9000
f 29091 29092 29093 29094
v 29.0000 0.0500 -3.0000
v 29.0000 0.0500 -2.9000
v 29.1000 0.0500 -2.9000
v 29.1000 0.0500 -3.0000
f 29095 29096 29097 29098
v 29.0000 1.3000 -3.0000
v 29.1000 1.3000 -3.0000
v 29.1000 1.3000 -2.9000
v 29.0000 1.3000 -2.9000
f 29099 29100 29101 29102
v 29.0000 0.0500 -3.0000
v 29.1000 0.0500 -3.0000
v 29.1000 1.3000 -3.0000
v 29.0000 1.3000 -3.0000
f 29103 29104 29105 29106
v 29.1000 0.0500 -3.0000
v 29.1000 0.0500 -2.9000
v 29.1000 1.3000 -2.9000
v 29.1000 1.3000 -3.0000
f 29107 29108 29109 29110
v 29.1000 0.0500 -2.9000
v 29.0000 0.0500 -2.9000
v 29.0000 1.3000 -2.9000
v 29.1000 1.3000 -2.9000
f 29111 29112 29113 29114
v 29.0000 0.0500 -2.9000
v 29.0000 0.0500 -3.0000
v 29.0000 1.3000 -3.0000
v 29.0000 1.3000 -2.9000
f 29115 29116 29117 29118
v -29.0000 0.0500 0.0000
v -29.0000 0.0500 0.1000
v -28.9000 0.0500 0.1000
v -28.9000 0.0500 0.0000
f 29119 29120 29121 29122
v -29.0000 1.3000 0.0000
v -28.9000 1.3000 0.0000
v -28.9000 1.3000 0.1000
v -29.0000 1.3000 0.1000
f 29123 29124 29125 29126
v -29.0000 0.0500 0.0000
v -28.9000 0.0500 0.0000
v -28.9000 1.3000 0.0000
v -29.0000 1.3000 0.0000
f 29127 29128 29129 29130
v -28.9000 0.0500 0.0000
v -28.9000 0.0500 0.1000
v -28.9000 1.3000 0.1000
v -28.9000 1.3000 0.0000
f 29131 29132 29133 29134
v -28.9000 0.0500 0.1000
v -29.0000 0.0500 0.1000
v -29.0000 1.3000 0.1000
v -28.9000 1.3000 0.1000
f 29135 29136 29137 29138
v -29.0000 0.0500 0.1000
v -29.0000 0.0500 0.0000
v -29.0000 1.3000 0.0000
v -29.0000 1.3000 0.1000
f 29139 29140 29141 29142
v 29.0000 0.0500 0.0000
v 29.0000 0.0500 0.1000
v 29.1000 0.0500 0.1000
v 29.1000 0.0500 0.0000
f 29143 29144 29145 29146
v 29.0000 1.3000 0.0000
v 29.1000 1.3000 0.0000
v 29.1000 1.3000 0.1000
v 29.0000 1.3000 0.1000
f 29147 29148 29149 29150
v 29.0000 0.0500 0.0000
v 29.1000 0.0500 0.0000
v 29.1000 1.3000 0.0000
v 29.0000 1.3000 0.0000
f 29151 29152 29153 29154
v 29.1000 0.0500 0.0000
v 29.1000 0.0500 0.1000
v 29.1000 1.3000 0.1000
v 29.1000 1.3000 0.0000
f 29155 29156 29157 29158
v 29.1000 0.0500 0.1000
v 29.0000 0.0500 0.1000
v 29.0000 1.3000 0.1000
v 29.1000 1.3000 0.1000
f 29159 29160 29161 29162
v 29.0000 0.0500 0.1000
v 29.0000 0.0500 0.0000
v 29.0000 1.3000 0.0000
v 29.0000 1.3000 0.1000
f 29163 29164 29165 29166
v -29.0000 0.0500 3.0000
v -29.0000 0.0500 3.1000
v -28.9000 0.0500 3.1000
v -28.9000 0.0500 3.0000
f 29167 29168 29169 29170
v -29.0000 1.3000 3.0000
v -28.9000 1.3000 3.0000
v -28.9000 1.3000 3.1000
v -29.0000 1.3000 3.1000
f 29171 29172 29173 29174
v -29.0000 0.0500 3.0000
v -28.9000 0.0500 3.0000
v -28.9000 1.3000 3.0000
v -29.0000 1.3000 3.0000
f 29175 29176 29177 29178
v -28.9000 0.0500 3.0000
v -28.9000 0.0500 3.1000
v -28.9000 1.3000 3.1000
v -28.9000 1.3000 3.0000
f 29179 29180 29181 29182
v -28.9000 0.0500 3.1000
v -29.0000 0.0500 3.1000
v -29.0000 1.3000 3.1000
v -28.9000 1.3000 3.1000
f 29183 29184 29185 29186
v -29.0000 0.0500 3.1000
v -29.0000 0.0500 3.0000
v -29.0000 1.3000 3.0000
v -29.0000 1.3000 3.1000
f 29187 29188 29189 29190
v 29.0000 0.0500 3.0000
v 29.0000 0.0500 3.1000
v 29.1000 0.0500 3.1000
v 29.1000 0.0500 3.0000
f 29191 29192 29193 29194
v 29.0000 1.3000 3.0000
v 29.1000 1.3000 3.0000
v 29.1000 1.3000 3.1000
v 29.0000 1.3000 3.1000
f 29195 29196 29197 29198
v 29.0000 0.0500 3.0000
v 29.1000 0.0500 3.0000
v 29.1000 1.3000 3.0000
v 29.0000 1.3000 3.0000
f 29199 29200 29201 29202
v 29.1000 0.0500 3.0000
v 29.1000 0.0500 3.1000
v 29.1000 1.3000 3.1000
v 29.1000 1.3000 3.0000
f 29203 29204 29205 29206
v 29.1000 0.0500 3.1000
v 29.0000 0.0500 3.1000
v 29.0000 1.3000 3.1000
v 29.1000 1.3000 3.1000
f 29207 29208 29209 29210
v 29.0000 0.0500 3.1000
v 29.0000 0.0500 3.0000
v 29.0000 1.3000 3.0000
v 29.0000 1.3000 3.1000
f 29211 29212 29213 29214
v -29.0000 0.0500 6.0000
v -29.0000 0.0500 6.1000
v -28.9000 0.0500 6.1000
v -28.9000 0.0500 6.0000
f 29215 29216 29217 29218
v -29.0000 1.3000 6.0000
v -28.9000 1.3000 6.0000
v -28.9000 1.3000 6.1000
v -29.0000 1.3000 6.1000
f 29219 29220 29221 29222
v -29.0000 0.0500 6.0000
v -28.9000 0.0500 6.0000
v -28.9000 1.3000 6.0000
v -29.0000 1.3000 6.0000
f 29223 29224 29225 29226
v -28.9000 0.0500 6.0000
v -28.9000 0.0500 6.1000
v -28.9000 1.3000 6.1000
v -28.9000 1.3000 6.0000
f 29227 29228 29229 29230
v -28.9000 0.0500 6.1000
v -29.0000 0.0500 6.1000
v -29.0000 1.3000 6.1000
v -28.9000 1.3000 6.1000
f 29231 29232 29233 29234
v -29.0000 0.0500 6.1000
v -29.0000 0.0500 6.0000
v -29.0000 1.3000 6.0000
v -29.0000 1.3000 6.1000
f 29235 29236 29237 29238
v 29.0000 0.0500 6.0000
v 29.0000 0.0500 6.1000
v 29.1000 0.0500 6.1000
v 29.1000 0.0500 6.0000
f 29239 29240 29241 29242
v 29.0000 1.3000 6.0000
v 29.1000 1.3000 6.0000
v 29.1000 1.3000 6.1000
v 29.0000 1.3000 6.1000
f 29243 29244 29245 29246
v 29.0000 0.0500 6.0000
v 29.1000 0.0500 6.0000
v 29.1000 1.3000 6.0000
v 29.0000 1.3000 6.0000
f 29247 29248 29249 29250
v 29.1000 0.0500 6.0000
v 29.1000 0.0500 6.1000
v 29.1000 1.3000 6.1000
v 29.1000 1.3000 6.0000
f 29251 29252 29253 29254
v 29.1000 0.0500 6.1000
v 29.0000 0.0500 6.1000
v 29.0000 1.3000 6.1000
v 29.1000 1.3000 6.1000
f 29255 29256 29257 29258
v 29.0000 0.0500 6.1000
v 29.0000 0.0500 6.0000
v 29.0000 1.3000 6.0000
v 29.0000 1.3000 6.1000
f 29259 29260 29261 29262
v -29.0000 0.0500 9.0000
v -29.0000 0.0500 9.1000
v -28.9000 0.0500 9.1000
v -28.9000 0.0500 9.0000
f 29263 29264 29265 29266
v -29.0000 1.3000 9.0000
v -28.9000 1.3000 9.0000
v -28.9000 1.3000 9.1000
v -29.0000 1.3000 9.1000
f 29267 29268 29269 29270
v -29.0000 0.0500 9.0000
v -28.9000 0.0500 9.0000
v -28.9000 1.3000 9.0000
v -29.0000 1.3000 9.0000
f 29271 29272 29273 29274
v -28.9000 0.0500 9.0000
v -28.9000 0.0500 9.1000
v -28.9000 1.3000 9.1000
v -28.9000 1.3000 9.0000
f 29275 29276 29277 29278
v -28.9000 0.0500 9.1000
v -29.0000 0.0500 9.1000
v -29.0000 1.3000 9.1000
v -28.9000 1.3000 9.1000
f 29279 29280 29281 29282
v -29.0000 0.0500 9.1000
v -29.0000 0.0500 9.0000
v -29.0000 1.3000 9.0000
v -29.0000 1.3000 9.1000
f 29283 29284 29285 29286
v 29.0000 0.0500 9.0000
v 29.0000 0.0500 9.1000
v 29.1000 0.0500 9.1000
v 29.1000 0.0500 9.0000
f 29287 29288 29289 29290
v 29.0000 1.3000 9.0000
v 29.1000 1.3000 9.0000
v 29.1000 1.3000 9.1000
v 29.0000 1.3000 9.1000
f 29291 29292 29293 29294
v 29.0000 0.0500 9.0000
v 29.1000 0.0500 9.0000
v 29.1000 1.3000 9.0000
v 29.0000 1.3000 9.0000
f 29295 29296 29297 29298
v 29.1000 0.0500 9.0000
v 29.1000 0.0500 9.1000
v 29.1000 1.3000 9.1000
v 29.1000 1.3000 9.0000
f 29299 29300 29301 29302
v 29.1000 0.0500 9.1000
v 29.0000 0.0500 9.1000
v 29.0000 1.3000 9.1000
v 29.1000 1.3000 9.1000
f 29303 29304 29305 29306
v 29.0000 0.0500 9.1000
v 29.0000 0.0500 9.0000
v 29.0000 1.3000 9.0000
v 29.0000 1.3000 9.1000
f 29307 29308 29309 29310
v -29.0000 0.0500 12.0000
v -29.0000 0.0500 12.1000
v -28.9000 0.0500 12.1000
v -28.9000 0.0500 12.0000
f 29311 29312 29313 29314
v -29.0000 1.3000 12.0000
v -28.9000 1.3000 12.0000
v -28.9000 1.3000 12.1000
v -29.0000 1.3000 12.1000
f 29315 29316 29317 29318
v -29.0000 0.0500 12.0000
v -28.9000 0.0500 12.0000
v -28.9000 1.3000 12.0000
v -29.0000 1.3000 12.0000
f 29319 29320 29321 29322
v -28.9000 0.0500 12.0000
v -28.9000 0.0500 12.1000
v -28.9000 1.3000 12.1000
v -28.9000 1.3000 12.0000
f 29323 29324 29325 29326
v -28.9000 0.0500 12.1000
v -29.0000 0.0500 12.1000
v -29.0000 1.3000 12.1000
v -28.9000 1.3000 12.1000
f 29327 29328 29329 29330
v -29.0000 0.0500 12.1000
v -29.0000 0.0500 12.0000
v -29.0000 1.3000 12.0000
v -29.0000 1.3000 12.1000
f 29331 29332 29333 29334
v 29.0000 0.0500 12.0000
v 29.0000 0.0500 12.1000
v 29.1000 0.0500 12.1000
v 29.1000 0.0500 12.0000
f 29335 29336 29337 29338
v 29.0000 1.3000 12.0000
v 29.1000 1.3000 12.0000
v 29.1000 1.3000 12.1000
v 29.0000 1.3000 12.1000
f 29339 29340 29341 29342
v 29.0000 0.0500 12.0000
v 29.1000 0.0500 12.0000
v 29.1000 1.3000 12.0000
v 29.0000 1.3000 12.0000
f 29343 29344 29345 29346
v 29.1000 0.0500 12.0000
v 29.1000 0.0500 12.1000
v 29.1000 1.3000 12.1000
v 29.1000 1.3000 12.0000
f 29347 29348 29349 29350
v 29.1000 0.0500 12.1000
v 29.0000 0.0500 12.1000
v 29.0000 1.3000 12.1000
v 29.1000 1.3000 12.1000
f 29351 29352 29353 29354
v 29.0000 0.0500 12.1000
v 29.0000 0.0500 12.0000
v 29.0000 1.3000 12.0000
v 29.0000 1.3000 12.1000
f 29355 29356 29357 29358
v -29.0000 0.0500 15.0000
v -29.0000 0.0500 15.1000
v -28.9000 0.0500 15.1000
v -28.9000 0.0500 15.0000
f 29359 29360 29361 29362
v -29.0000 1.3000 15.0000
v -28.9000 1.3000 15.0000
v -28.9000 1.3000 15.1000
v -29.0000 1.3000 15.1000
f 29363 29364 29365 29366
v -29.0000 0.0500 15.0000
v -28.9000 0.0500 15.0000
v -28.9000 1.3000 15.0000
v -29.0000 1.3000 15.0000
f 29367 29368 29369 29370
v -28.9000 0.0500 15.0000
v -28.9000 0.0500 15.1000
v -28.9000 1.3000 15.1000
v -28.9000 1.3000 15.0000
f 29371 29372 29373 29374
v -28.9000 0.0500 15.1000
v -29.0000 0.0500 15.1000
v -29.0000 1.3000 15.1000
v -28.9000 1.3000 15.1000
f 29375 29376 29377 29378
v -29.0000 0.0500 15.1000
v -29.0000 0.0500 15.0000
v -29.0000 1.3000 15.0000
v -29.0000 1.3000 15.1000
f 29379 29380 29381 29382
v 29.0000 0.0500 15.0000
v 29.0000 0.0500 15.1000
v 29.1000 0.0500 15.1000
v 29.1000 0.0500 15.0000
f 29383 29384 29385 29386
v 29.0000 1.3000 15.0000
v 29.1000 1.3000 15.0000
v 29.1000 1.3000 15.1000
v 29.0000 1.3000 15.1000
f 29387 29388 29389 29390
v 29.0000 0.0500 15.0000
v 29.1000 0.0500 15.0000
v 29.1000 1.3000 15.0000
v 29.0000 1.3000 15.0000
f 29391 29392 29393 29394
v 29.1000 0.0500 15.0000
v 29.1000 0.0500 15.1000
v 29.1000 1.3000 15.1000
v 29.1000 1.3000 15.0000
f 29395 29396 29397 29398
v 29.1000 0.0500 15.1000
v 29.0000 0.0500 15.1000
v 29.0000 1.3000 15.1000
v 29.1000 1.3000 15.1000
f 29399 29400 29401 29402
v 29.0000 0.0500 15.1000
v 29.0000 0.0500 15.0000
v 29.0000 1.3000 15.0000
v 29.0000 1.3000 15.1000
f 29403 29404 29405 29406
v -29.0000 0.0500 18.0000
v -29.0000 0.0500 18.1000
v -28.9000 0.0500 18.1000
v -28.9000 0.0500 18.0000
f 29407 29408 29409 29410
v -29.0000 1.3000 18.0000
v -28.9000 1.3000 18.0000
v -28.9000 1.3000 18.1000
v -29.0000 1.3000 18.1000
f 29411 29412 29413 29414
v -29.0000 0.0500 18.0000
v -28.9000 0.0500 18.0000
v -28.9000 1.3000 18.0000
v -29.0000 1.3000 18.0000
f 29415 29416 29417 29418
v -28.9000 0.0500 18.0000
v -28.9000 0.0500 18.1000
v -28.9000 1.3000 18.1000
v -28.9000 1.3000 18.0000
f 29419 29420 29421 29422
v -28.9000 0.0500 18.1000
v -29.0000 0.0500 18.1000
v -29.0000 1.3000 18.1000
v -28.9000 1.3000 18.1000
f 29423 29424 29425 29426
v -29.0000 0.0500 18.1000
v -29.0000 0.0500 18.0000
v -29.0000 1.3000 18.0000
v -29.0000 1.3000 18.1000
f 29427 29428 29429 29430
v 29.0000 0.0500 18.0000
v 29.0000 0.0500 18.1000
v 29.1000 0.0500 18.1000
v 29.1000 0.0500 18.0000
f 29431 29432 29433 29434
v 29.0000 1.3000 18.0000
v 29.1000 1.3000 18.0000
v 29.1000 1.3000 18.1000
v 29.0000 1.3000 18.1000
f 29435 29436 29437 29438
v 29.0000 0.0500 18.0000
v 29.1000 0.0500 18.0000
v 29.1000 1.3000 18.0000
v 29.0000 1.3000 18.0000
f 29439 29440 29441 29442
v 29.1000 0.0500 18.0000
v 29.1000 0.0500 18.1000
v 29.1000 1.3000 18.1000
v 29.1000 1.3000 18.0000
f 29443 29444 29445 29446
v 29.1000 0.0500 18.1000
v 29.0000 0.0500 18.1000
v 29.0000 1.3000 18.1000
v 29.1000 1.3000 18.1000
f 29447 29448 29449 29450
v 29.0000 0.0500 18.1000
v 29.0000 0.0500 18.0000
v 29.0000 1.3000 18.0000
v 29.0000 1.3000 18.1000
f 29451 29452 29453 29454
v -29.0000 0.0500 21.0000
v -29.0000 0.0500 21.1000
v -28.9000 0.0500 21.1000
v -28.9000 0.0500 21.0000
f 29455 29456 29457 29458
v -29.0000 1.3000 21.0000
v -28.9000 1.3000 21.0000
v -28.9000 1.3000 21.1000
v -29.0000 1.3000 21.1000
f 29459 29460 29461 29462
v -29.0000 0.0500 21.0000
v -28.9000 0.0500 21.0000
v -28.9000 1.3000 21.0000
v -29.0000 1.3000 21.0000
f 29463 29464 29465 29466
v -28.9000 0.0500 21.0000
v -28.9000 0.0500 21.1000
v -28.9000 1.3000 21.1000
v -28.9000 1.3000 21.0000
f 29467 29468 29469 29470
v -28.9000 0.0500 21.1000
v -29.0000 0.0500 21.1000
v -29.0000 1.3000 21.1000
v -28.9000 1.3000 21.1000
f 29471 29472 29473 29474
v -29.0000 0.0500 21.1000
v -29.0000 0.0500 21.0000
v -29.0000 1.3000 21.0000
v -29.0000 1.3000 21.1000
f 29475 29476 29477 29478
v 29.0000 0.0500 21.0000
v 29.0000 0.0500 21.1000
v 29.1000 0.0500 21.1000
v 29.1000 0.0500 21.0000
f 29479 29480 29481 29482
v 29.0000 1.3000 21.0000
v 29.1000 1.3000 21.0000
v 29.1000 1.3000 21.1000
v 29.0000 1.3000 21.1000
f 29483 29484 29485 29486
v 29.0000 0.0500 21.0000
v 29.1000 0.0500 21.0000
v 29.1000 1.3000 21.0000
v 29.0000 1.3000 21.0000
f 29487 29488 29489 29490
v 29.1000 0.0500 21.0000
v 29.1000 0.0500 21.1000
v 29.1000 1.3000 21.1000
v 29.1000 1.3000 21.0000
f 29491 29492 29493 29494
v 29.1000 0.0500 21.1000
v 29.0000 0.0500 21.1000
v 29.0000 1.3000 21.1000
v 29.1000 1.3000 21.1000
f 29495 29496 29497 29498
v 29.0000 0.0500 21.1000
v 29.0000 0.0500 21.0000
v 29.0000 1.3000 21.0000
v 29.0000 1.3000 21.1000
f 29499 29500 29501 29502
v -29.0000 0.0500 24.0000
v -29.0000 0.0500 24.1000
v -28.9000 0.0500 24.1000
v -28.9000 0.0500 24.0000
f 29503 29504 29505 29506
v -29.0000 1.3000 24.0000
v -28.9000 1.3000 24.0000
v -28.9000 1.3000 24.1000
v -29.0000 1.3000 24.1000
f 29507 29508 29509 29510
v -29.0000 0.0500 24.0000
v -28.9000 0.0500 24.0000
v -28.9000 1.3000 24.0000
v -29.0000 1.3000 24.0000
f 29511 29512 29513 29514
v -28.9000 0.0500 24.0000
v -28.9000 0.0500 24.1000
v -28.9000 1.3000 24.1000
v -28.9000 1.3000 24.0000
f 29515 29516 29517 29518
v -28.9000 0.0500 24.1000
v -29.0000 0.0500 24.1000
v -29.0000 1.3000 24.1000
v -28.9000 1.3000 24.1000
f 29519 29520 29521 29522
v -29.0000 0.0500 24.1000
v -29.0000 0.0500 24.0000
v -29.0000 1.3000 24.0000
v -29.0000 1.3000 24.1000
f 29523 29524 29525 29526
v 29.0000 0.0500 24.0000
v 29.0000 0.0500 24.1000
v 29.1000 0.0500 24.1000
v 29.1000 0.0500 24.0000
f 29527 29528 29529 29530
v 29.0000 1.3000 24.0000
v 29.1000 1.3000 24.0000
v 29.1000 1.3000 24.1000
v 29.0000 1.3000 24.1000
f 29531 29532 29533 29534
v 29.0000 0.0500 24.0000
v 29.1000 0.0500 24.0000
v 29.1000 1.3000 24.0000
v 29.0000 1.3000 24.0000
f 29535 29536 29537 29538
v 29.1000 0.0500 24.0000
v 29.1000 0.0500 24.1000
v 29.1000 1.3000 24.1000
v 29.1000 1.3000 24.0000
f 29539 29540 29541 29542
v 29.1000 0.0500 24.1000
v 29.0000 0.0500 24.1000
v 29.0000 1.3000 24.1000
v 29.1000 1.3000 24.1000
f 29543 29544 29545 29546
v 29.0000 0.0500 24.1000
v 29.0000 0.0500 24.0000
v 29.0000 1.3000 24.0000
v 29.0000 1.3000 24.1000
f 29547 29548 29549 29550
v -29.0000 0.0500 27.0000
v -29.0000 0.0500 27.1000
v -28.9000 0.0500 27.1000
v -28.9000 0.0500 27.0000
f 29551 29552 29553 29554
v -29.0000 1.3000 27.0000
v -28.9000 1.3000 27.0000
v -28.9000 1.3000 27.1000
v -29.0000 1.3000 27.1000
f 29555 29556 29557 29558
v -29.0000 0.0500 27.0000
v -28.9000 0.0500 27.0000
v -28.9000 1.3000 27.0000
v -29.0000 1.3000 27.0000
f 29559 29560 29561 29562
v -28.9000 0.0500 27.0000
v -28.9000 0.0500 27.1000
v -28.9000 1.3000 27.1000
v -28.9000 1.3000 27.0000
f 29563 29564 29565 29566
v -28.9000 0.0500 27.1000
v -29.0000 0.0500 27.1000
v -29.0000 1.3000 27.1000
v -28.9000 1.3000 27.1000
f 29567 29568 29569 29570
v -29.0000 0.0500 27.1000
v -29.0000 0.0500 27.0000
v -29.0000 1.3000 27.0000
v -29.0000 1.3000 27.1000
f 29571 29572 29573 29574
v 29.0000 0.0500 27.0000
v 29.0000 0.0500 27.1000
v 29.1000 0.0500 27.1000
v 29.1000 0.0500 27.0000
f 29575 29576 29577 29578
v 29.0000 1.3000 27.0000
v 29.1000 1.3000 27.0000
v 29.1000 1.3000 27.1000
v 29.0000 1.3000 27.1000
f 29579 29580 29581 29582
v 29.0000 0.0500 27.0000
v 29.1000 0.0500 27.0000
v 29.1000 1.3000 27.0000
v 29.0000 1.3000 27.0000
f 29583 29584 29585 29586
v 29.1000 0.0500 27.0000
v 29.1000 0.0500 27.1000
v 29.1000 1.3000 27.1000
v 29.1000 1.3000 27.0000
f 29587 29588 29589 29590
v 29.1000 0.0500 27.1000
v 29.0000 0.0500 27.1000
v 29.0000 1.3000 27.1000
v 29.1000 1.3000 27.1000
f 29591 29592 29593 29594
v 29.0000 0.0500 27.1000
v 29.0000 0.0500 27.0000
v 29.0000 1.3000 27.0000
v 29.0000 1.3000 27.1000
f 29595 29596 29597 29598
v -29.0000 0.0500 30.0000
v -29.0000 0.0500 30.1000
v -28.9000 0.0500 30.1000
v -28.9000 0.0500 30.0000
f 29599 29600 29601 29602
v -29.0000 1.3000 30.0000
v -28.9000 1.3000 30.0000
v -28.9000 1.3000 30.1000
v -29.0000 1.3000 30.1000
f 29603 29604 29605 29606
v -29.0000 0.0500 30.0000
v -28.9000 0.0500 30.0000
v -28.9000 1.3000 30.0000
v -29.0000 1.3000 30.0000
f 29607 29608 29609 29610
v -28.9000 0.0500 30.0000
v -28.9000 0.0500 30.1000
v -28.9000 1.3000 30.1000
v -28.9000 1.3000 30.0000
f 29611 29612 29613 29614
v -28.9000 0.0500 30.1000
v -29.0000 0.0500 30.1000
v -29.0000 1.3000 30.1000
v -28.9000 1.3000 30.1000
f 29615 29616 29617 29618
v -29.0000 0.0500 30.1000
v -29.0000 0.0500 30.0000
v -29.0000 1.3000 30.0000
v -29.0000 1.3000 30.1000
f 29619 29620 29621 29622
v 29.0000 0.0500 30.0000
v 29.0000 0.0500 30.1000
v 29.1000 0.0500 30.1000
v 29.1000 0.0500 30.0000
f 29623 29624 29625 29626
v 29.0000 1.3000 30.0000
v 29.1000 1.3000 30.0000
v 29.1000 1.3000 30.1000
v 29.0000 1.3000 30.1000
f 29627 29628 29629 29630
v 29.0000 0.0500 30.0000
v 29.1000 0.0500 30.0000
v 29.1000 1.3000 30.0000
v 29.0000 1.3000 30.0000
f 29631 29632 29633 29634
v 29.1000 0.0500 30.0000
v 29.1000 0.0500 30.1000
v 29.1000 1.3000 30.1000
v 29.1000 1.3000 30.0000
f 29635 29636 29637 29638
v 29.1000 0.0500 30.1000
v 29.0000 0.0500 30.1000
v 29.0000 1.3000 30.1000
v 29.1000 1.3000 30.1000
f 29639 29640 29641 29642
v 29.0000 0.0500 30.1000
v 29.0000 0.0500 30.0000
v 29.0000 1.3000 30.0000
v 29.0000 1.3000 30.1000
f 29643 29644 29645 29646